1403636579.963556 -0.000000386 0.000000007 0.000000102 -0.000000001 -0.000000004 0.000000001 1.000000000
1403636580.013556 -0.024316143 -0.000404977 0.007862283 -0.000084047 -0.005020319 0.001490037 0.999986291
1403636580.063555 -0.050556418 -0.000971933 0.016171182 -0.000510564 -0.008495323 0.002255140 0.999961257
1403636580.113555 -0.075618193 -0.001045221 0.024204938 0.000008399 -0.011089457 0.004709735 0.999927461
1403636580.163556 -0.100426450 -0.001412712 0.031415723 0.000278781 -0.012838663 0.005912036 0.999900103
1403636580.213556 -0.123419762 -0.001424826 0.037581652 0.000863575 -0.015017714 0.006204906 0.999867618
1403636580.263556 -0.144487768 -0.001878303 0.043625284 0.000895577 -0.017641665 0.005450601 0.999829173
1403636580.313555 -0.164558381 -0.002668677 0.049552269 0.000437422 -0.021502642 0.002898370 0.999764502
1403636580.363556 -0.182472557 -0.003536120 0.051933169 0.001655343 -0.027222279 0.002517249 0.999624908
1403636580.413555 -0.198482439 -0.004879796 0.054215360 0.000917406 -0.034726340 0.000322323 0.999396443
1403636580.463556 -0.209282607 -0.004715643 0.056303773 0.002146542 -0.043747731 0.001163401 0.999039710
1403636580.513556 -0.215821385 -0.005235191 0.057500225 0.002348925 -0.052172009 0.001384004 0.998634517
1403636580.563555 -0.214151934 -0.006228695 0.055594929 0.003067114 -0.058955926 0.002068784 0.998253822
1403636580.613555 -0.204649329 -0.007237396 0.052717302 0.004519314 -0.061473593 0.002700694 0.998094916
1403636580.663556 -0.186713845 -0.008382129 0.047574319 0.004776509 -0.060369376 0.002237886 0.998162270
1403636580.713556 -0.162374765 -0.009410632 0.041205976 0.003603966 -0.056150153 0.001352777 0.998414993
1403636580.763556 -0.130702764 -0.010440952 0.031853296 0.001236749 -0.051007923 -0.002323192 0.998694897
1403636580.813555 -0.095847249 -0.010469801 0.024811313 -0.001990397 -0.044470850 -0.005534345 0.998993456
1403636580.863556 -0.057073463 -0.011686974 0.015636934 -0.007160753 -0.037189487 -0.008783611 0.999243975
1403636580.913555 -0.017654376 -0.012833875 0.005093576 -0.012571919 -0.029620124 -0.012960974 0.999398172
1403636580.963556 0.020183004 -0.015166443 -0.004108609 -0.014498980 -0.021986403 -0.014832456 0.999543071
1403636581.013556 0.055243284 -0.017240671 -0.012693502 -0.014654478 -0.014974618 -0.016124140 0.999650419
1403636581.063555 0.088651225 -0.019135907 -0.021508656 -0.013686175 -0.008210246 -0.015462601 0.999753058
1403636581.113555 0.119826369 -0.021020755 -0.029586853 -0.014226237 -0.001663576 -0.014966689 0.999785364
1403636581.163556 0.145639509 -0.021229347 -0.036170620 -0.014520639 0.006559721 -0.011907163 0.999802113
1403636581.213556 0.167634100 -0.021736367 -0.047323748 -0.014849010 0.014688782 -0.009901341 0.999732792
1403636581.263556 0.191495150 -0.023458727 -0.053607125 -0.014954359 0.023600768 -0.007915902 0.999578238
1403636581.313555 0.202776745 -0.018017683 -0.065200597 -0.014277748 0.031204658 -0.008856080 0.999371767
1403636581.363556 0.212659180 -0.018594006 -0.070943631 -0.014788843 0.036326192 -0.009126525 0.999188840
1403636581.413555 0.210535184 -0.015476971 -0.065016948 -0.016775604 0.037721623 -0.010916744 0.999087811
1403636581.463556 0.209966168 -0.018337654 -0.065338738 -0.018413741 0.034824193 -0.014156835 0.999123454
1403636581.513556 0.194382876 -0.016826825 -0.061998017 -0.019739341 0.029413972 -0.016742039 0.999232113
1403636581.563555 0.172221854 -0.015221446 -0.055710897 -0.020499174 0.023261376 -0.015343063 0.999401391
1403636581.613555 0.145069554 -0.013826706 -0.047400877 -0.019667888 0.016778758 -0.014102038 0.999566257
1403636581.663556 0.118804917 -0.011979686 -0.036129255 -0.019072341 0.011509898 -0.011751016 0.999682724
1403636581.713556 0.091861904 -0.011660449 -0.028567767 -0.018726936 0.007598211 -0.013032915 0.999710798
1403636581.763556 0.060587179 -0.008778260 -0.018458648 -0.017236341 0.005915533 -0.011452338 0.999768317
1403636581.813555 0.019348456 -0.002510157 -0.004958269 -0.013960181 0.005055719 -0.011609240 0.999822319
1403636581.863556 -0.013502282 -0.000659429 0.003414926 -0.012942513 0.002705098 -0.011108964 0.999850869
1403636581.913555 -0.045929570 0.000127695 0.012016902 -0.011309481 -0.002024163 -0.008894110 0.999894440
1403636581.963556 -0.077772804 0.001462657 0.019882815 -0.013447186 -0.008738859 -0.007341833 0.999844372
1403636582.013556 -0.107278809 0.001856669 0.028201457 -0.015562609 -0.016694514 -0.005713321 0.999723136
1403636582.063555 -0.133227333 0.002364099 0.035451196 -0.017295200 -0.025289409 -0.005718558 0.999514163
1403636582.113555 -0.154352769 0.001815370 0.039994840 -0.017047156 -0.034057379 -0.006084215 0.999255896
1403636582.163556 -0.169602156 0.000089287 0.042207446 -0.015331307 -0.041385807 -0.005300719 0.999011517
1403636582.213556 -0.178621069 0.000443761 0.045755893 -0.013590473 -0.047090735 -0.005910284 0.998780608
1403636582.263556 -0.179633275 -0.001509955 0.045141272 -0.012448789 -0.050472170 -0.005819286 0.998630881
1403636582.313555 -0.168008313 -0.003572579 0.041041661 -0.011118324 -0.051771443 -0.005934767 0.998579383
1403636582.363556 -0.150185525 -0.006299901 0.038150825 -0.010314866 -0.048960619 -0.005146713 0.998734117
1403636582.413555 -0.126195639 -0.008341541 0.031504788 -0.009691095 -0.042852260 -0.005115805 0.999021292
1403636582.463556 -0.100446261 -0.010226527 0.024503240 -0.009496597 -0.034530301 -0.005325449 0.999344349
1403636582.513556 -0.070267454 -0.011834205 0.016350666 -0.010784890 -0.028218649 -0.007237068 0.999517381
1403636582.563555 -0.037746023 -0.013563312 0.007189990 -0.012493847 -0.023139494 -0.007812565 0.999623656
1403636582.613555 -0.004199024 -0.015093247 -0.003028361 -0.015625587 -0.020373151 -0.010470116 0.999615490
1403636582.663556 0.028073154 -0.015518474 -0.012764861 -0.018200075 -0.017944548 -0.010565413 0.999617457
1403636582.713556 0.059830688 -0.015363862 -0.021704769 -0.019369366 -0.015621636 -0.009940665 0.999640882
1403636582.763556 0.092347622 -0.015864443 -0.031477600 -0.021610746 -0.012260346 -0.008140068 0.999658108
1403636582.813555 0.124052688 -0.015346185 -0.041553028 -0.024842605 -0.007311615 -0.005818706 0.999647677
1403636582.863556 0.155429989 -0.014343100 -0.049216639 -0.029342353 -0.000569638 -0.003646125 0.999562562
1403636582.913555 0.184995204 -0.012090392 -0.057118084 -0.032319274 0.007734701 -0.001129242 0.999446988
1403636582.963556 0.209524095 -0.008276838 -0.064651541 -0.033652779 0.016615521 -0.000320208 0.999295354
1403636583.013556 0.227982134 -0.007188749 -0.071434222 -0.035292991 0.025108756 -0.000234264 0.999061406
1403636583.063555 0.239748582 -0.006134578 -0.078101836 -0.035183288 0.030377064 -0.001676149 0.998917580
1403636583.113555 0.245391592 -0.006033416 -0.080433324 -0.036106795 0.032654088 -0.002504510 0.998811066
1403636583.163556 0.242806837 -0.005045602 -0.079163186 -0.038175404 0.032764528 -0.004704212 0.998722613
1403636583.213556 0.232318282 -0.003646604 -0.074702926 -0.038763199 0.031474762 -0.006725497 0.998729885
1403636583.263556 0.215793878 -0.001928124 -0.069921702 -0.037782844 0.029483387 -0.007437431 0.998823166
1403636583.313555 0.195202380 -0.002325449 -0.063248314 -0.037147913 0.027504893 -0.007794075 0.998900712
1403636583.363556 0.169656843 0.000644804 -0.052849256 -0.036230173 0.025070161 -0.008147540 0.998995662
1403636583.413555 0.140169606 0.004038425 -0.041864183 -0.033846013 0.022918124 -0.007382724 0.999136925
1403636583.463556 0.109093770 0.005045339 -0.030789608 -0.031730954 0.019173196 -0.008938204 0.999272525
1403636583.513556 0.077130273 0.007123450 -0.020559179 -0.030206487 0.015809326 -0.009345612 0.999374926
1403636583.563555 0.043139622 0.010084120 -0.009121837 -0.029956602 0.011441372 -0.011297827 0.999421835
1403636583.613555 0.009607118 0.012748367 0.001769347 -0.032485195 0.005751031 -0.013021111 0.999370873
1403636583.663556 -0.023542587 0.014304282 0.010901093 -0.029446634 -0.002684751 -0.010999094 0.999502242
1403636583.713556 -0.056745280 0.013239531 0.019375626 -0.028228542 -0.012965993 -0.007807716 0.999486864
1403636583.763556 -0.087441273 0.014793688 0.029099485 -0.026110895 -0.024112580 -0.003255744 0.999362886
1403636583.813555 -0.115317822 0.015809428 0.036304779 -0.025802577 -0.034083392 -0.000361026 0.999085784
1403636583.863556 -0.137814537 0.016115034 0.041590199 -0.026144473 -0.042233136 -0.000059276 0.998765588
1403636583.913555 -0.158530980 0.017360244 0.046356354 -0.026406141 -0.047533449 -0.002323971 0.998517811
1403636583.963556 -0.175116494 0.017590085 0.050268985 -0.024795529 -0.050571460 -0.005720841 0.998396218
1403636584.013556 -0.186360538 0.016398823 0.051509369 -0.021904256 -0.052027740 -0.007241553 0.998379111
1403636584.063555 -0.191277534 0.015014064 0.051123474 -0.018249504 -0.052160859 -0.008494753 0.998435795
1403636584.113555 -0.188946649 0.013322581 0.050335381 -0.015314492 -0.052165568 -0.008129165 0.998487890
1403636584.163556 -0.178955913 0.012082038 0.048051290 -0.013214619 -0.052389842 -0.008397507 0.998503923
1403636584.213556 -0.162267193 0.010938455 0.043877803 -0.012471176 -0.052176706 -0.009133459 0.998518229
1403636584.263556 -0.139594153 0.009260635 0.038268484 -0.012533940 -0.050828345 -0.009746614 0.998581171
1403636584.313555 -0.116692089 0.007625133 0.033186622 -0.012627688 -0.048124544 -0.009330414 0.998717904
1403636584.363556 -0.084656678 0.006116939 0.025215022 -0.014013849 -0.046996761 -0.011233629 0.998733521
1403636584.413555 -0.051771507 0.006025020 0.018083168 -0.017590838 -0.045004904 -0.013973975 0.998734057
1403636584.463556 -0.017228648 0.005959059 0.010617141 -0.020603396 -0.041610539 -0.016987693 0.998777151
1403636584.513556 0.017733220 0.004916442 0.002931292 -0.022519829 -0.036495108 -0.017985567 0.998918295
1403636584.563555 0.055283487 0.004189740 -0.004885904 -0.024179306 -0.029761136 -0.017315809 0.999114633
1403636584.613555 0.092222579 0.003136080 -0.012970009 -0.026671100 -0.020963518 -0.016571311 0.999287188
1403636584.663556 0.128058806 0.002060391 -0.022323705 -0.030576553 -0.010529127 -0.015677826 0.999353945
1403636584.713556 0.161620185 0.000731319 -0.031420205 -0.033652548 0.000443889 -0.015622760 0.999311388
1403636584.763556 0.192234829 -0.000960905 -0.039907388 -0.037523519 0.010371448 -0.015151319 0.999126911
1403636584.813555 0.219774291 -0.002463192 -0.048904620 -0.039203040 0.018689577 -0.015155860 0.998941362
1403636584.863556 0.242410526 -0.004096123 -0.057193145 -0.040030438 0.025547709 -0.012834702 0.998789251
1403636584.913555 0.259747833 -0.005885207 -0.064139940 -0.039472178 0.030285813 -0.011316734 0.998697400
1403636584.963556 0.267684072 -0.004736817 -0.066848770 -0.040019065 0.033452731 -0.007852280 0.998608053
1403636585.013556 0.271578491 -0.005269785 -0.067892484 -0.041800126 0.033147778 -0.006534343 0.998554766
1403636585.063555 0.268265486 -0.005420581 -0.066297174 -0.043552376 0.031500015 -0.005240670 0.998540819
1403636585.113555 0.258913040 -0.005235013 -0.062195707 -0.043795582 0.029171789 -0.004757262 0.998603404
1403636585.163556 0.243709758 -0.004288416 -0.056149222 -0.046273891 0.026363978 -0.004041946 0.998572826
1403636585.213556 0.224289805 -0.002449680 -0.048440218 -0.049109302 0.023172179 -0.004406623 0.998515010
1403636585.263556 0.201822564 0.000333593 -0.039697394 -0.052329250 0.019760979 -0.007591291 0.998405695
1403636585.313555 0.177623436 0.003565940 -0.030645221 -0.054806799 0.016789805 -0.010354680 0.998302341
1403636585.363556 0.152084038 0.006843503 -0.021684404 -0.056105759 0.013485183 -0.014905035 0.998222709
1403636585.413555 0.126601413 0.009962367 -0.012841148 -0.056574788 0.009803182 -0.017012799 0.998205423
1403636585.463556 0.100141972 0.013734874 -0.001775780 -0.053491704 0.004911484 -0.018725280 0.998380840
1403636585.513556 0.074421220 0.015849618 0.004684954 -0.050806358 -0.000498943 -0.019982094 0.998508692
1403636585.563555 0.050796498 0.016964922 0.008902745 -0.044906989 -0.006431626 -0.020744693 0.998755276
1403636585.613555 0.028754946 0.017937008 0.010570874 -0.038305677 -0.012647603 -0.020312151 0.998979688
1403636585.663556 0.010431156 0.018144038 0.006120935 -0.031985302 -0.019485731 -0.018364154 0.999129593
1403636585.713556 -0.004927496 0.018359629 0.004412004 -0.025725191 -0.026792649 -0.015496995 0.999189734
1403636585.763556 -0.016112402 0.018536001 0.002311513 -0.021729298 -0.034602087 -0.012374555 0.999088228
1403636585.813555 -0.024333561 0.018173426 -0.000977768 -0.017333467 -0.042501580 -0.008168863 0.998912573
1403636585.863556 -0.029560385 0.017910782 -0.004941847 -0.013755697 -0.051681139 -0.004592856 0.998558283
1403636585.913555 -0.032277599 0.017385731 -0.009270809 -0.011309810 -0.060976800 -0.001442967 0.998074055
1403636585.963556 -0.033333726 0.016693469 -0.013036171 -0.011794590 -0.071629688 0.001070308 0.997360885
1403636586.013556 -0.033547081 0.016455244 -0.016200267 -0.015244798 -0.083607048 0.003506869 0.996375918
1403636586.063555 -0.033149570 0.016692696 -0.019099869 -0.022179488 -0.096018948 0.004214260 0.995123327
1403636586.113555 -0.032091305 0.015540633 -0.022189822 -0.028788608 -0.106753953 0.006198954 0.993849158
1403636586.163556 -0.030636175 0.013409141 -0.025446363 -0.034241118 -0.116135366 0.008545755 0.992606103
1403636586.213556 -0.029549789 0.010573636 -0.029514216 -0.036797397 -0.124633163 0.011043989 0.991458654
1403636586.263556 -0.029049894 0.008162471 -0.033855293 -0.037674800 -0.134067863 0.012729981 0.990173757
1403636586.313555 -0.028485591 0.006638065 -0.038339730 -0.038703538 -0.143973112 0.015566467 0.988701761
1403636586.363556 -0.028962659 0.005690174 -0.043395847 -0.039685048 -0.154243678 0.017932758 0.987072468
1403636586.413555 -0.029889064 0.005069055 -0.048786324 -0.040361296 -0.164340973 0.021120666 0.985350966
1403636586.463556 -0.030699493 0.005492812 -0.055396490 -0.040515542 -0.174008399 0.021293048 0.983679891
1403636586.513556 -0.031333704 0.006749167 -0.060781188 -0.040399600 -0.182481781 0.020783465 0.982159019
1403636586.563555 -0.031009261 0.008668240 -0.065516040 -0.039038148 -0.189114049 0.020191751 0.980971038
1403636586.613555 -0.029786816 0.011754740 -0.068945460 -0.037620064 -0.192930967 0.019852685 0.980289936
1403636586.663556 -0.027763395 0.016044425 -0.070872635 -0.037659876 -0.193486214 0.020632444 0.980162799
1403636586.713556 -0.025598438 0.020733098 -0.071745403 -0.036620867 -0.191020280 0.020665979 0.980685055
1403636586.763556 -0.023891943 0.025074771 -0.071497999 -0.034299806 -0.187210500 0.021633051 0.981482387
1403636586.813555 -0.022074280 0.029869394 -0.070175834 -0.032325979 -0.183038160 0.021795351 0.982332468
1403636586.863556 -0.021360260 0.033576488 -0.068549000 -0.031167110 -0.179315031 0.020903267 0.983075678
1403636586.913555 -0.020961979 0.035579517 -0.066459045 -0.029429913 -0.176550686 0.018733507 0.983673155
1403636586.963556 -0.019591257 0.036165208 -0.064690918 -0.027403830 -0.174337521 0.017600385 0.984147191
1403636587.013556 -0.018564556 0.037197281 -0.061959408 -0.024922341 -0.173367366 0.014702940 0.984432042
1403636587.063555 -0.018057508 0.038429420 -0.059296627 -0.023443228 -0.174093112 0.013487804 0.984357715
1403636587.113555 -0.016981393 0.039979983 -0.056690060 -0.022228012 -0.176504135 0.011530760 0.983981371
1403636587.163556 -0.016085137 0.042650312 -0.053991977 -0.021815715 -0.178932115 0.010052267 0.983568192
1403636587.213556 -0.015037985 0.046651378 -0.051231422 -0.020988254 -0.180385277 0.009715222 0.983324111
1403636587.263556 -0.014147654 0.052373189 -0.048347354 -0.021398837 -0.181353316 0.010378855 0.983130395
1403636587.313555 -0.013086648 0.060027596 -0.045323417 -0.022061907 -0.181945384 0.011444594 0.982994556
1403636587.363556 -0.011736070 0.069644049 -0.042165939 -0.023348425 -0.182712391 0.012422233 0.982810616
1403636587.413555 -0.010411480 0.080814965 -0.039238043 -0.024427908 -0.183512524 0.013724807 0.982617974
1403636587.463556 -0.011220248 0.093209095 -0.036597047 -0.025632896 -0.183575198 0.016020739 0.982540846
1403636587.513556 -0.010045000 0.107693128 -0.034542225 -0.026377887 -0.184579119 0.018235324 0.982294321
1403636587.563555 -0.008696589 0.123735324 -0.032768060 -0.027276503 -0.185184970 0.020020736 0.982121050
1403636587.613555 -0.007006996 0.141081542 -0.031193333 -0.029179938 -0.184677973 0.021933351 0.982120872
1403636587.663556 -0.004921430 0.159069270 -0.029850615 -0.031317897 -0.182413474 0.023815161 0.982434392
1403636587.713556 -0.002387810 0.177882135 -0.028336218 -0.034135301 -0.178955734 0.026031891 0.982920170
1403636587.763556 0.000271373 0.197136074 -0.026868993 -0.037335809 -0.175094724 0.028791387 0.983422041
1403636587.813555 0.002372526 0.216206267 -0.025626518 -0.041001171 -0.172227859 0.030660022 0.983725846
1403636587.863556 0.003475582 0.234717846 -0.024483686 -0.044277985 -0.171178177 0.032834470 0.983696818
1403636587.913555 0.003778008 0.253056437 -0.023493895 -0.047643483 -0.172397390 0.034035005 0.983285606
1403636587.963556 0.003059943 0.270273775 -0.022756360 -0.052211553 -0.175930321 0.034996707 0.982393742
1403636588.013556 0.001718515 0.287150174 -0.022258313 -0.057352278 -0.181268737 0.035240252 0.981126964
1403636588.063555 0.000110532 0.301871836 -0.021459889 -0.061322391 -0.185880303 0.037373889 0.979944408
1403636588.113555 -0.001677090 0.314442247 -0.020523550 -0.062332377 -0.189163178 0.038718048 0.979200006
1403636588.163556 -0.003322274 0.325536132 -0.019705154 -0.063006401 -0.191092089 0.038319610 0.978797913
1403636588.213556 -0.004651415 0.334703445 -0.018242206 -0.062614925 -0.191451177 0.037693564 0.978777289
1403636588.263556 -0.006202815 0.341735184 -0.017374668 -0.061824095 -0.190550596 0.038088232 0.978987992
1403636588.313555 -0.007180082 0.346391201 -0.017117694 -0.060523733 -0.188808516 0.039041553 0.979369164
1403636588.363556 -0.008210565 0.348940164 -0.016838599 -0.058768544 -0.186961755 0.039448049 0.979813933
1403636588.413555 -0.009192331 0.349373668 -0.017009057 -0.058175161 -0.185315803 0.040711422 0.980110288
1403636588.463556 -0.010023869 0.347851127 -0.017397929 -0.058152303 -0.184772268 0.041405696 0.980185211
1403636588.513556 -0.010164899 0.344456941 -0.018468421 -0.059882708 -0.185314968 0.040397491 0.980020583
1403636588.563555 -0.009300642 0.338777483 -0.019808382 -0.060951781 -0.185259804 0.039603930 0.979997516
1403636588.613555 -0.008277718 0.330617815 -0.021520425 -0.060809787 -0.184851736 0.039701503 0.980079472
1403636588.663556 -0.007210917 0.320653707 -0.023519361 -0.059945475 -0.184428841 0.039324649 0.980227530
1403636588.713556 -0.007249811 0.308810800 -0.025654877 -0.058046903 -0.184790328 0.039805979 0.980254292
1403636588.763556 -0.008154545 0.295555383 -0.027687395 -0.055544011 -0.186270773 0.038632944 0.980166078
1403636588.813555 -0.009236612 0.280944943 -0.029724283 -0.053329967 -0.187878639 0.037976880 0.980007768
1403636588.863556 -0.010505465 0.264537662 -0.031155625 -0.050958820 -0.188726991 0.037824079 0.979976833
1403636588.913555 -0.011340328 0.246352553 -0.032566212 -0.048138048 -0.188634261 0.037737321 0.980140626
1403636588.963556 -0.011832803 0.226460725 -0.034371596 -0.045556352 -0.187924117 0.036676086 0.980440676
1403636589.013556 -0.011828373 0.206022039 -0.036409754 -0.042571012 -0.186148539 0.035492059 0.980957031
1403636589.063555 -0.011160633 0.184913531 -0.039099291 -0.039281633 -0.183698967 0.034138065 0.981603920
1403636589.113555 -0.010285298 0.163169280 -0.041599300 -0.036151763 -0.181126043 0.032042656 0.982272685
1403636589.163556 -0.009177581 0.140655071 -0.043974146 -0.033794027 -0.178727821 0.030909197 0.982832074
1403636589.213556 -0.008246752 0.117269814 -0.046205286 -0.031653933 -0.177465513 0.029998785 0.983160257
1403636589.263556 -0.007569045 0.093334652 -0.048518427 -0.029362306 -0.177843183 0.029507456 0.983177960
1403636589.313555 -0.007663405 0.069277488 -0.050269511 -0.026652405 -0.179211617 0.027564514 0.983063102
1403636589.363556 -0.008770656 0.044756912 -0.051818781 -0.024040399 -0.181463018 0.026313573 0.982751667
1403636589.413555 -0.007906087 0.020771373 -0.053469297 -0.021561304 -0.184495717 0.023701418 0.982310891
1403636589.463556 -0.011605763 -0.004000767 -0.054406956 -0.020660734 -0.183531269 0.021772144 0.982555568
1403636589.513556 -0.013332481 -0.028046098 -0.055340458 -0.019463802 -0.182672560 0.021164253 0.982753277
1403636589.563555 -0.015266187 -0.051903106 -0.056626141 -0.017523298 -0.181426108 0.020762995 0.983029187
1403636589.613555 -0.017280832 -0.075460233 -0.057518724 -0.016293589 -0.180138215 0.019593958 0.983311176
1403636589.663556 -0.019096967 -0.098855652 -0.058780976 -0.014707749 -0.178953901 0.018515890 0.983573198
1403636589.713556 -0.021370251 -0.121845268 -0.059722986 -0.013266539 -0.178349689 0.017670898 0.983718991
1403636589.763556 -0.024138253 -0.144523889 -0.060268451 -0.009818677 -0.178796232 0.017406218 0.983683109
1403636589.813555 -0.027348785 -0.165858433 -0.061143581 -0.005850408 -0.180732444 0.016626144 0.983374357
1403636589.863556 -0.030938033 -0.185384735 -0.061213754 -0.001984381 -0.184095353 0.015536914 0.982783616
1403636589.913555 -0.034191485 -0.204295143 -0.062489033 0.002305572 -0.187196791 0.014693022 0.982209742
1403636589.963556 -0.037581250 -0.220775828 -0.062270392 0.006981158 -0.189099789 0.015097432 0.981816888
1403636590.013556 -0.040435351 -0.235716671 -0.062938087 0.011530066 -0.188698784 0.015157844 0.981850207
1403636590.063555 -0.041433133 -0.248037428 -0.062995233 0.014752249 -0.186168313 0.014652342 0.982297719
1403636590.113555 -0.041907065 -0.258064777 -0.062875412 0.017809959 -0.182730421 0.014233285 0.982898533
1403636590.163556 -0.041917428 -0.265965998 -0.065577291 0.020758742 -0.179222524 0.014425480 0.983483732
1403636590.213556 -0.041583840 -0.269634098 -0.066163391 0.022062490 -0.177093700 0.013871535 0.983848989
1403636590.263556 -0.040801007 -0.269996524 -0.067075215 0.022184264 -0.176437736 0.012915711 0.983977079
1403636590.313555 -0.040170778 -0.267312497 -0.068295434 0.021332361 -0.177369148 0.011628771 0.983844459
1403636590.363556 -0.039442439 -0.261701405 -0.069861315 0.019062933 -0.178477153 0.011329955 0.983694196
1403636590.413555 -0.038421709 -0.253107905 -0.071768947 0.016452644 -0.179185584 0.010647956 0.983620167
1403636590.463556 -0.037072256 -0.241620302 -0.073914610 0.012581407 -0.178954050 0.010371781 0.983722389
1403636590.513556 -0.035092421 -0.226713106 -0.074932814 0.009156087 -0.177885607 0.009543562 0.983962178
1403636590.563555 -0.032858163 -0.210740790 -0.077324323 0.005402594 -0.176306427 0.008797486 0.984281003
1403636590.613555 -0.030533902 -0.192891926 -0.079143494 0.002523640 -0.174764290 0.008518447 0.984570146
1403636590.663556 -0.029023649 -0.173907563 -0.081832938 -0.000929112 -0.173558488 0.008753930 0.984784245
1403636590.713556 -0.027497474 -0.153599873 -0.082841083 -0.003958705 -0.173774481 0.009085295 0.984735608
1403636590.763556 -0.026390219 -0.132652953 -0.083093695 -0.007007734 -0.175296068 0.010632038 0.984433472
1403636590.813555 -0.025829565 -0.110781774 -0.082763933 -0.008083612 -0.177949756 0.012621926 0.983925462
1403636590.863556 -0.025637221 -0.087855197 -0.081946388 -0.009444397 -0.180975109 0.014841251 0.983330369
1403636590.913555 -0.025247887 -0.064023405 -0.080768429 -0.010915296 -0.183594093 0.016098022 0.982809722
1403636590.963556 -0.024934288 -0.039844632 -0.079618722 -0.012594666 -0.184803739 0.016489696 0.982556403
1403636591.013556 -0.024658404 -0.014932279 -0.076576531 -0.012886828 -0.185119033 0.016831540 0.982487440
1403636591.063555 -0.024114735 0.008318026 -0.074719861 -0.011989511 -0.184258386 0.017580705 0.982647419
1403636591.113555 -0.023245176 0.031080896 -0.072822630 -0.011104408 -0.183639720 0.018402522 0.982758582
1403636591.163556 -0.022413278 0.052849274 -0.071477517 -0.011348876 -0.183379740 0.020116132 0.982770741
1403636591.213556 -0.021705823 0.073825561 -0.069488741 -0.011860316 -0.184088364 0.021120103 0.982611179
1403636591.263556 -0.021735260 0.093712747 -0.067164414 -0.013011061 -0.185383290 0.022103637 0.982331455
1403636591.313555 -0.022365477 0.111744195 -0.064787626 -0.014786043 -0.186778381 0.022683334 0.982028782
1403636591.363556 -0.023625206 0.127524585 -0.062415265 -0.017200883 -0.188080445 0.023658713 0.981717885
1403636591.413555 -0.025608452 0.140839919 -0.059784882 -0.019358259 -0.188625023 0.024813740 0.981544733
1403636591.463556 -0.028266611 0.151966363 -0.056476329 -0.020638483 -0.188627422 0.026459290 0.981475174
1403636591.513556 -0.030647190 0.162234858 -0.052798983 -0.023294127 -0.187591925 0.026374182 0.981616497
1403636591.563555 -0.032936584 0.171476930 -0.048751868 -0.029321110 -0.183977291 0.026970766 0.982122660
1403636591.613555 -0.035001662 0.179665282 -0.044328455 -0.037375391 -0.177648395 0.027900092 0.982988000
1403636591.663556 -0.036513038 0.186008781 -0.039765749 -0.044171203 -0.168266341 0.028224776 0.984346747
1403636591.713556 -0.036920596 0.190814167 -0.036100369 -0.049562927 -0.157906041 0.027341384 0.985830307
1403636591.763556 -0.036599610 0.194582388 -0.032724209 -0.055158786 -0.147416100 0.026001291 0.987192810
1403636591.813555 -0.035379894 0.197879151 -0.029517243 -0.061048996 -0.136617288 0.025449857 0.988413334
1403636591.863556 -0.034053762 0.200574204 -0.026713822 -0.065961093 -0.127747849 0.025626320 0.989278913
1403636591.913555 -0.032446690 0.203562051 -0.023618599 -0.070814498 -0.122162655 0.026837977 0.989616692
1403636591.963556 -0.031218136 0.206752703 -0.020225246 -0.074740462 -0.121588923 0.030275393 0.989299357
1403636592.013556 -0.029684260 0.211500093 -0.015466675 -0.078996040 -0.124912329 0.033561196 0.988448322
1403636592.063555 -0.027329886 0.217926800 -0.009478356 -0.084410429 -0.128451169 0.038147070 0.987380445
1403636592.113555 -0.025275767 0.224715009 -0.001547905 -0.089575104 -0.131801933 0.042102356 0.986322522
1403636592.163556 -0.022906002 0.232030526 0.007447925 -0.094329290 -0.135612801 0.045955095 0.985190094
1403636592.213556 -0.020351479 0.239123806 0.017508470 -0.097796269 -0.140330657 0.048609801 0.984063268
1403636592.263556 -0.017171562 0.245757863 0.028415741 -0.099729568 -0.144815564 0.050092645 0.983144641
1403636592.313555 -0.013475121 0.251181424 0.040164217 -0.099577442 -0.148853377 0.050970208 0.982511699
1403636592.363556 -0.009565299 0.254789472 0.053615004 -0.097621977 -0.152231261 0.053691268 0.982045352
1403636592.413555 -0.004626683 0.256123334 0.067714922 -0.093398400 -0.154981598 0.054207206 0.981997550
1403636592.463556 0.001018058 0.255055606 0.083064444 -0.088073827 -0.155426338 0.053680874 0.982448101
1403636592.513556 0.007281761 0.251413345 0.099978909 -0.081046529 -0.153142020 0.051478926 0.983528554
1403636592.563555 0.013497835 0.245482743 0.115972951 -0.073483139 -0.148841783 0.047869548 0.984964192
1403636592.613555 0.019242715 0.237263545 0.131989568 -0.064778619 -0.144095138 0.043040030 0.986502647
1403636592.663556 0.024258707 0.226678893 0.148287609 -0.056526769 -0.140513718 0.037426539 0.987754762
1403636592.713556 0.028689437 0.213666320 0.163345635 -0.047303908 -0.138405129 0.032330453 0.988716662
1403636592.763556 0.032187331 0.197785437 0.177180707 -0.035952076 -0.137956783 0.027536435 0.989402175
1403636592.813555 0.035426825 0.178622559 0.189448804 -0.022829372 -0.138599008 0.023764331 0.989799917
1403636592.863556 0.036326315 0.156123132 0.199006289 -0.007837700 -0.140621215 0.020779118 0.989814162
1403636592.913555 0.035856549 0.131108031 0.205746815 0.006674740 -0.143571213 0.017094303 0.989469588
1403636592.963556 0.034997500 0.103571460 0.209135234 0.020864081 -0.146849424 0.013570331 0.988845646
1403636593.013556 0.032266583 0.074123800 0.208433986 0.035505380 -0.149997860 0.009782255 0.988000154
1403636593.063555 0.028894728 0.043383177 0.204296082 0.049315222 -0.152880222 0.005586219 0.986997664
1403636593.113555 0.024673814 0.012514763 0.197073072 0.062222015 -0.154932663 0.000194414 0.985963583
1403636593.163556 0.019464884 -0.019204134 0.185627326 0.075429156 -0.156227723 -0.002173275 0.984834254
1403636593.213556 0.014047671 -0.050140135 0.171347260 0.086990371 -0.156954855 -0.002317213 0.983764410
1403636593.263556 0.008368303 -0.078395687 0.154045880 0.098632000 -0.157709599 -0.001056732 0.982546926
1403636593.313555 0.001565645 -0.104295619 0.135352105 0.106523290 -0.159828767 -0.000984671 0.981379986
1403636593.363556 -0.006069745 -0.125826702 0.115433238 0.111171886 -0.162257597 -0.002313767 0.980463147
1403636593.413555 -0.014565007 -0.143301666 0.094265394 0.113549881 -0.164185986 -0.002880601 0.979867816
1403636593.463556 -0.023975497 -0.155252710 0.072749972 0.113106363 -0.165802717 -0.004437662 0.979641080
1403636593.513556 -0.034177653 -0.162328035 0.050900675 0.109539345 -0.167360246 -0.004024936 0.979783297
1403636593.563555 -0.044556737 -0.165563613 0.027970044 0.105493337 -0.169594273 -0.001605625 0.979850054
1403636593.613555 -0.055560932 -0.164442509 0.007221929 0.099389426 -0.173074067 0.002273010 0.979878426
1403636593.663556 -0.066447057 -0.159339920 -0.013011633 0.092378490 -0.177278146 0.008106053 0.979781985
1403636593.713556 -0.076728590 -0.149785101 -0.034480035 0.082122236 -0.181675062 0.013523724 0.979830086
1403636593.763556 -0.086103030 -0.136710122 -0.053048790 0.068802081 -0.184776857 0.020447347 0.980155826
1403636593.813555 -0.094605476 -0.119654439 -0.071017973 0.052751482 -0.185479701 0.027388511 0.980848670
1403636593.863556 -0.101000622 -0.099521190 -0.091572918 0.034096677 -0.182935938 0.035534255 0.981890619
1403636593.913555 -0.106117614 -0.077335700 -0.106757730 0.014858738 -0.178154126 0.043444496 0.982930839
1403636593.963556 -0.109402359 -0.052967761 -0.120355815 -0.005283672 -0.172147959 0.050550036 0.983759046
1403636594.013556 -0.113025911 -0.025300048 -0.131669655 -0.025091501 -0.165836960 0.056192905 0.984231174
1403636594.063555 -0.113713562 0.002079259 -0.140497237 -0.045190413 -0.161190763 0.062079750 0.983931720
1403636594.113555 -0.113196120 0.029833684 -0.145695105 -0.063118018 -0.158384591 0.068307310 0.982987642
1403636594.163556 -0.112707309 0.057817444 -0.149489582 -0.079732589 -0.157834843 0.074555695 0.981413484
1403636594.213556 -0.110658973 0.086917825 -0.146806419 -0.093928047 -0.158276185 0.078603126 0.979769289
1403636594.263556 -0.107363753 0.114926040 -0.140941635 -0.106203467 -0.159152761 0.081317030 0.978150785
1403636594.313555 -0.102796286 0.144243091 -0.130448177 -0.115948476 -0.159681529 0.081737414 0.976922154
1403636594.363556 -0.097219534 0.173096031 -0.116645068 -0.124356382 -0.159336552 0.080908418 0.976013005
1403636594.413555 -0.090540923 0.200431079 -0.099602774 -0.130656704 -0.156942725 0.078764185 0.975753129
1403636594.463556 -0.082836315 0.226478770 -0.080262147 -0.134815767 -0.152934775 0.075240880 0.976101756
1403636594.513556 -0.074563377 0.250146896 -0.059219021 -0.136624768 -0.147627190 0.071741305 0.976930499
1403636594.563555 -0.065727718 0.270343184 -0.035696805 -0.137224719 -0.141671792 0.071582019 0.977739573
1403636594.613555 -0.057261396 0.284935594 -0.013029903 -0.136174947 -0.136992738 0.071589097 0.978552222
1403636594.663556 -0.049170595 0.294845313 0.011635655 -0.134685203 -0.133038864 0.072842009 0.979211092
1403636594.713556 -0.041683961 0.296992958 0.033506207 -0.131333411 -0.130610853 0.071791030 0.980070472
1403636594.763556 -0.035289820 0.292591572 0.054898180 -0.125039026 -0.128719047 0.069966540 0.981275260
1403636594.813555 -0.030400798 0.281267166 0.076408774 -0.115236789 -0.127065197 0.065841436 0.982974827
1403636594.863556 -0.026146682 0.263462603 0.095765270 -0.104024746 -0.125303790 0.060870096 0.984770179
1403636594.913555 -0.022769507 0.239021912 0.113017112 -0.090490505 -0.123460390 0.053377837 0.986772239
1403636594.963556 -0.020735908 0.208630875 0.128577992 -0.074456073 -0.122295879 0.044769011 0.988683820
1403636595.013556 -0.019671367 0.173150972 0.139176920 -0.054537799 -0.121394247 0.037524581 0.990394294
1403636595.063555 -0.020180205 0.135638788 0.149578527 -0.034482419 -0.122353829 0.029127335 0.991459310
1403636595.113555 -0.022195803 0.096130855 0.153868109 -0.014277690 -0.124984495 0.022252040 0.991806149
1403636595.163556 -0.025111798 0.056961514 0.155219480 0.004674393 -0.128084823 0.016104991 0.991621196
1403636595.213556 -0.029043674 0.019600483 0.155091152 0.023319054 -0.131445825 0.012042237 0.990975618
1403636595.263556 -0.033544797 -0.014980324 0.150277495 0.040668383 -0.134463698 0.007926186 0.990051627
1403636595.313555 -0.039086692 -0.045111649 0.142952234 0.055600118 -0.137516171 0.004056231 0.988929152
1403636595.363556 -0.044607006 -0.069589131 0.132975012 0.066985101 -0.139734671 0.000083170 0.987920344
1403636595.413555 -0.050388824 -0.087741092 0.121080674 0.074754290 -0.141373187 -0.001737987 0.987128019
1403636595.463556 -0.056136679 -0.100344643 0.106073461 0.080060460 -0.142964929 -0.003535360 0.986477852
1403636595.513556 -0.062170863 -0.104478918 0.092186622 0.082525752 -0.145074755 -0.003497305 0.985966682
1403636595.563555 -0.068420142 -0.101738945 0.077684864 0.084535152 -0.147648767 -0.005060473 0.985407412
1403636595.613555 -0.074392878 -0.093114078 0.061207779 0.083552666 -0.150006950 -0.005349605 0.985133410
1403636595.663556 -0.080883607 -0.078303300 0.046410628 0.079836905 -0.152186081 -0.005916322 0.985104084
1403636595.713556 -0.087258331 -0.058423821 0.031741280 0.072549418 -0.153408036 -0.004740435 0.985484481
1403636595.763556 -0.093819655 -0.034479104 0.015878666 0.062102295 -0.153847188 -0.005050710 0.986127973
1403636595.813555 -0.100352757 -0.007326865 0.002537956 0.047612265 -0.153455406 -0.003811663 0.987000287
1403636595.863556 -0.106735229 0.020714700 -0.012151618 0.032133255 -0.152866751 -0.002007660 0.987721980
1403636595.913555 -0.113469012 0.049296848 -0.025265245 0.016179368 -0.152839705 0.002264466 0.988115728
1403636595.963556 -0.119911164 0.076506346 -0.039005600 0.000423444 -0.153686136 0.006634024 0.988097191
1403636596.013556 -0.126118660 0.100809395 -0.054742817 -0.015095886 -0.155790105 0.010553383 0.987618148
1403636596.063555 -0.132405624 0.120763279 -0.070995517 -0.030118041 -0.157866120 0.015709201 0.986875832
1403636596.113555 -0.138772219 0.135033786 -0.087745436 -0.042827982 -0.159844935 0.021010736 0.985988438
1403636596.163556 -0.144496188 0.142729029 -0.104555145 -0.051826924 -0.160971165 0.025812602 0.985259056
1403636596.213556 -0.148624510 0.142931551 -0.121499233 -0.057634480 -0.160562932 0.029620467 0.984895945
1403636596.263556 -0.151526004 0.135597840 -0.138637155 -0.060349971 -0.159415513 0.033510752 0.984794974
1403636596.313555 -0.154176027 0.124082774 -0.155631945 -0.061614200 -0.157247752 0.036969114 0.984941721
1403636596.363556 -0.155426785 0.107299343 -0.174957976 -0.062971905 -0.155039176 0.038087305 0.985163331
1403636596.413555 -0.155758932 0.087790117 -0.195041686 -0.063639902 -0.152399674 0.036924656 0.985576391
1403636596.463556 -0.156569123 0.067389503 -0.215000808 -0.062912293 -0.149511352 0.034717496 0.986145556
1403636596.513556 -0.158469141 0.047589213 -0.232931510 -0.061547756 -0.146933869 0.031525992 0.986726224
1403636596.563555 -0.159360528 0.028810060 -0.248909146 -0.059856433 -0.144955412 0.028157761 0.987224638
1403636596.613555 -0.160416350 0.011616948 -0.262506336 -0.059785534 -0.144993097 0.026308494 0.987274408
1403636596.663556 -0.161699101 -0.002502696 -0.273030818 -0.059244979 -0.146449596 0.025436483 0.987114787
1403636596.713556 -0.163013235 -0.013765654 -0.279300809 -0.058318879 -0.147906110 0.024650423 0.986972690
1403636596.763556 -0.163039237 -0.021192912 -0.280577689 -0.057006340 -0.147906438 0.022091504 0.987109900
1403636596.813555 -0.162491247 -0.024601921 -0.276905090 -0.056631733 -0.145577461 0.020259950 0.987516880
1403636596.863556 -0.160612106 -0.024160394 -0.268298715 -0.056809161 -0.142718568 0.016570210 0.987992704
1403636596.913555 -0.157623932 -0.021051312 -0.255345404 -0.057387818 -0.139843136 0.014450853 0.988403559
1403636596.963556 -0.152749926 -0.015361558 -0.236916170 -0.058609504 -0.139834300 0.010954180 0.988378048
1403636597.013556 -0.145930603 -0.007783692 -0.213653922 -0.059737787 -0.142273709 0.010703756 0.987965047
1403636597.063555 -0.139070198 0.001091429 -0.187588558 -0.059860792 -0.147757560 0.009579932 0.987163842
1403636597.113555 -0.131539300 0.010780396 -0.159652457 -0.057195570 -0.153627574 0.010357860 0.986417651
1403636597.163556 -0.122192450 0.020484135 -0.129603237 -0.052333318 -0.158863291 0.008669191 0.985874414
1403636597.213556 -0.110486530 0.030263336 -0.098192059 -0.045990232 -0.162040502 0.006622806 0.985689461
1403636597.263556 -0.097362235 0.039150584 -0.066954829 -0.039276883 -0.162848309 0.003595533 0.985862434
1403636597.313555 -0.083803833 0.047034193 -0.035356343 -0.031923413 -0.161778703 -0.000517499 0.986310422
1403636597.363556 -0.069552206 0.053427882 -0.003596246 -0.023879258 -0.159639925 -0.003408951 0.986880481
1403636597.413555 -0.056242324 0.058357254 0.028322050 -0.016255101 -0.157758906 -0.008601054 0.987306297
1403636597.463556 -0.044180628 0.061101325 0.057647489 -0.007710732 -0.155994505 -0.012955300 0.987642765
1403636597.513556 -0.034042779 0.061529752 0.083877318 0.001903130 -0.154039815 -0.018566154 0.987888217
1403636597.563555 -0.025124332 0.058044553 0.106622897 0.013050858 -0.151315436 -0.021571329 0.988163829
1403636597.613555 -0.019725589 0.052482501 0.124084033 0.025352953 -0.147378743 -0.023111278 0.988484919
1403636597.663556 -0.017638611 0.043882146 0.135603130 0.037807886 -0.143036127 -0.024196904 0.988698900
1403636597.713556 -0.016536469 0.032972682 0.142360926 0.049371693 -0.138668850 -0.025434608 0.988780200
1403636597.763556 -0.018109649 0.021087900 0.142848939 0.058689855 -0.134426758 -0.027307300 0.988806903
1403636597.813555 -0.021035112 0.008633893 0.137909427 0.066234149 -0.130515695 -0.029417956 0.988793731
1403636597.863556 -0.025967335 -0.002241649 0.128553808 0.071263909 -0.127574310 -0.033021152 0.988714099
1403636597.913555 -0.032508068 -0.011762122 0.115240388 0.075973757 -0.125924364 -0.037249833 0.988424659
1403636597.963556 -0.040152702 -0.019801486 0.099154435 0.078756273 -0.126247704 -0.041394826 0.988000631
1403636598.013556 -0.047143031 -0.026773609 0.080389157 0.080693983 -0.128532827 -0.044563279 0.987411559
1403636598.063555 -0.056718402 -0.031996809 0.060724910 0.081149295 -0.132313818 -0.045788348 0.986818612
1403636598.113555 -0.067129694 -0.035530884 0.040364534 0.081528209 -0.138232931 -0.045160897 0.986004591
1403636598.163556 -0.078326307 -0.036141038 0.020686420 0.079853982 -0.145942137 -0.045539256 0.985012710
1403636598.213556 -0.089981534 -0.035343915 0.003046114 0.076993562 -0.155352801 -0.045849107 0.983786047
1403636598.263556 -0.101840653 -0.033317793 -0.011691102 0.073990732 -0.164802238 -0.048140313 0.982368410
1403636598.313555 -0.112845942 -0.029202867 -0.022583656 0.070467189 -0.171994135 -0.048581917 0.981372476
1403636598.363556 -0.121930130 -0.024153456 -0.028858114 0.066008583 -0.176550522 -0.050996386 0.980750620
1403636598.413555 -0.130765989 -0.018039366 -0.030364614 0.061508425 -0.178475320 -0.051721375 0.980656862
1403636598.463556 -0.137060136 -0.011959078 -0.026780948 0.059048392 -0.178266242 -0.053483963 0.980751514
1403636598.513556 -0.141155988 -0.005905779 -0.018511573 0.058333438 -0.175496489 -0.053621676 0.981286228
1403636598.563555 -0.144035578 0.000585956 -0.006223460 0.061051618 -0.170186177 -0.054198824 0.982024252
1403636598.613555 -0.145249322 0.006545437 0.009112061 0.064455390 -0.163028345 -0.053554706 0.983055890
1403636598.663556 -0.145310238 0.011977453 0.026923954 0.069499202 -0.154956684 -0.053521670 0.984019101
1403636598.713556 -0.146553516 0.017066140 0.045939825 0.075593323 -0.145578355 -0.052988637 0.985030234
1403636598.763556 -0.148506656 0.021100087 0.065091796 0.082502127 -0.134910002 -0.053211749 0.985982299
1403636598.813555 -0.152049348 0.025441084 0.084482148 0.088590235 -0.123558618 -0.051727172 0.987020433
1403636598.863556 -0.156789154 0.029824087 0.103221841 0.092660025 -0.111512057 -0.050196845 0.988159597
1403636598.913555 -0.162539631 0.034278613 0.120894916 0.094572961 -0.100851856 -0.048078809 0.989228547
1403636598.963556 -0.169107616 0.038677923 0.137714729 0.094601229 -0.091589138 -0.048519347 0.990104914
1403636599.013556 -0.175973192 0.042293493 0.152841270 0.095647052 -0.083848529 -0.048706315 0.990680933
1403636599.063555 -0.182061717 0.044923533 0.165517211 0.098048650 -0.075162016 -0.046809766 0.991234481
1403636599.113555 -0.187109321 0.047137968 0.176444471 0.102393478 -0.065526776 -0.044314120 0.991593599
1403636599.163556 -0.190642282 0.048775394 0.184687153 0.107253328 -0.053186111 -0.041053917 0.991958916
1403636599.213556 -0.192843735 0.050297156 0.193228453 0.108159915 -0.037008498 -0.040480409 0.992619276
1403636599.263556 -0.194671422 0.051134776 0.201388359 0.108815998 -0.021207152 -0.037357442 0.993133247
1403636599.313555 -0.196507379 0.052006405 0.208531708 0.109048195 -0.007773522 -0.034699202 0.993400216
1403636599.363556 -0.198755518 0.052419018 0.216107860 0.107903324 0.001874780 -0.032973830 0.993612647
1403636599.413555 -0.201677918 0.053320836 0.222441107 0.105177253 0.007772423 -0.033888899 0.993845463
1403636599.463556 -0.204884127 0.054546408 0.228070721 0.101310365 0.010174572 -0.035585750 0.994166195
1403636599.513556 -0.208073929 0.054697532 0.233633950 0.096861057 0.008840725 -0.034012191 0.994677186
1403636599.563555 -0.211219400 0.055055555 0.237740412 0.092776485 0.006026435 -0.032369819 0.995142281
1403636599.613555 -0.215122104 0.056404203 0.240301386 0.090204388 0.002673677 -0.031211136 0.995430470
1403636599.663556 -0.218662590 0.057384666 0.242479280 0.088005580 0.000286654 -0.031619757 0.995617926
1403636599.713556 -0.221649125 0.057951961 0.245564327 0.087564826 0.001655109 -0.030606387 0.995687068
1403636599.763556 -0.221719041 0.058993220 0.245250523 0.089127623 0.010944015 -0.030861815 0.995481730
1403636599.813555 -0.221348852 0.059982970 0.244293988 0.089214407 0.019099904 -0.030030591 0.995376348
1403636599.863556 -0.221994117 0.060662121 0.243613884 0.089510836 0.025409047 -0.028745499 0.995246589
1403636599.913555 -0.222764939 0.061843533 0.244022027 0.090527512 0.027482523 -0.027246604 0.995141685
1403636599.963556 -0.223205760 0.062415458 0.244320378 0.089384682 0.026562739 -0.025609342 0.995313466
1403636600.013556 -0.223836377 0.062932119 0.243633881 0.088720687 0.026032289 -0.024462571 0.995415628
1403636600.063555 -0.224813655 0.063758180 0.243754074 0.089646801 0.026109738 -0.022049936 0.995387018
1403636600.113555 -0.224742010 0.064508051 0.243371338 0.090686269 0.029350517 -0.019579513 0.995254219
1403636600.163556 -0.224766254 0.064987913 0.243326992 0.090324961 0.029989786 -0.021012472 0.995238841
1403636600.213556 -0.224817216 0.064589135 0.243548766 0.090802006 0.029636797 -0.019688943 0.995233059
1403636600.263556 -0.224822700 0.064617045 0.243765727 0.091038063 0.029589821 -0.019504374 0.995216548
1403636600.313555 -0.224868551 0.064637549 0.243780985 0.091229983 0.029546605 -0.019009272 0.995209813
1403636600.363556 -0.224845544 0.064665720 0.243951932 0.091366895 0.029623395 -0.018438514 0.995205700
1403636600.413555 -0.224786103 0.064584576 0.243124098 0.091440685 0.029684162 -0.018590759 0.995194256
1403636600.463556 -0.224772498 0.064530663 0.243137762 0.091663681 0.029649943 -0.017985890 0.995185852
1403636600.513556 -0.224512458 0.064929858 0.242889524 0.091431759 0.029881695 -0.018157318 0.995197117
1403636600.563555 -0.224430203 0.064945064 0.242975935 0.091427594 0.029734628 -0.018565085 0.995194435
1403636600.613555 -0.224460706 0.064742096 0.243007943 0.091621332 0.029706767 -0.017939456 0.995188892
1403636600.663556 -0.224490449 0.064775728 0.243111849 0.091518007 0.029625667 -0.018085798 0.995198190
1403636600.713556 -0.224532962 0.064759061 0.243219227 0.091547862 0.029532209 -0.018098716 0.995197952
1403636600.763556 -0.224536762 0.064692251 0.243296072 0.091648303 0.029564528 -0.017812129 0.995192945
1403636600.813555 -0.224555984 0.064792246 0.243306369 0.091466442 0.029610686 -0.018243745 0.995200455
1403636600.863556 -0.224591225 0.064724691 0.243313625 0.091635540 0.029525813 -0.017836440 0.995194852
1403636600.913555 -0.224597782 0.064641200 0.242712781 0.091443770 0.029522125 -0.018250359 0.995205224
1403636600.963556 -0.224609390 0.064594671 0.242692083 0.091556117 0.029465178 -0.017837696 0.995204091
1403636601.013556 -0.224494666 0.064791530 0.242792279 0.091403686 0.029438471 -0.018282507 0.995210767
1403636601.063555 -0.224468067 0.064671107 0.242847189 0.091566294 0.029410241 -0.017779134 0.995205760
1403636601.113555 -0.224464938 0.064733163 0.242844120 0.091422275 0.029422643 -0.018180083 0.995211422
1403636601.163556 -0.224506125 0.064631358 0.242742673 0.091561012 0.029428737 -0.017810751 0.995205164
1403636601.213556 -0.224522516 0.064669833 0.242713198 0.091447659 0.029460046 -0.018165616 0.995208263
1403636601.263556 -0.224543899 0.064622328 0.242686003 0.091599539 0.029428702 -0.017749971 0.995202720
1403636601.313555 -0.224553496 0.064743355 0.242651433 0.091469608 0.029471997 -0.018138492 0.995206416
1403636601.363556 -0.224578008 0.064683981 0.242641866 0.091533870 0.029463360 -0.017813325 0.995206594
1403636601.413555 -0.224622384 0.064681157 0.241615713 0.091546491 0.030060809 -0.018245600 0.995179772
1403636601.463556 -0.224605590 0.064641364 0.241588876 0.091610648 0.030062292 -0.018037764 0.995177627
1403636601.513556 -0.224492490 0.064804874 0.241719976 0.091549791 0.030121129 -0.018126937 0.995179832
1403636601.563555 -0.224456012 0.064812638 0.241765127 0.091581099 0.030129869 -0.017915756 0.995180547
1403636601.613555 -0.224492550 0.064832807 0.241747260 0.091578603 0.030113850 -0.018014910 0.995179474
1403636601.663556 -0.224530429 0.064820051 0.241757110 0.091549799 0.030199073 -0.018007448 0.995179653
1403636601.713556 -0.224587619 0.064803824 0.241665706 0.091577731 0.030178331 -0.017986501 0.995178044
1403636601.763556 -0.224603534 0.064799301 0.241691813 0.091546766 0.030202461 -0.018038897 0.995179236
1403636601.813555 -0.224612460 0.064774692 0.241669551 0.091628835 0.030132465 -0.017976012 0.995174944
1403636601.863556 -0.224565595 0.064806938 0.241682068 0.091560900 0.030187706 -0.018026393 0.995178640
1403636601.913555 -0.224708319 0.064665020 0.241505221 0.091585517 0.030157361 -0.017914081 0.995179415
1403636601.963556 -0.224703670 0.064695045 0.241486624 0.091544539 0.030150956 -0.018042408 0.995181084
1403636602.013556 -0.224601254 0.064823613 0.241774961 0.091603734 0.030095223 -0.017813051 0.995181322
1403636602.063555 -0.224525958 0.064923316 0.241588503 0.091571935 0.030130820 -0.018032618 0.995179296
1403636602.113555 -0.224524572 0.064891480 0.241649568 0.091615953 0.030116437 -0.017804537 0.995179832
1403636602.163556 -0.224546432 0.064922459 0.241669670 0.091568053 0.030103652 -0.018034397 0.995180428
1403636602.213556 -0.224589527 0.064837649 0.241891354 0.091649547 0.030057663 -0.017732570 0.995179653
1403636602.263556 -0.224589616 0.064875022 0.241608217 0.091533080 0.030119443 -0.018114148 0.995181799
1403636602.313555 -0.224635184 0.064767614 0.241791472 0.091644250 0.030035609 -0.017790370 0.995179772
1403636602.363556 -0.224619612 0.064790428 0.241555512 0.091578923 0.030114463 -0.018059358 0.995178699
1403636602.413555 -0.224610209 0.064682454 0.241468623 0.091647953 0.030072143 -0.017867455 0.995176911
1403636602.463556 -0.224590391 0.064718947 0.241477340 0.091592982 0.030118722 -0.017942756 0.995179176
1403636602.513556 -0.224685133 0.064723164 0.241537035 0.091591626 0.030068776 -0.017865533 0.995182216
1403636602.563555 -0.224646986 0.064782180 0.241565987 0.091609091 0.030077036 -0.017850932 0.995180607
1403636602.613555 -0.224595413 0.064830087 0.241577566 0.091622680 0.030055260 -0.017879283 0.995179534
1403636602.663556 -0.224539995 0.064851798 0.241595790 0.091615990 0.030071493 -0.017884947 0.995179534
1403636602.713556 -0.224510103 0.064824641 0.241551638 0.091632701 0.030101478 -0.017848631 0.995177746
1403636602.763556 -0.224481136 0.064809449 0.241535977 0.091600031 0.030114667 -0.017850155 0.995180309
1403636602.813555 -0.224524319 0.064801030 0.241477564 0.091593407 0.030142857 -0.017872071 0.995179713
1403636602.863556 -0.224571347 0.064775623 0.241422623 0.091617383 0.030159749 -0.017828787 0.995177746
1403636602.913555 -0.224697590 0.064709611 0.241586000 0.091606826 0.030076586 -0.017857194 0.995180786
1403636602.963556 -0.224671781 0.064690322 0.241582885 0.091615140 0.030106137 -0.017781287 0.995180488
1403636603.013556 -0.224563867 0.064809345 0.241609320 0.091556676 0.030089317 -0.017851179 0.995185077
1403636603.063555 -0.224522457 0.064757690 0.241645053 0.091612652 0.030085571 -0.017746247 0.995181978
1403636603.113555 -0.224538326 0.064761512 0.241647705 0.091523245 0.030124288 -0.017866075 0.995186865
1403636603.163556 -0.224566191 0.064707041 0.241605043 0.091536120 0.030103108 -0.017777843 0.995187938
1403636603.213556 -0.224591047 0.064681560 0.241561100 0.091542222 0.030097039 -0.017836303 0.995186448
1403636603.263556 -0.224597082 0.064690277 0.241571471 0.091592252 0.030120006 -0.017794117 0.995181978
1403636603.313555 -0.224609479 0.064717427 0.241552159 0.091567859 0.030140456 -0.017858891 0.995182395
1403636603.363556 -0.224605009 0.064734489 0.241570190 0.091590568 0.030180126 -0.017812254 0.995179951
1403636603.413555 -0.224697411 0.064684682 0.241505489 0.091577396 0.030154541 -0.017822022 0.995181799
1403636603.463556 -0.224711165 0.064679787 0.241505831 0.091563322 0.030142434 -0.017819272 0.995183527
1403636603.513556 -0.224760175 0.064691707 0.241456702 0.091536589 0.030090684 -0.017817097 0.995187581
1403636603.563555 -0.224769473 0.064630695 0.241407618 0.091552250 0.030016150 -0.017763196 0.995189309
1403636603.613555 -0.224610850 0.064740337 0.241489783 0.091572970 0.030097064 -0.017830923 0.995183825
1403636603.663556 -0.224649355 0.064668044 0.241499856 0.091543168 0.030045044 -0.017798554 0.995188653
1403636603.713556 -0.224554792 0.064777143 0.241585165 0.091583170 0.030130960 -0.017824827 0.995181918
1403636603.763556 -0.224551409 0.064789176 0.241605058 0.091586404 0.030112546 -0.017790753 0.995182812
1403636603.813555 -0.224607259 0.064795695 0.241625503 0.091596611 0.030103682 -0.017839167 0.995181262
1403636603.863556 -0.224674135 0.064754501 0.241626054 0.091583081 0.030157307 -0.017775079 0.995181978
1403636603.913555 -0.224786490 0.064726055 0.241618067 0.091634043 0.030124810 -0.017823847 0.995177448
1403636603.963556 -0.224748671 0.064751662 0.241638482 0.091553599 0.030211953 -0.017976962 0.995179415
1403636604.013556 -0.224737138 0.064548664 0.241259083 0.091612406 0.030045448 -0.017624510 0.995185375
1403636604.063555 -0.224698663 0.064648286 0.241310135 0.091559500 0.030051228 -0.017738033 0.995188057
1403636604.113555 -0.224686921 0.064709477 0.241342485 0.091616474 0.030076953 -0.017624911 0.995184064
1403636604.163556 -0.224693507 0.064790376 0.241403028 0.091591962 0.030098764 -0.017765429 0.995183170
1403636604.213556 -0.224691212 0.064795822 0.241503611 0.091612607 0.030094286 -0.017674806 0.995183051
1403636604.263556 -0.224690065 0.064818829 0.241520554 0.091605149 0.030110018 -0.017705774 0.995182693
1403636604.313555 -0.224698126 0.064795956 0.241508126 0.091607876 0.030114420 -0.017667476 0.995182931
1403636604.363556 -0.224705815 0.064801596 0.241547242 0.091590598 0.030104231 -0.017753730 0.995183349
1403636604.413555 -0.224782884 0.064734034 0.241658226 0.091669254 0.030176772 -0.017795540 0.995173216
1403636604.463556 -0.224798203 0.064761430 0.241698220 0.091647059 0.030219665 -0.017865246 0.995172679
1403636604.513556 -0.224780053 0.064886920 0.241622120 0.091654435 0.030219041 -0.017793994 0.995173335
1403636604.563555 -0.224779591 0.064898059 0.241682693 0.091656305 0.030213259 -0.017765990 0.995173872
1403636604.613555 -0.224755168 0.064886957 0.241765857 0.091631301 0.030228343 -0.017762719 0.995175719
1403636604.663556 -0.224745020 0.064882405 0.241824225 0.091663182 0.030204739 -0.017765786 0.995173454
1403636604.713556 -0.224733666 0.064877868 0.241877615 0.091661930 0.030214898 -0.017787077 0.995172858
1403636604.763556 -0.224719405 0.064859629 0.241860703 0.091650635 0.030205460 -0.017803129 0.995173931
1403636604.813555 -0.224703476 0.064850144 0.241828367 0.091652401 0.030209407 -0.017881526 0.995172203
1403636604.863556 -0.224706516 0.064803429 0.241824791 0.091630876 0.030201729 -0.017853359 0.995174944
1403636604.913555 -0.224769443 0.064745523 0.241765916 0.091601677 0.030088274 -0.017735031 0.995183349
1403636604.963556 -0.224789724 0.064775199 0.241747290 0.091624260 0.030101068 -0.017729681 0.995181024
1403636605.013556 -0.224791810 0.064731777 0.241712779 0.091620751 0.030085608 -0.017712645 0.995182097
1403636605.063555 -0.224754795 0.064798199 0.241697237 0.091658041 0.030055627 -0.017670840 0.995180309
1403636605.113555 -0.224710584 0.064875416 0.241698906 0.091632843 0.030118346 -0.017750645 0.995179296
1403636605.163556 -0.224666342 0.064873263 0.241690800 0.091662839 0.030101551 -0.017629627 0.995179236
1403636605.213556 -0.224643767 0.064874254 0.241693363 0.091634445 0.030105157 -0.017696496 0.995180547
1403636605.263556 -0.224646315 0.064853087 0.241647318 0.091661565 0.030121736 -0.017629661 0.995178759
1403636605.313555 -0.224675849 0.064860195 0.241653591 0.091631502 0.030145738 -0.017736794 0.995178878
1403636605.363556 -0.224701419 0.064821683 0.241617382 0.091669403 0.030126728 -0.017602805 0.995178342
1403636605.413555 -0.224818558 0.064796865 0.241755188 0.091640435 0.030123690 -0.017691653 0.995179534
1403636605.463556 -0.224808574 0.064805232 0.241734758 0.091672070 0.030101361 -0.017616196 0.995178640
1403636605.513556 -0.224812463 0.064819641 0.241731703 0.091644220 0.030092515 -0.017673081 0.995180488
1403636605.563555 -0.224760100 0.064724833 0.241666421 0.091631621 0.030063117 -0.017593630 0.995183885
1403636605.613555 -0.224704683 0.064787261 0.241664097 0.091635451 0.030090189 -0.017654294 0.995181680
1403636605.663556 -0.224689722 0.064816386 0.241704956 0.091655359 0.030090185 -0.017614884 0.995180547
1403636605.713556 -0.224688828 0.064793073 0.241554216 0.091638729 0.030014696 -0.017588202 0.995184779
1403636605.763556 -0.224678710 0.064900748 0.241753176 0.091624632 0.030064056 -0.017637048 0.995183766
1403636605.813555 -0.224706233 0.064884044 0.241795570 0.091606259 0.030124106 -0.017674645 0.995182991
1403636605.863556 -0.224779084 0.064778589 0.241711184 0.091636226 0.030109331 -0.017689295 0.995180190
1403636605.913555 -0.224814370 0.064734638 0.241448462 0.091551974 0.030165140 -0.017841853 0.995183468
1403636605.963556 -0.224795192 0.064717174 0.241460055 0.091549553 0.030167906 -0.017817318 0.995184064
1403636606.013556 -0.224856973 0.064779505 0.241720825 0.091627702 0.029967135 -0.017599864 0.995187104
1403636606.063555 -0.224807009 0.064764850 0.241768226 0.091672435 0.030021185 -0.017613389 0.995180845
1403636606.113555 -0.224745706 0.064822935 0.241655841 0.091546603 0.030196523 -0.017823707 0.995183289
1403636606.163556 -0.224782020 0.064850993 0.241852492 0.091598585 0.030009335 -0.017587872 0.995188653
1403636606.213556 -0.224701449 0.064835288 0.241821647 0.091607086 0.030010767 -0.017556442 0.995188415
1403636606.263556 -0.224751234 0.064878501 0.241900384 0.091600001 0.030055994 -0.017629812 0.995186388
1403636606.313555 -0.224737018 0.064872421 0.241865113 0.091603756 0.030049322 -0.017609417 0.995186627
1403636606.363556 -0.224706531 0.064793199 0.241784856 0.091631785 0.030117093 -0.017678427 0.995180488
1403636606.413555 -0.224815398 0.064772114 0.241612494 0.091546424 0.030186262 -0.017879972 0.995182633
1403636606.463556 -0.224801898 0.064760745 0.241593257 0.091558442 0.030183204 -0.017880896 0.995181620
1403636606.513556 -0.224677488 0.064649619 0.241479471 0.091586061 0.029987404 -0.017489472 0.995192230
1403636606.563555 -0.224556088 0.064627774 0.241322935 0.091587484 0.029967282 -0.017517503 0.995191932
1403636606.613555 -0.224640429 0.064753033 0.241647258 0.091638662 0.030090962 -0.017604891 0.995182037
1403636606.663556 -0.224662751 0.064796180 0.241680682 0.091591835 0.030031567 -0.017555408 0.995189190
1403636606.713556 -0.224675894 0.064786471 0.241792262 0.091666400 0.030108968 -0.017651739 0.995178044
1403636606.763556 -0.224696174 0.064798899 0.241731107 0.091593809 0.030032609 -0.017589333 0.995188415
1403636606.813555 -0.224706680 0.064796790 0.241746634 0.091628134 0.030031232 -0.017611289 0.995184898
1403636606.863556 -0.224677995 0.064816542 0.241726890 0.091652386 0.030011425 -0.017572042 0.995183945
1403636606.913555 -0.224764675 0.064762309 0.241768748 0.091596112 0.030088725 -0.017659049 0.995185256
1403636606.963556 -0.224773318 0.064760029 0.241705716 0.091589198 0.030110937 -0.017659692 0.995185196
1403636607.013556 -0.224759981 0.064715445 0.241721064 0.091590002 0.030117316 -0.017653733 0.995185077
1403636607.063555 -0.224696591 0.064756133 0.241565689 0.091662720 0.030075530 -0.017640807 0.995179653
1403636607.113555 -0.224703923 0.064806081 0.241509855 0.091638073 0.029998805 -0.017561484 0.995185852
1403636607.163556 -0.224660173 0.064784534 0.241548881 0.091626391 0.029991718 -0.017557919 0.995187163
1403636607.213556 -0.224700868 0.064789228 0.241747156 0.091621399 0.030056475 -0.017667629 0.995183766
1403636607.263556 -0.224707022 0.064795770 0.241794705 0.091607146 0.030076139 -0.017681263 0.995184243
1403636607.313555 -0.224723399 0.064789511 0.241831124 0.091633387 0.030035857 -0.017690487 0.995182812
1403636607.363556 -0.224729821 0.064786084 0.241872609 0.091614418 0.030050404 -0.017728619 0.995183468
1403636607.413555 -0.224795327 0.064799532 0.241788819 0.091622949 0.030032644 -0.017683515 0.995183945
1403636607.463556 -0.224778652 0.064816214 0.241774574 0.091641411 0.030082906 -0.017709929 0.995180190
1403636607.513556 -0.224783555 0.064830005 0.241740599 0.091655701 0.030084966 -0.017698366 0.995179057
1403636607.563555 -0.224774301 0.064826995 0.241747484 0.091633111 0.030088717 -0.017746981 0.995180130
1403636607.613555 -0.224687845 0.064727597 0.241460040 0.091630697 0.029974772 -0.017632036 0.995185971
1403636607.663556 -0.224707410 0.064750254 0.241525695 0.091632515 0.030048484 -0.017786356 0.995180607
1403636607.713556 -0.224712163 0.064731620 0.241559193 0.091612056 0.029971220 -0.017670782 0.995187163
1403636607.763556 -0.224693567 0.064782657 0.241647229 0.091616616 0.029936919 -0.017634397 0.995188355
1403636607.813555 -0.224717602 0.064785004 0.241677567 0.091629773 0.029956385 -0.017646955 0.995186388
1403636607.863556 -0.224768251 0.064780265 0.241685778 0.091621198 0.030016309 -0.017660063 0.995185137
1403636607.913555 -0.224762455 0.064738773 0.241566539 0.091586836 0.030099804 -0.017809244 0.995182872
1403636607.963556 -0.224762276 0.064724691 0.241553620 0.091552153 0.030102594 -0.017864384 0.995185018
1403636608.013556 -0.224728972 0.064730085 0.241508186 0.091550529 0.030103812 -0.017862707 0.995185137
1403636608.063555 -0.224823758 0.064796343 0.241616160 0.091546163 0.030086087 -0.017837906 0.995186567
1403636608.113555 -0.224736497 0.064809442 0.241668805 0.091548964 0.030099798 -0.017813692 0.995186329
1403636608.163556 -0.224704906 0.064809695 0.241719797 0.091570400 0.030128762 -0.017785922 0.995183945
1403636608.213556 -0.224711776 0.064787202 0.241758659 0.091626488 0.029972887 -0.017592242 0.995187104
1403636608.263556 -0.224707112 0.064818628 0.241770968 0.091625571 0.030142428 -0.017753249 0.995178998
1403636608.313555 -0.224721789 0.064833812 0.241769403 0.091610417 0.030165249 -0.017797664 0.995178938
1403636608.363556 -0.224729076 0.064842090 0.241778612 0.091675915 0.029987862 -0.017579440 0.995182395
1403636608.413555 -0.224773839 0.064689301 0.241431087 0.091587514 0.030099250 -0.017777296 0.995183468
1403636608.463556 -0.224772185 0.064659141 0.241449133 0.091606982 0.030098716 -0.017771998 0.995181739
1403636608.513556 -0.224784434 0.064644039 0.241469532 0.091588639 0.030119693 -0.017775225 0.995182812
1403636608.563555 -0.224714428 0.064757042 0.241630808 0.091668330 0.029989192 -0.017531214 0.995183885
1403636608.613555 -0.224721670 0.064796895 0.241664216 0.091623478 0.030090228 -0.017720403 0.995181382
1403636608.663556 -0.224725127 0.064809360 0.241692528 0.091600820 0.030086499 -0.017735813 0.995183289
1403636608.713556 -0.224729866 0.064817347 0.241717279 0.091581166 0.030104728 -0.017768713 0.995183945
1403636608.763556 -0.224735260 0.064826488 0.241731465 0.091594897 0.030090492 -0.017767126 0.995183170
1403636608.813555 -0.224747837 0.064810492 0.241748393 0.091598779 0.030073855 -0.017785018 0.995182991
1403636608.863556 -0.224761754 0.064811788 0.241753489 0.091605633 0.030068064 -0.017777022 0.995182693
1403636608.913555 -0.224783137 0.064744003 0.241576716 0.091493264 0.030174140 -0.017874792 0.995187998
1403636608.963556 -0.224802196 0.064736664 0.241514936 0.091485903 0.030196397 -0.017833784 0.995188713
1403636609.013556 -0.224802881 0.064720474 0.241508007 0.091486223 0.030185975 -0.017872445 0.995188296
1403636609.063555 -0.224918038 0.064759478 0.241248310 0.091613226 0.030061087 -0.017714761 0.995183289
1403636609.113555 -0.224826455 0.064719506 0.241335884 0.091614902 0.030071791 -0.017731637 0.995182514
1403636609.163556 -0.224769533 0.064691253 0.241419464 0.091636717 0.030107217 -0.017708207 0.995179892
1403636609.213556 -0.224761397 0.064711936 0.241537318 0.091647610 0.030122656 -0.017697625 0.995178580
1403636609.263556 -0.224775985 0.064722411 0.241614163 0.091637015 0.030121468 -0.017714562 0.995179296
1403636609.313555 -0.224755317 0.064744458 0.241678521 0.091634750 0.030096510 -0.017742623 0.995179772
1403636609.363556 -0.224746212 0.064732298 0.241696596 0.091639772 0.030059863 -0.017752450 0.995180249
1403636609.413555 -0.224808678 0.064830795 0.241748005 0.091565214 0.030165905 -0.017814409 0.995182812
1403636609.463556 -0.224814832 0.064837381 0.241700485 0.091569334 0.030168429 -0.017838670 0.995181978
1403636609.513556 -0.224760324 0.064743124 0.241613403 0.091593899 0.030066520 -0.017781425 0.995183706
1403636609.563555 -0.224825516 0.064547963 0.241588503 0.091517851 0.030182935 -0.017839264 0.995186090
1403636609.613555 -0.224728599 0.064702839 0.241690189 0.091626778 0.030053020 -0.017706241 0.995182455
1403636609.663556 -0.224708810 0.064726882 0.241683364 0.091629408 0.030018819 -0.017660322 0.995184064
1403636609.713556 -0.224632576 0.064744949 0.241672739 0.091606401 0.030086098 -0.017748967 0.995182633
1403636609.763556 -0.224660635 0.064782776 0.241734266 0.091644481 0.030086603 -0.017651023 0.995180845
1403636609.813555 -0.224743932 0.064787865 0.241796255 0.091731474 0.029877540 -0.017530691 0.995181382
1403636609.863556 -0.224732965 0.064760253 0.241620496 0.091623537 0.030065870 -0.017728778 0.995181978
1403636609.913555 -0.224748984 0.064773381 0.241536498 0.091604054 0.030124227 -0.017758470 0.995181382
1403636609.963556 -0.224753112 0.064800225 0.241513133 0.091581255 0.030098464 -0.017774045 0.995184064
1403636610.013556 -0.224700764 0.064777568 0.241499826 0.091568291 0.030145863 -0.017755080 0.995184183
1403636610.063555 -0.224783719 0.064929873 0.241731688 0.091626704 0.030104188 -0.017731890 0.995180428
1403636610.113555 -0.224767119 0.064905524 0.241725951 0.091626078 0.030138671 -0.017682146 0.995180309
1403636610.163556 -0.224762022 0.064902775 0.241687000 0.091594025 0.030158352 -0.017728718 0.995181859
1403636610.213556 -0.224745020 0.064882115 0.241628587 0.091601409 0.030140920 -0.017664980 0.995182812
1403636610.263556 -0.224761978 0.064888559 0.241607055 0.091543421 0.030095091 -0.017790591 0.995187283
1403636610.313555 -0.224774331 0.064836636 0.241705239 0.091719531 0.029982146 -0.017360095 0.995182395
1403636610.363556 -0.224810302 0.064794175 0.241490141 0.091551967 0.030119222 -0.017700277 0.995187402
1403636610.413555 -0.224691167 0.064666554 0.241454139 0.091516964 0.030110486 -0.017750768 0.995190024
1403636610.463556 -0.224674076 0.064625829 0.241433278 0.091540121 0.030102620 -0.017685203 0.995189250
1403636610.513556 -0.224676684 0.064638458 0.241424426 0.091523357 0.030074462 -0.017800178 0.995189607
1403636610.563555 -0.224776983 0.064779982 0.241864786 0.091627851 0.029976815 -0.017621530 0.995186150
1403636610.613555 -0.224827439 0.064774729 0.241803735 0.091496170 0.030030679 -0.017798956 0.995193422
1403636610.663556 -0.224751115 0.064785227 0.241786316 0.091534473 0.030035891 -0.017747320 0.995190740
1403636610.713556 -0.224675611 0.064729176 0.241714790 0.091603495 0.029950811 -0.017727017 0.995187342
1403636610.763556 -0.224762917 0.064776197 0.241616115 0.091574483 0.029894231 -0.017862126 0.995189250
1403636610.813555 -0.224595204 0.064683385 0.241389751 0.091513544 0.029928723 -0.017963210 0.995191991
1403636610.863556 -0.224729434 0.064873084 0.241416365 0.091757178 0.029857617 -0.017825741 0.995174170
1403636610.913555 -0.224710032 0.064770639 0.241727814 0.091549046 0.029908435 -0.018023010 0.995188296
1403636610.963556 -0.224737689 0.064669266 0.241691664 0.091689564 0.029769218 -0.017868891 0.995182276
1403636611.013556 -0.224688560 0.064670943 0.241834417 0.091563933 0.030009916 -0.017911721 0.995185852
1403636611.063555 -0.224526271 0.064760484 0.241836101 0.091663443 0.029797703 -0.017943162 0.995182514
1403636611.113555 -0.224572703 0.064809822 0.241820812 0.091650717 0.029935148 -0.017907599 0.995180190
1403636611.163556 -0.224680141 0.064835832 0.241723821 0.091670215 0.029880773 -0.017926307 0.995179713
1403636611.213556 -0.224703565 0.064837709 0.241760120 0.091626517 0.029925218 -0.018036133 0.995180428
1403636611.263556 -0.224706799 0.064751022 0.241773039 0.091677286 0.029955285 -0.017866481 0.995177865
1403636611.313555 -0.224714682 0.064743385 0.241801307 0.091589950 0.029973987 -0.017928047 0.995184243
1403636611.363556 -0.224835336 0.064392194 0.241755620 0.092169292 0.029808205 -0.017194511 0.995148659
1403636611.413555 -0.224749938 0.064688511 0.241730690 0.091806933 0.030082243 -0.017763188 0.995163798
1403636611.463556 -0.225123629 0.065145299 0.241811067 0.091958828 0.029723551 -0.016916877 0.995175302
1403636611.513556 -0.225291416 0.065542214 0.241776332 0.091109715 0.030208595 -0.018402511 0.995212376
1403636611.563555 -0.225545496 0.065402143 0.241921902 0.091672622 0.029751640 -0.017277291 0.995195031
1403636611.613555 -0.225417897 0.065427355 0.241917118 0.091595642 0.029988512 -0.017817577 0.995185554
1403636611.663556 -0.225495055 0.065299451 0.241976485 0.091741741 0.029904054 -0.017123416 0.995186806
1403636611.713556 -0.225276977 0.065527827 0.241894647 0.091405742 0.030246878 -0.017864943 0.995194316
1403636611.763556 -0.225237906 0.065352432 0.241877288 0.091767453 0.030139679 -0.017401667 0.995172322
1403636611.813555 -0.225251928 0.065312788 0.241687417 0.091720082 0.030117784 -0.017155487 0.995181561
1403636611.863556 -0.225040138 0.065517604 0.241607323 0.091273665 0.030388607 -0.017747564 0.995204210
1403636611.913555 -0.224974096 0.065349460 0.241880327 0.091453172 0.030115729 -0.017848786 0.995193958
1403636611.963556 -0.224934861 0.065124854 0.241984129 0.091748409 0.030095825 -0.017413650 0.995175064
1403636612.013556 -0.224851862 0.065093823 0.242041543 0.091971129 0.030201972 -0.017031807 0.995157897
1403636612.063555 -0.225138202 0.065351084 0.241593510 0.091571681 0.029918492 -0.017862985 0.995189071
1403636612.113555 -0.224988133 0.064980492 0.241738901 0.092157871 0.029973077 -0.016633753 0.995154321
1403636612.163556 -0.224860609 0.064913370 0.241665497 0.092195988 0.030118354 -0.016885558 0.995142162
1403636612.213556 -0.224995479 0.065058380 0.241796717 0.092144929 0.029785756 -0.016802600 0.995158315
1403636612.263556 -0.224792987 0.065848149 0.241793603 0.090967268 0.030483259 -0.019736361 0.995191693
1403636612.313555 -0.224933237 0.064946756 0.241528794 0.092277043 0.029937437 -0.016532205 0.995145977
1403636612.363556 -0.224831596 0.065671355 0.241790071 0.091284819 0.030139813 -0.019264547 0.995182574
1403636612.413555 -0.224913746 0.065127335 0.242104501 0.091984965 0.030205678 -0.017211564 0.995153368
1403636612.463556 -0.224824950 0.065619253 0.242167458 0.091220245 0.030468130 -0.019264726 0.995178163
1403636612.513556 -0.224682540 0.065070957 0.241858125 0.091970660 0.030070808 -0.017248932 0.995158255
1403636612.563555 -0.224545613 0.065229729 0.242101833 0.091245294 0.030430771 -0.018879056 0.995184362
1403636612.613555 -0.224651039 0.065152861 0.241470918 0.091724351 0.030117581 -0.017525166 0.995174646
1403636612.663556 -0.224656790 0.065370448 0.241521537 0.091400713 0.030154970 -0.018502643 0.995185614
1403636612.713556 -0.224811286 0.065202400 0.241730317 0.091775902 0.030101262 -0.017573018 0.995169640
1403636612.763556 -0.224801049 0.065330274 0.241490155 0.091359586 0.030099025 -0.018403269 0.995193005
1403636612.813555 -0.224816561 0.065114819 0.241544545 0.091564447 0.030109232 -0.017797703 0.995184839
1403636612.863556 -0.224777460 0.065160111 0.241640866 0.091520242 0.030130450 -0.018008027 0.995184481
1403636612.913555 -0.224966213 0.065417781 0.241928548 0.091349304 0.030284697 -0.018381668 0.995188534
1403636612.963556 -0.224937871 0.065435626 0.241918221 0.091452464 0.030311566 -0.018123200 0.995183051
1403636613.013556 -0.224690318 0.065439619 0.241910085 0.091436349 0.030275786 -0.017989790 0.995188117
1403636613.063555 -0.224737480 0.065178514 0.241965100 0.091525175 0.030335616 -0.017817840 0.995181084
1403636613.113555 -0.224747628 0.065437399 0.241940543 0.091425799 0.030183427 -0.018176310 0.995188475
1403636613.163556 -0.224825069 0.065120228 0.242039666 0.091501392 0.030407840 -0.017720899 0.995182812
1403636613.213556 -0.224896550 0.065478042 0.242110819 0.091398031 0.030369610 -0.018143592 0.995186031
1403636613.263556 -0.224949494 0.065192245 0.241884410 0.091477871 0.030362451 -0.017817857 0.995184600
1403636613.313555 -0.224844411 0.065273188 0.241893753 0.091279000 0.030541861 -0.018313220 0.995188415
1403636613.363556 -0.224911407 0.065142669 0.241930768 0.091525055 0.030366031 -0.017743193 0.995181501
1403636613.413555 -0.225043997 0.065347686 0.241740346 0.091241576 0.030435057 -0.018285140 0.995195568
1403636613.463556 -0.225083083 0.065289974 0.241752878 0.091436505 0.030448167 -0.017706588 0.995187759
1403636613.513556 -0.224983230 0.065539211 0.241705939 0.091289364 0.030476751 -0.018178279 0.995191872
1403636613.563555 -0.225015268 0.065497711 0.241671637 0.091477625 0.030411623 -0.017721063 0.995184839
1403636613.613555 -0.224923715 0.065556049 0.241483480 0.091477908 0.030366767 -0.017836306 0.995184243
1403636613.663556 -0.225019157 0.065436982 0.241812721 0.091497332 0.030408692 -0.017703334 0.995183468
1403636613.713556 -0.224999309 0.065485582 0.241876975 0.091394573 0.030512659 -0.017929275 0.995185614
1403636613.763556 -0.225012660 0.065484330 0.241978779 0.091416486 0.030517355 -0.017812520 0.995185614
1403636613.813555 -0.225024179 0.065466091 0.241997615 0.091400042 0.030500567 -0.017866896 0.995186627
1403636613.863556 -0.225026175 0.065405495 0.241969407 0.091432340 0.030441355 -0.017839374 0.995185971
1403636613.913555 -0.225022614 0.065277852 0.241816401 0.091271535 0.030536145 -0.018161464 0.995191991
1403636613.963556 -0.225026637 0.065297194 0.241871238 0.091289386 0.030514527 -0.018119715 0.995191753
1403636614.013556 -0.225015059 0.065325499 0.241916820 0.091322109 0.030543389 -0.018052410 0.995189130
1403636614.063555 -0.225073889 0.065413915 0.241908714 0.091302879 0.030586291 -0.018089140 0.995188892
1403636614.113555 -0.225055754 0.065351009 0.241896302 0.091348492 0.030597374 -0.018026365 0.995185494
1403636614.163556 -0.225064620 0.065327413 0.241859719 0.091326699 0.030610345 -0.018113215 0.995185554
1403636614.213556 -0.225034684 0.065296814 0.241844282 0.091355301 0.030562578 -0.018045839 0.995185614
1403636614.263556 -0.225011334 0.065362141 0.241866097 0.091279529 0.030575870 -0.018181061 0.995189667
1403636614.313555 -0.225023836 0.065329455 0.241857782 0.091356948 0.030608265 -0.018002417 0.995184839
1403636614.363556 -0.224962890 0.065326445 0.241983950 0.091259889 0.030653244 -0.018205481 0.995188653
1403636614.413555 -0.225043118 0.065198720 0.241806090 0.091358140 0.030540254 -0.017920345 0.995188117
1403636614.463556 -0.225047454 0.065264866 0.241759613 0.091247737 0.030621164 -0.018250531 0.995189726
1403636614.513556 -0.225053713 0.065712489 0.242115945 0.091576941 0.030479861 -0.017601725 0.995175779
1403636614.563555 -0.225029454 0.065455429 0.242000118 0.091332503 0.030570595 -0.018156437 0.995185256
1403636614.613555 -0.225015074 0.065375522 0.242064446 0.091393165 0.030538261 -0.017945070 0.995184541
1403636614.663556 -0.225028306 0.065314144 0.242096454 0.091313422 0.030560141 -0.018138891 0.995187700
1403636614.713556 -0.224983081 0.065194607 0.242072523 0.091361575 0.030559294 -0.017956933 0.995186567
1403636614.763556 -0.224974424 0.065218933 0.241944164 0.091315739 0.030534940 -0.018123472 0.995188534
1403636614.813555 -0.224989235 0.065342762 0.241997570 0.091357522 0.030537641 -0.018009176 0.995186806
1403636614.863556 -0.225038424 0.065338314 0.242031768 0.091359936 0.030504886 -0.018098038 0.995185971
1403636614.913555 -0.225016713 0.065206550 0.241632193 0.091314375 0.030526809 -0.018056734 0.995190024
1403636614.963556 -0.225007892 0.065237246 0.241653904 0.091257170 0.030580351 -0.018147968 0.995191991
1403636615.013556 -0.224983469 0.065199643 0.241653576 0.091306791 0.030611847 -0.018048076 0.995188296
1403636615.063555 -0.224968940 0.065195553 0.241880238 0.091312237 0.030562464 -0.018040739 0.995189428
1403636615.113555 -0.225002527 0.065227263 0.241866589 0.091311947 0.030529726 -0.018128067 0.995188892
1403636615.163556 -0.225040480 0.065336637 0.242240608 0.091374256 0.030505063 -0.018053729 0.995185494
1403636615.213556 -0.225008816 0.065309219 0.242142096 0.091331743 0.030535143 -0.018143181 0.995186806
1403636615.263556 -0.224961728 0.065158643 0.241668746 0.091327347 0.030593989 -0.018134553 0.995185375
1403636615.313555 -0.225010261 0.065329112 0.242075697 0.091310024 0.030508304 -0.018173298 0.995189071
1403636615.363556 -0.224982858 0.065170288 0.241526201 0.091277428 0.030565303 -0.018156795 0.995190442
1403636615.413555 -0.225020006 0.065256454 0.241851524 0.091292948 0.030591378 -0.018208759 0.995187402
1403636615.463556 -0.225014776 0.065219060 0.241823897 0.091322936 0.030581664 -0.018184599 0.995185375
1403636615.513556 -0.225030258 0.065224208 0.241817668 0.091293231 0.030604074 -0.018215034 0.995186865
1403636615.563555 -0.225036561 0.065349966 0.241726995 0.091286600 0.030564392 -0.018114299 0.995190382
1403636615.613555 -0.225035116 0.065327957 0.241914794 0.091284245 0.030541921 -0.018167749 0.995190561
1403636615.663556 -0.224990055 0.065207265 0.241593227 0.091283113 0.030533349 -0.018113932 0.995191634
1403636615.713556 -0.225022495 0.065196238 0.241566762 0.091282740 0.030484203 -0.018221807 0.995191395
1403636615.763556 -0.225019336 0.065214232 0.241518766 0.091304272 0.030519821 -0.018118620 0.995190024
1403636615.813555 -0.224980339 0.065236285 0.241540506 0.091255970 0.030584522 -0.018180028 0.995191395
1403636615.863556 -0.224970043 0.065201215 0.241580397 0.091289550 0.030516868 -0.018127497 0.995191455
1403636615.913555 -0.224982023 0.065279193 0.241910860 0.091383107 0.030495308 -0.017952479 0.995186627
1403636615.963556 -0.225000709 0.065236092 0.241930276 0.091417439 0.030496145 -0.017902019 0.995184362
1403636616.013556 -0.224993214 0.065199368 0.241814479 0.091245256 0.030515958 -0.018157877 0.995194972
1403636616.063555 -0.224952832 0.065222114 0.241784751 0.091265321 0.030493924 -0.018104132 0.995194674
1403636616.113555 -0.224929228 0.065243453 0.241806403 0.091241539 0.030553093 -0.018101148 0.995195091
1403636616.163556 -0.224999666 0.065263398 0.241985634 0.091285996 0.030525738 -0.018069791 0.995192647
1403636616.213556 -0.224964589 0.065254964 0.241842687 0.091244079 0.030533994 -0.018135674 0.995194852
1403636616.263556 -0.224973753 0.065254763 0.241834387 0.091236584 0.030542109 -0.018151566 0.995194972
1403636616.313555 -0.224993929 0.065296583 0.241960019 0.091256052 0.030556565 -0.018162332 0.995192587
1403636616.363556 -0.225018382 0.065249294 0.241776511 0.091265202 0.030558657 -0.018143073 0.995191991
1403636616.413555 -0.225045457 0.065270156 0.241888568 0.091374964 0.030522715 -0.017934129 0.995187044
1403636616.463556 -0.225032926 0.065215573 0.241865382 0.091372959 0.030521413 -0.017924661 0.995187402
1403636616.513556 -0.224985793 0.065181904 0.241838247 0.091343366 0.030559720 -0.017921606 0.995189011
1403636616.563555 -0.225021377 0.065180317 0.241957620 0.091300905 0.030534953 -0.017916797 0.995193720
1403636616.613555 -0.225014061 0.065232612 0.242006004 0.091255151 0.030527348 -0.018147506 0.995194018
1403636616.663556 -0.224928752 0.065195844 0.241814092 0.091343150 0.030509310 -0.017923556 0.995190561
1403636616.713556 -0.224944130 0.065213785 0.241791606 0.091363750 0.030487576 -0.017922388 0.995189309
1403636616.763556 -0.224941760 0.065195851 0.241723642 0.091374785 0.030487578 -0.017891221 0.995188892
1403636616.813555 -0.225024387 0.065210640 0.241821021 0.091325767 0.030511936 -0.018103115 0.995188773
1403636616.863556 -0.225004360 0.065186121 0.241778433 0.091398329 0.030479969 -0.017907528 0.995186687
1403636616.913555 -0.224952623 0.065243751 0.241785362 0.091381334 0.030489935 -0.017859533 0.995188773
1403636616.963556 -0.224948734 0.065276019 0.241799578 0.091398768 0.030493738 -0.017846528 0.995187223
1403636617.013556 -0.225039661 0.065328285 0.241959006 0.091407016 0.030473633 -0.017913206 0.995185912
1403636617.063555 -0.225102872 0.065281145 0.242041156 0.091292650 0.030583970 -0.018153841 0.995188713
1403636617.113555 -0.225070223 0.065270700 0.241955847 0.091373943 0.030482827 -0.017947745 0.995188057
1403636617.163556 -0.225056440 0.065191098 0.241801098 0.091277249 0.030521395 -0.018178942 0.995191336
1403636617.213556 -0.225036427 0.065237366 0.241838679 0.091389842 0.030510848 -0.017937873 0.995185912
1403636617.263556 -0.225061446 0.065258548 0.241850182 0.091270044 0.030562114 -0.018204482 0.995190501
1403636617.313555 -0.225021511 0.065231517 0.241741285 0.091357574 0.030486152 -0.017961482 0.995189190
1403636617.363556 -0.225029901 0.065235898 0.241770893 0.091361322 0.030484190 -0.017965369 0.995188892
1403636617.413555 -0.224980876 0.065299504 0.241877124 0.091378257 0.030477799 -0.017902309 0.995188653
1403636617.463556 -0.224968821 0.065291502 0.241916269 0.091398932 0.030485019 -0.017913509 0.995186329
1403636617.513556 -0.224917144 0.065270871 0.241949543 0.091363519 0.030460317 -0.017975971 0.995189190
1403636617.563555 -0.224950641 0.065222412 0.241957098 0.091259785 0.030515647 -0.018221311 0.995192587
1403636617.613555 -0.224882662 0.065251403 0.241859376 0.091371477 0.030420948 -0.018000506 0.995189250
1403636617.663556 -0.224964455 0.065206893 0.241884604 0.091271341 0.030519152 -0.018200560 0.995191753
1403636617.713556 -0.224934950 0.065171480 0.241729140 0.091266051 0.030543981 -0.018210320 0.995191097
1403636617.763556 -0.224942639 0.065213777 0.241843477 0.091389157 0.030474959 -0.017895471 0.995187879
1403636617.813555 -0.224984169 0.065197058 0.241723537 0.091246270 0.030538797 -0.018193474 0.995193422
1403636617.863556 -0.224966973 0.065187328 0.241691723 0.091212720 0.030544754 -0.018182101 0.995196521
1403636617.913555 -0.225007623 0.065264963 0.241817638 0.091398932 0.030441089 -0.017861107 0.995188534
1403636617.963556 -0.225008860 0.065231659 0.241832286 0.091398627 0.030441498 -0.017832123 0.995189130
1403636618.013556 -0.224980935 0.065178238 0.241826177 0.091381885 0.030454000 -0.017859109 0.995189786
1403636618.063555 -0.224946156 0.065310337 0.242140993 0.091330551 0.030431168 -0.017903456 0.995194435
1403636618.113555 -0.225028634 0.065269947 0.241984993 0.091360927 0.030458827 -0.017869430 0.995191395
1403636618.163556 -0.225030720 0.065255322 0.241903201 0.091362327 0.030480249 -0.017851479 0.995190918
1403636618.213556 -0.225045517 0.065228030 0.241811603 0.091370106 0.030438786 -0.017942669 0.995189846
1403636618.263556 -0.225034624 0.065190412 0.241919607 0.091253608 0.030538084 -0.018233392 0.995192230
1403636618.313555 -0.225025833 0.065160103 0.241700798 0.091364592 0.030430714 -0.017916000 0.995191097
1403636618.363556 -0.224998847 0.065125391 0.241687194 0.091232948 0.030543430 -0.018176181 0.995194793
1403636618.413555 -0.224936172 0.065312684 0.241946727 0.091339879 0.030452423 -0.017849864 0.995193839
1403636618.463556 -0.224931195 0.065330267 0.241944820 0.091353789 0.030469250 -0.017850451 0.995192051
1403636618.513556 -0.225047112 0.065111555 0.241652593 0.091703311 0.030482737 -0.018016441 0.995156467
1403636618.563555 -0.225097597 0.064993590 0.241558164 0.091438003 0.030623240 -0.018342156 0.995170414
1403636618.613555 -0.225150838 0.064982742 0.241581887 0.091407403 0.030590126 -0.018283812 0.995175362
1403636618.663556 -0.225164890 0.065071784 0.241792992 0.091437027 0.030495824 -0.017926294 0.995182216
1403636618.713556 -0.225111872 0.065071724 0.241670072 0.091093659 0.030469377 -0.017856926 0.995215774
1403636618.763556 -0.225191742 0.065047562 0.241703421 0.091203131 0.030627921 -0.018152151 0.995195568
1403636618.813555 -0.225150242 0.065083526 0.241734013 0.091375701 0.030444853 -0.017717302 0.995193124
1403636618.863556 -0.225058988 0.065098509 0.241704032 0.091407634 0.030538572 -0.017786879 0.995186150
1403636618.913555 -0.225031793 0.065151669 0.241896838 0.091741875 0.030475445 -0.017642727 0.995159864
1403636618.963556 -0.225001127 0.065210566 0.241948381 0.091684900 0.030505175 -0.017727636 0.995162725
1403636619.013556 -0.225013629 0.065205038 0.241946921 0.091722153 0.030466339 -0.017577346 0.995163083
1403636619.063555 -0.225199863 0.065014623 0.241630554 0.091628283 0.030406332 -0.017694598 0.995171547
1403636619.113555 -0.225149885 0.064856499 0.241385266 0.091336675 0.030502815 -0.017841680 0.995192587
1403636619.163556 -0.225046530 0.065100268 0.241628736 0.091285631 0.030391192 -0.017633693 0.995204508
1403636619.213556 -0.225058466 0.065059558 0.241513908 0.091061607 0.030527391 -0.017845616 0.995217204
1403636619.263556 -0.225037217 0.065106727 0.241598248 0.091021203 0.030553415 -0.017904881 0.995218992
1403636619.313555 -0.224971712 0.065108135 0.241668329 0.091124624 0.030517161 -0.018004462 0.995208681
1403636619.363556 -0.224949896 0.065088622 0.241793573 0.091655344 0.030414201 -0.017744906 0.995167851
1403636619.413555 -0.224948809 0.065109603 0.241886884 0.091627248 0.030471414 -0.017715698 0.995169163
1403636619.463556 -0.224982366 0.065152496 0.241881698 0.091553122 0.030421121 -0.017642092 0.995178819
1403636619.513556 -0.225039393 0.065426201 0.242064968 0.091300435 0.030416992 -0.017939309 0.995196819
1403636619.563555 -0.225124359 0.065424241 0.241885632 0.091195956 0.030379144 -0.017860301 0.995208919
1403636619.613555 -0.225149751 0.065407246 0.242015749 0.091241390 0.030492401 -0.018028621 0.995198309
1403636619.663556 -0.225097597 0.065345526 0.241998821 0.091443770 0.030448297 -0.017651316 0.995187938
1403636619.713556 -0.225099325 0.065302633 0.241892189 0.091312580 0.030431936 -0.017742293 0.995198846
1403636619.763556 -0.225136161 0.065167122 0.241789743 0.091221139 0.030561123 -0.017943626 0.995199740
1403636619.813555 -0.225134984 0.065159507 0.241763368 0.091201536 0.030568667 -0.018032731 0.995199680
1403636619.863556 -0.225062311 0.065270312 0.241938755 0.091403559 0.030493217 -0.017580254 0.995191455
1403636619.913555 -0.224965364 0.065252259 0.242025167 0.091283001 0.030483827 -0.017492950 0.995204329
1403636619.963556 -0.224966571 0.065261111 0.241992801 0.091391258 0.030446311 -0.017506130 0.995195329
1403636620.013556 -0.225207806 0.065183207 0.242068231 0.091397516 0.030382158 -0.017650900 0.995194256
1403636620.063555 -0.225217789 0.065183729 0.242051333 0.091343075 0.030423492 -0.017708624 0.995196939
1403636620.113555 -0.225095019 0.065161422 0.241937250 0.091352724 0.030536093 -0.017607022 0.995194376
1403636620.163556 -0.225111008 0.065271795 0.241895407 0.091412582 0.030483132 -0.017823059 0.995186687
1403636620.213556 -0.225044236 0.065285474 0.241796866 0.091430746 0.030484920 -0.017827567 0.995184898
1403636620.263556 -0.224980533 0.065327585 0.241832167 0.091444388 0.030441953 -0.017846739 0.995184481
1403636620.313555 -0.224960282 0.065259881 0.241751239 0.091365971 0.030489212 -0.017786862 0.995191455
1403636620.363556 -0.224829361 0.065217435 0.241809085 0.091356128 0.030505441 -0.017696701 0.995193362
1403636620.413555 -0.225049898 0.065267570 0.241946325 0.091372818 0.030502608 -0.017627941 0.995193183
1403636620.463556 -0.225074455 0.065267876 0.241928279 0.091307275 0.030546816 -0.017684067 0.995196879
1403636620.513556 -0.224995062 0.065280408 0.241961390 0.091409616 0.030473920 -0.017785780 0.995187879
1403636620.563555 -0.224804059 0.065274395 0.242099836 0.091342278 0.030459125 -0.017616078 0.995197475
1403636620.613555 -0.224833935 0.065370403 0.242157415 0.091422960 0.030390032 -0.017741449 0.995189965
1403636620.663556 -0.224876642 0.065241769 0.241896272 0.091253996 0.030473473 -0.018149342 0.995195508
1403636620.713556 -0.224867105 0.065340102 0.242118150 0.091422930 0.030420737 -0.017783646 0.995188296
1403636620.763556 -0.224857926 0.065334871 0.242082909 0.091424562 0.030384501 -0.017796477 0.995189071
1403636620.813555 -0.224833474 0.065312356 0.241998181 0.091463044 0.030402489 -0.017772075 0.995185494
1403636620.863556 -0.224840477 0.065336250 0.241967753 0.091449223 0.030413432 -0.017784208 0.995186210
1403636620.913555 -0.225087315 0.065347314 0.241814137 0.091435626 0.030547177 -0.017452052 0.995189190
1403636620.963556 -0.225104183 0.065319754 0.241793633 0.091390476 0.030503314 -0.017465105 0.995194495
1403636621.013556 -0.224879295 0.065385647 0.242389098 0.091437913 0.030273261 -0.017738145 0.995192289
1403636621.063555 -0.224805132 0.065467343 0.242546737 0.091166615 0.030429358 -0.018262058 0.995202899
1403636621.113555 -0.224822849 0.065239303 0.242396072 0.091470063 0.030360643 -0.017719358 0.995187044
1403636621.163556 -0.225041553 0.065294459 0.242304862 0.091281421 0.030586490 -0.017956877 0.995193183
1403636621.213556 -0.224963203 0.065245926 0.242459565 0.091451868 0.030469000 -0.017813651 0.995183647
1403636621.263556 -0.225048840 0.065334022 0.242115870 0.091239609 0.030601865 -0.017937396 0.995196879
1403636621.313555 -0.224956557 0.065297551 0.242236093 0.091414265 0.030425901 -0.017852368 0.995187759
1403636621.363556 -0.225044727 0.065359712 0.241956443 0.091251366 0.030636245 -0.017862136 0.995196104
1403636621.413555 -0.225062534 0.065259725 0.241762161 0.091322310 0.030567877 -0.017844845 0.995192111
1403636621.463556 -0.225034520 0.065335840 0.241756052 0.091208063 0.030650953 -0.018140802 0.995194674
1403636621.513556 -0.225217730 0.065526076 0.242170498 0.091438606 0.030429050 -0.017835977 0.995185733
1403636621.563555 -0.225217164 0.065561518 0.242090121 0.091334291 0.030479325 -0.017906640 0.995192409
1403636621.613555 -0.225060940 0.065559492 0.242253527 0.091429673 0.030423790 -0.017852344 0.995186329
1403636621.663556 -0.224974200 0.065423295 0.241980910 0.091290422 0.030486988 -0.017904827 0.995196223
1403636621.713556 -0.224978596 0.065316021 0.241918325 0.091393806 0.030444423 -0.017721094 0.995191336
1403636621.763556 -0.224957570 0.065416321 0.242090762 0.091390707 0.030438706 -0.018022688 0.995186388
1403636621.813555 -0.225024611 0.065295175 0.241906330 0.091369636 0.030458864 -0.017797556 0.995191753
1403636621.863556 -0.225071713 0.065285295 0.241866916 0.091326877 0.030426519 -0.017848525 0.995195806
1403636621.913555 -0.224891797 0.065248087 0.241914257 0.091272317 0.030497527 -0.018033681 0.995195270
1403636621.963556 -0.224873945 0.065240152 0.241848603 0.091308363 0.030556314 -0.017975790 0.995191276
1403636622.013556 -0.224843368 0.065259688 0.241875112 0.091231160 0.030536529 -0.018131154 0.995196104
1403636622.063555 -0.225128993 0.065302826 0.242051587 0.091333225 0.030469263 -0.018046195 0.995190382
1403636622.113555 -0.225074932 0.065300852 0.241989985 0.091286093 0.030408496 -0.018111844 0.995195329
1403636622.163556 -0.225049019 0.065167509 0.241859183 0.091204457 0.030503251 -0.018435730 0.995194077
1403636622.213556 -0.224991798 0.065181471 0.241837516 0.091233492 0.030504147 -0.018384475 0.995192289
1403636622.263556 -0.224859267 0.065211326 0.241710991 0.091299541 0.030506592 -0.018055042 0.995192111
1403636622.313555 -0.224935159 0.065213442 0.241798058 0.091285318 0.030441087 -0.017927360 0.995197713
1403636622.363556 -0.224886224 0.065218598 0.241751179 0.091270708 0.030405778 -0.017989151 0.995199084
1403636622.413555 -0.224915147 0.065329522 0.241850287 0.091298968 0.030388234 -0.018010227 0.995196640
1403636622.463556 -0.224945098 0.065306850 0.241916627 0.091293603 0.030400533 -0.018028786 0.995196462
1403636622.513556 -0.224922955 0.065119460 0.241809428 0.091176525 0.030524375 -0.018397488 0.995196700
1403636622.563555 -0.224791408 0.064986542 0.242121637 0.091243006 0.030352645 -0.018066941 0.995201826
1403636622.613555 -0.224793345 0.065120421 0.242060304 0.091220908 0.030383257 -0.018095214 0.995202422
1403636622.663556 -0.224870756 0.065130740 0.241896659 0.091157712 0.030527290 -0.018376030 0.995198667
1403636622.713556 -0.224903584 0.065177113 0.241846338 0.091125213 0.030549511 -0.018292157 0.995202541
1403636622.763556 -0.224864453 0.065326579 0.241891131 0.091235176 0.030479692 -0.018030370 0.995199323
1403636622.813555 -0.224833459 0.065409519 0.241959065 0.091213323 0.030463904 -0.017977774 0.995202720
1403636622.863556 -0.224774063 0.065545298 0.241992071 0.091129839 0.030601392 -0.017931249 0.995206952
1403636622.913555 -0.224894464 0.065470822 0.241640866 0.091208346 0.030639049 -0.017519712 0.995206058
1403636622.963556 -0.224904507 0.065414183 0.241705626 0.091226898 0.030611947 -0.017344462 0.995208323
1403636623.013556 -0.224926487 0.065453380 0.241858661 0.091132618 0.030784804 -0.017525399 0.995208442
1403636623.063555 -0.224754259 0.065810844 0.242897198 0.090991534 0.030766182 -0.017613286 0.995220184
1403636623.113555 -0.224839330 0.065891847 0.242530674 0.091153070 0.030702695 -0.017383091 0.995211601
1403636623.163556 -0.224816695 0.065772563 0.243033111 0.090982541 0.030808203 -0.017835366 0.995215774
1403636623.213556 -0.224924088 0.065780163 0.242329210 0.091135085 0.030654155 -0.017458422 0.995213449
1403636623.263556 -0.224911064 0.065649785 0.242155552 0.091172703 0.030667894 -0.017366813 0.995211124
1403636623.313555 -0.224831060 0.065658741 0.242006019 0.091074601 0.030794648 -0.017509209 0.995213687
1403636623.363556 -0.224905863 0.065602161 0.241769642 0.091142923 0.030716667 -0.017240593 0.995214581
1403636623.413555 -0.224604964 0.065659098 0.241860390 0.091086306 0.030645341 -0.017300911 0.995220840
1403636623.463556 -0.224599198 0.065668523 0.241575047 0.091092505 0.030708382 -0.017185120 0.995220304
1403636623.513556 -0.224672452 0.065770075 0.241298482 0.091040827 0.030658433 -0.017236186 0.995225728
1403636623.563555 -0.225649402 0.066187732 0.239684984 0.091074288 0.030562209 -0.017102547 0.995227933
1403636623.613555 -0.224904507 0.065677471 0.240077600 0.090926908 0.030536931 -0.017053287 0.995243013
1403636623.663556 -0.224437028 0.065444306 0.240895048 0.090961218 0.030390991 -0.017095121 0.995243669
1403636623.713556 -0.224339455 0.065449193 0.241878137 0.090450071 0.030790273 -0.017915512 0.995263398
1403636623.763556 -0.224238127 0.065607004 0.242355615 0.090636209 0.030623291 -0.016936993 0.995268881
1403636623.813555 -0.224364161 0.065816574 0.243061095 0.090162009 0.030424764 -0.017478006 0.995308518
1403636623.863556 -0.224463373 0.065841913 0.243095562 0.089969866 0.030675398 -0.017071865 0.995325327
1403636623.913555 -0.224643096 0.065849714 0.241631150 0.090089776 0.030183269 -0.016647885 0.995336711
1403636623.963556 -0.224700212 0.065819904 0.241449520 0.089946769 0.030138990 -0.016326066 0.995356381
1403636624.013556 -0.224706784 0.065872423 0.241187289 0.089936204 0.030191945 -0.016668074 0.995350003
1403636624.063555 -0.223596781 0.065771513 0.242343739 0.089778736 0.030185996 -0.016432902 0.995368361
1403636624.113555 -0.224053159 0.065923028 0.242135093 0.089057498 0.029694725 -0.016463147 0.995447397
1403636624.163556 -0.224374577 0.065787658 0.242014006 0.088378727 0.029988173 -0.017228877 0.995486021
1403636624.213556 -0.224457264 0.065998718 0.241952479 0.088450477 0.029707799 -0.016875053 0.995494187
1403636624.263556 -0.224213213 0.066134870 0.241828680 0.088504173 0.029401762 -0.017037734 0.995495737
1403636624.313555 -0.224189728 0.066504382 0.242293671 0.087324955 0.026875367 -0.017513026 0.995663166
1403636624.363556 -0.225234255 0.067803018 0.240699753 0.086276904 0.022322135 -0.016544526 0.995883584
1403636624.413555 -0.225607917 0.069741964 0.239154473 0.084468789 0.018701566 -0.017129557 0.996103287
1403636624.463556 -0.226361781 0.072162248 0.237138078 0.083005533 0.013938980 -0.016749933 0.996310771
1403636624.513556 -0.226330698 0.075580396 0.235484868 0.080633752 0.009029550 -0.018338380 0.996534050
1403636624.563555 -0.226808339 0.078925520 0.232642755 0.078702562 0.005688540 -0.018561432 0.996708989
1403636624.613555 -0.227554440 0.083103798 0.229706198 0.077277966 0.004996000 -0.020294594 0.996790349
1403636624.663556 -0.227803528 0.087917663 0.227098599 0.075922124 0.007037191 -0.021923469 0.996847749
1403636624.713556 -0.229396164 0.093744822 0.224379569 0.074269146 0.007470890 -0.026270472 0.996864080
1403636624.763556 -0.230447009 0.100285038 0.220742449 0.073405191 0.010074547 -0.028771661 0.996836126
1403636624.813555 -0.232129380 0.107703522 0.216253206 0.070949830 0.006841868 -0.036322098 0.996794760
1403636624.863556 -0.231880113 0.115055084 0.209901273 0.068942413 0.003247779 -0.043106358 0.996683538
1403636624.913555 -0.230252907 0.122844547 0.202648476 0.066119820 -0.003361444 -0.051486317 0.996476650
1403636624.963556 -0.226572335 0.130239710 0.193729714 0.063577004 -0.009578252 -0.059345596 0.996164680
1403636625.013556 -0.220952183 0.136955380 0.184360892 0.061985381 -0.015477511 -0.064454235 0.995873272
1403636625.063555 -0.213193178 0.141891450 0.174213424 0.060764465 -0.021676522 -0.067689359 0.995618224
1403636625.113555 -0.204032332 0.145667166 0.164340273 0.060961202 -0.026975013 -0.068505503 0.995420873
1403636625.163556 -0.193385422 0.148022622 0.155108601 0.062579669 -0.029752873 -0.064235814 0.995526016
1403636625.213556 -0.180596232 0.149860889 0.145880073 0.064476348 -0.028422838 -0.060362101 0.995686233
1403636625.263556 -0.167793676 0.150575578 0.138472900 0.066120170 -0.024631551 -0.056861520 0.995885491
1403636625.313555 -0.157249749 0.150839880 0.133714423 0.067739621 -0.020922817 -0.054254692 0.996006906
1403636625.363556 -0.151402995 0.150979310 0.131311342 0.069285400 -0.018592566 -0.052770160 0.996026576
1403636625.413555 -0.151319221 0.150802404 0.131561756 0.069851361 -0.019985421 -0.052707933 0.995963335
1403636625.463556 -0.152695358 0.152234957 0.130641177 0.070309564 -0.023214411 -0.053129643 0.995838583
1403636625.513556 -0.156349525 0.152182177 0.133548871 0.070715033 -0.024863776 -0.052960571 0.995779097
1403636625.563555 -0.159498841 0.151597038 0.137193486 0.071161866 -0.025995862 -0.053579975 0.995685220
1403636625.613555 -0.159620032 0.149632961 0.143806621 0.071515478 -0.026048580 -0.054839980 0.995589852
1403636625.663556 -0.157100216 0.148194283 0.145735458 0.071787968 -0.024481110 -0.055511285 0.995572865
1403636625.713556 -0.148954406 0.145267442 0.148470506 0.072943784 -0.021325532 -0.054942437 0.995592952
1403636625.763556 -0.136735648 0.142004982 0.150638223 0.073516779 -0.016086398 -0.055086758 0.995641291
1403636625.813555 -0.120432198 0.137855545 0.151942223 0.074413829 -0.010902490 -0.054317735 0.995687127
1403636625.863556 -0.099895447 0.133243397 0.152678847 0.075653903 -0.004929359 -0.052772969 0.995724261
1403636625.913555 -0.076563999 0.128210321 0.152482197 0.076591864 -0.001314851 -0.051345497 0.995738506
1403636625.963556 -0.049848184 0.124400869 0.153405815 0.077483803 0.001607064 -0.050366677 0.995719194
1403636626.013556 -0.024508690 0.119234346 0.152310967 0.078212790 0.003991344 -0.049439475 0.995701969
1403636626.063555 -0.000228821 0.113938913 0.150979981 0.080041587 0.005077545 -0.045371361 0.995745301
1403636626.113555 0.021979004 0.107865840 0.148471296 0.082119048 0.005485479 -0.040650014 0.995777965
1403636626.163556 0.043982793 0.102940887 0.146476135 0.083955236 0.006009520 -0.035777315 0.995808780
1403636626.213556 0.064092495 0.098885529 0.144864276 0.085621551 0.006297877 -0.031521063 0.995809019
1403636626.263556 0.083771288 0.098860279 0.148311898 0.086778849 0.006382691 -0.028895449 0.995787799
1403636626.313555 0.097791217 0.097072951 0.148364857 0.087375253 0.006507438 -0.027944971 0.995761931
1403636626.363556 0.108046353 0.096242040 0.149169892 0.087286033 0.006689996 -0.028091496 0.995764434
1403636626.413555 0.114958614 0.096080862 0.150386497 0.086957142 0.007481952 -0.029875608 0.995735705
1403636626.463556 0.120099284 0.097345851 0.152503744 0.086163603 0.008595962 -0.032801930 0.995703578
1403636626.513556 0.124571122 0.099575669 0.154483885 0.085409626 0.012161525 -0.036124956 0.995616257
1403636626.563555 0.128078282 0.102597818 0.156150505 0.084686786 0.016045133 -0.039873499 0.995479941
1403636626.613555 0.130426690 0.106391981 0.157390490 0.084392846 0.019619605 -0.043322749 0.995296717
1403636626.663556 0.131513849 0.110733718 0.158150405 0.084250525 0.022411359 -0.046368241 0.995112658
1403636626.713556 0.130770102 0.115713574 0.158417419 0.084649593 0.021990467 -0.047760919 0.995022297
1403636626.763556 0.126926869 0.124656700 0.167809144 0.085894443 0.019837568 -0.048709147 0.994914889
1403636626.813555 0.123656280 0.130293623 0.167585716 0.086531773 0.016928116 -0.049324881 0.994883120
1403636626.863556 0.118783206 0.135789722 0.166709989 0.087012559 0.013121088 -0.050051484 0.994862378
1403636626.913555 0.113203585 0.141280204 0.165544152 0.087243721 0.008892979 -0.050796121 0.994851112
1403636626.963556 0.106393367 0.145733327 0.161780924 0.086838119 0.004265317 -0.052053094 0.994852304
1403636627.013556 0.099217989 0.151264042 0.159870073 0.086670518 -0.000143891 -0.052763134 0.994838595
1403636627.063555 0.092521578 0.156768948 0.157936871 0.086190037 -0.004172581 -0.053307369 0.994842589
1403636627.113555 0.087690562 0.161939934 0.155659139 0.086157538 -0.009103255 -0.053786114 0.994786739
1403636627.163556 0.086451694 0.166861832 0.152767912 0.086558186 -0.008013783 -0.053329423 0.994785905
1403636627.213556 0.087885633 0.171530724 0.149368152 0.086616404 -0.005332870 -0.053650036 0.994781613
1403636627.263556 0.091371469 0.175087407 0.143063799 0.086964734 -0.001640386 -0.053332407 0.994781494
1403636627.313555 0.097441815 0.179248244 0.138673648 0.087929130 0.001598152 -0.052126117 0.994760692
1403636627.363556 0.105488665 0.183248878 0.133643836 0.088301659 0.002903418 -0.051062766 0.994779825
1403636627.413555 0.117226988 0.187057525 0.125937134 0.088874526 0.003216571 -0.050185140 0.994772553
1403636627.463556 0.129353926 0.191201255 0.118190683 0.088783935 0.004104413 -0.048540309 0.994858980
1403636627.513556 0.140774205 0.195665643 0.111217789 0.087134220 0.002878090 -0.046551913 0.995104134
1403636627.563555 0.148797318 0.200762033 0.105016187 0.083981171 0.001931746 -0.044445544 0.995473802
1403636627.613555 0.152400851 0.206623361 0.099647410 0.079792723 0.000639084 -0.042915676 0.995887041
1403636627.663556 0.151596665 0.212452337 0.095474206 0.076054715 -0.002326714 -0.041943412 0.996218383
1403636627.713556 0.147341713 0.218734980 0.092319064 0.071173258 -0.006948933 -0.041002642 0.996596694
1403636627.763556 0.145607159 0.226184860 0.082342722 0.065328792 -0.012757545 -0.040201519 0.996972084
1403636627.813555 0.139000639 0.233479723 0.081430309 0.058963560 -0.018096164 -0.039189283 0.997326493
1403636627.863556 0.132341787 0.241030633 0.081174389 0.051933128 -0.023207627 -0.037921146 0.997660518
1403636627.913555 0.125334069 0.247951925 0.082294978 0.046132434 -0.028048342 -0.037336309 0.997843206
1403636627.963556 0.121688955 0.254630327 0.083825596 0.041015357 -0.030432714 -0.037106980 0.998005331
1403636628.013556 0.121811554 0.261005461 0.086494856 0.036575958 -0.031252030 -0.036660321 0.998169124
1403636628.063555 0.125657529 0.266602665 0.090345055 0.033314265 -0.028941585 -0.035818916 0.998383522
1403636628.113555 0.133261219 0.271789134 0.093522683 0.030888667 -0.022353912 -0.034413125 0.998680115
1403636628.163556 0.143544972 0.276625633 0.096845336 0.029451093 -0.013238352 -0.032028303 0.998965263
1403636628.213556 0.155038729 0.281252325 0.100223236 0.028699558 -0.004755578 -0.029267875 0.999148250
1403636628.263556 0.169488102 0.286133319 0.100132547 0.028630825 0.000951178 -0.025400151 0.999266982
1403636628.313555 0.182820439 0.290753514 0.102296419 0.029458784 0.005100389 -0.020738864 0.999337971
1403636628.363556 0.196805999 0.295988262 0.104262173 0.029916104 0.006818794 -0.018007498 0.999367118
1403636628.413555 0.210152328 0.301764905 0.106259830 0.030368777 0.007174621 -0.015665244 0.999390423
1403636628.463556 0.220707431 0.308296591 0.108878367 0.031042090 0.007378699 -0.014336700 0.999388218
1403636628.513556 0.231384516 0.313935906 0.113523826 0.031791169 0.006700096 -0.013272529 0.999383807
1403636628.563555 0.240054607 0.321915716 0.115772784 0.032652453 0.005989427 -0.012080585 0.999375701
1403636628.613555 0.247327492 0.330661297 0.118130654 0.034003917 0.005398350 -0.011272450 0.999343395
1403636628.663556 0.253088981 0.340744525 0.120889679 0.034669556 0.005268235 -0.011354028 0.999320328
1403636628.713556 0.257530481 0.351975441 0.123771720 0.033422843 0.005155091 -0.013109450 0.999341905
1403636628.763556 0.260006696 0.364376843 0.126789898 0.030128600 0.002903483 -0.015550007 0.999420702
1403636628.813555 0.261005640 0.377567858 0.130141124 0.025488498 -0.000539360 -0.017987249 0.999513030
1403636628.863556 0.261374712 0.391034931 0.133796602 0.020686010 -0.004709036 -0.019611243 0.999582469
1403636628.913555 0.263276428 0.404263675 0.137371853 0.016226036 -0.008953945 -0.020330722 0.999621391
1403636628.963556 0.266543061 0.417515218 0.138802722 0.012562567 -0.012414965 -0.020947805 0.999624372
1403636629.013556 0.267979115 0.431192607 0.148995548 0.009718354 -0.014575187 -0.020409001 0.999638200
1403636629.063555 0.275960654 0.444707781 0.147916093 0.006791508 -0.016047956 -0.019687025 0.999654233
1403636629.113555 0.285593152 0.458261728 0.146694526 0.003613480 -0.016558995 -0.019918106 0.999657869
1403636629.163556 0.293195158 0.471711129 0.142575026 -0.000674815 -0.016612399 -0.018396424 0.999692440
1403636629.213556 0.302049398 0.486082196 0.150995255 -0.005960166 -0.015424711 -0.016525948 0.999726593
1403636629.263556 0.309333920 0.500170112 0.151423961 -0.010946397 -0.013521326 -0.014495222 0.999743521
1403636629.313555 0.315737039 0.514276147 0.153060615 -0.015172755 -0.011029665 -0.011413097 0.999758840
1403636629.363556 0.321258068 0.528499007 0.157645464 -0.018333234 -0.008441365 -0.008135193 0.999763131
1403636629.413555 0.325831026 0.542137861 0.193551004 -0.020565530 -0.004967966 -0.003377675 0.999770343
1403636629.463556 0.328986049 0.557181716 0.198159918 -0.024355369 -0.001176225 0.002051900 0.999700427
1403636629.513556 0.330471158 0.572996080 0.203404069 -0.029302152 0.001036745 0.007406136 0.999542534
1403636629.563555 0.330048203 0.588552713 0.211477235 -0.035479374 0.000811969 0.011938740 0.999298632
1403636629.613555 0.329712510 0.607148230 0.236478344 -0.043877486 -0.001908164 0.014189754 0.998934090
1403636629.663556 0.326034069 0.625829756 0.244197235 -0.053157210 -0.006838950 0.016414506 0.998427629
1403636629.713556 0.321215779 0.645482659 0.252768368 -0.063207313 -0.011610133 0.018402595 0.997762918
1403636629.763556 0.314859897 0.666235268 0.265021980 -0.074110769 -0.015854310 0.020391203 0.996915221
1403636629.813555 0.310365051 0.687874138 0.281881928 -0.085357144 -0.018809428 0.023164041 0.995903254
1403636629.863556 0.303114772 0.709783137 0.294469744 -0.096549213 -0.021106562 0.026538895 0.994750202
1403636629.913555 0.296650767 0.731996298 0.308088958 -0.106857598 -0.022428311 0.029863223 0.993572414
1403636629.963556 0.294136763 0.753923476 0.335392147 -0.116173424 -0.022897359 0.032114636 0.992445230
1403636630.013556 0.290873706 0.775700927 0.348055720 -0.123497911 -0.022577452 0.034486398 0.991488099
1403636630.063555 0.289573133 0.797427475 0.360601544 -0.129627004 -0.020678600 0.036094047 0.990689576
1403636630.113555 0.295669049 0.819890797 0.383065343 -0.134897903 -0.015838858 0.036987063 0.990041912
1403636630.163556 0.299540460 0.841696560 0.397055954 -0.139238641 -0.008600840 0.037771065 0.989500523
1403636630.213556 0.305019706 0.863588274 0.410979569 -0.143175200 -0.001656801 0.037600931 0.988981128
1403636630.263556 0.315493762 0.885709286 0.428287506 -0.145948082 0.004542409 0.037975058 0.988552392
1403636630.313555 0.324002296 0.908026814 0.442027599 -0.148049459 0.008204503 0.037751939 0.988224804
1403636630.363556 0.333098888 0.930140555 0.455192477 -0.149280936 0.007664065 0.037829038 0.988040924
1403636630.413555 0.344856262 0.952023268 0.470171839 -0.150175959 0.006287700 0.037721448 0.987919092
1403636630.463556 0.359403342 0.971437871 0.487972796 -0.150605470 0.003339412 0.036390021 0.987918258
1403636630.513556 0.373521954 0.993054569 0.500562549 -0.150560886 0.001840444 0.035072040 0.987976670
1403636630.563555 0.388931423 1.014581203 0.513124764 -0.150597334 -0.000097460 0.032164693 0.988071740
1403636630.613555 0.406127900 1.035590053 0.525287807 -0.150297493 -0.000886375 0.029187882 0.988209426
1403636630.663556 0.420657367 1.056164503 0.539335847 -0.149442196 -0.002589138 0.026782770 0.988404214
1403636630.713556 0.434122890 1.076429605 0.554386497 -0.148326516 -0.003486523 0.025222981 0.988610506
1403636630.763556 0.446838170 1.095723152 0.570392609 -0.146778822 -0.003458828 0.025891418 0.988824308
1403636630.813555 0.458267093 1.116204739 0.584768057 -0.144771054 -0.004086531 0.027017986 0.989087641
1403636630.863556 0.468161613 1.135154724 0.602882028 -0.143085644 -0.003960511 0.028384246 0.989295125
1403636630.913555 0.476674765 1.154013395 0.621723056 -0.141223580 -0.003502668 0.029895645 0.989519894
1403636630.963556 0.484640300 1.172885060 0.641222000 -0.139665678 -0.003253518 0.031186927 0.989701986
1403636631.013556 0.491389215 1.192078114 0.661542594 -0.139031917 -0.002980487 0.031818844 0.989771962
1403636631.063555 0.497456163 1.211250544 0.682638764 -0.138009176 -0.001825675 0.031892497 0.989915550
1403636631.113555 0.505842030 1.234805703 0.698023319 -0.137429059 -0.000291924 0.031764507 0.990002036
1403636631.163556 0.510950506 1.253862143 0.719840109 -0.137090936 0.001220752 0.031565603 0.990054548
1403636631.213556 0.515809476 1.272708893 0.741840482 -0.136419073 0.003323944 0.031379290 0.990148485
1403636631.263556 0.520878494 1.292782187 0.764288962 -0.136237428 0.004711413 0.030650141 0.990190685
1403636631.313555 0.525169551 1.312031984 0.786702275 -0.135644734 0.004808696 0.030944016 0.990262389
1403636631.363556 0.528483093 1.331401229 0.809681714 -0.135506302 0.004858508 0.030315520 0.990300596
1403636631.413555 0.530349433 1.350568414 0.833337486 -0.135045707 0.004831841 0.030310627 0.990363717
1403636631.463556 0.530786693 1.369609237 0.857081711 -0.134913191 0.004646441 0.029409580 0.990409851
1403636631.513556 0.530057192 1.388425112 0.880907655 -0.134795383 0.004265074 0.028178206 0.990463436
1403636631.563555 0.528786242 1.406733751 0.904844820 -0.134898797 0.004391163 0.026670743 0.990490556
1403636631.613555 0.523397624 1.421081424 0.901587009 -0.134397164 0.003819889 0.025559895 0.990590394
1403636631.663556 0.523008764 1.438654184 0.924862087 -0.133827478 0.002965149 0.024599990 0.990694761
1403636631.713556 0.523818016 1.455849767 0.947541416 -0.133528799 0.002567012 0.023863964 0.990754128
1403636631.763556 0.524886668 1.475714564 0.970093906 -0.133074686 0.002030308 0.023155138 0.990833342
1403636631.813555 0.529328406 1.493112445 0.992055833 -0.132457018 0.002381658 0.022637557 0.990927279
1403636631.863556 0.535959184 1.510527492 1.014821172 -0.132565320 0.001734051 0.021466766 0.990940154
1403636631.913555 0.543810010 1.527423024 1.036978364 -0.132555217 0.000683028 0.020511316 0.990963101
1403636631.963556 0.552160859 1.543767691 1.059116602 -0.132609919 0.000257182 0.020051407 0.990965307
1403636632.013556 0.561028242 1.559300065 1.081036210 -0.132783607 0.000532525 0.020138942 0.990940213
1403636632.063555 0.569985569 1.570898056 1.099627972 -0.133254424 0.001909230 0.019630512 0.990885496
1403636632.113555 0.575619161 1.579745770 1.095420480 -0.133723050 0.003364838 0.018250359 0.990844846
1403636632.163556 0.584464133 1.591691017 1.114826798 -0.135475814 0.004605303 0.015202797 0.990653217
1403636632.213556 0.592440963 1.603081226 1.134403706 -0.136276573 0.004209895 0.014257059 0.990559161
1403636632.263556 0.600837350 1.619739652 1.158737063 -0.136419833 0.005100366 0.015362953 0.990518749
1403636632.313555 0.606542826 1.631571531 1.180846691 -0.136652723 0.005291785 0.016361646 0.990469635
1403636632.363556 0.610397100 1.642521143 1.203176737 -0.136668459 0.005731982 0.017352035 0.990448117
1403636632.413555 0.612208486 1.652636170 1.225638390 -0.137200832 0.004767361 0.017860210 0.990370631
1403636632.463556 0.612055659 1.661624193 1.248257160 -0.136476994 0.002038236 0.021239346 0.990413308
1403636632.513556 0.610673249 1.669589520 1.271083236 -0.133852482 -0.001123758 0.025047744 0.990683913
1403636632.563555 0.608097136 1.676768422 1.294069409 -0.129583314 -0.006165400 0.030054525 0.991093636
1403636632.613555 0.602426529 1.676663160 1.293703914 -0.124269947 -0.010667978 0.034544360 0.991589427
1403636632.663556 0.599660635 1.682439804 1.315823793 -0.117505684 -0.014261545 0.036707640 0.992290914
1403636632.713556 0.597364664 1.689597487 1.339256167 -0.109339096 -0.016488625 0.036937796 0.993180931
1403636632.763556 0.596120596 1.701466799 1.364751339 -0.099730611 -0.017655756 0.035294075 0.994231403
1403636632.813555 0.597763062 1.710401535 1.388069272 -0.089707330 -0.017279521 0.030038763 0.995364964
1403636632.863556 0.601966202 1.719905019 1.411733270 -0.079753257 -0.014632855 0.021616099 0.996472657
1403636632.913555 0.608359396 1.729816318 1.434872627 -0.069750331 -0.010750414 0.012498630 0.997428060
1403636632.963556 0.615873456 1.740012765 1.457953334 -0.061089743 -0.008400435 0.004163579 0.998088121
1403636633.013556 0.631272256 1.752076864 1.482300162 -0.053367607 -0.006478009 -0.002991381 0.998549461
1403636633.063555 0.641163528 1.762295127 1.505013585 -0.046443667 -0.005962259 -0.008619608 0.998865962
1403636633.113555 0.650769711 1.772253990 1.527923942 -0.040087629 -0.005251286 -0.012501335 0.999104142
1403636633.163556 0.657947004 1.782093644 1.549765468 -0.034907427 -0.005299269 -0.015868675 0.999250531
1403636633.213556 0.664288998 1.791466832 1.573308349 -0.030518884 -0.005172800 -0.017591611 0.999365985
1403636633.263556 0.668847144 1.800706983 1.597353816 -0.026805470 -0.006448010 -0.017696064 0.999463260
1403636633.313555 0.672355235 1.809772253 1.621945858 -0.023765469 -0.007853469 -0.017013788 0.999541879
1403636633.363556 0.674815714 1.818917394 1.647232890 -0.020903934 -0.009462002 -0.014834146 0.999626637
1403636633.413555 0.676925182 1.828493714 1.673781514 -0.019387478 -0.011500611 -0.012666511 0.999665618
1403636633.463556 0.678547442 1.838523269 1.701250553 -0.018065559 -0.013244266 -0.010354708 0.999695480
1403636633.513556 0.686293542 1.847728491 1.735581279 -0.017826915 -0.015178045 -0.009315240 0.999682426
1403636633.563555 0.687047362 1.857521057 1.764452696 -0.018227041 -0.016963705 -0.007772231 0.999659717
1403636633.613555 0.688429475 1.867374182 1.794178247 -0.018936941 -0.019043587 -0.006907034 0.999615371
1403636633.663556 0.689795077 1.876804590 1.823160529 -0.020583306 -0.020461632 -0.006738201 0.999556005
1403636633.713556 0.694670558 1.887008190 1.852971792 -0.022017278 -0.020039534 -0.005985577 0.999538779
1403636633.763556 0.701290488 1.897412777 1.883035660 -0.023121687 -0.019289872 -0.004843412 0.999534786
1403636633.813555 0.710474551 1.908038378 1.913485765 -0.024459848 -0.019072676 -0.003752420 0.999511778
1403636633.863556 0.721708417 1.918716311 1.944200873 -0.025315486 -0.017826641 -0.001713037 0.999519050
1403636633.913555 0.734297574 1.929449558 1.974800825 -0.025459727 -0.016703947 0.002395651 0.999533415
1403636633.963556 0.744292080 1.940208554 2.006221056 -0.025282608 -0.014821623 0.006878236 0.999546707
1403636634.013556 0.756066978 1.951869965 2.038226128 -0.025549475 -0.012826023 0.010754257 0.999533296
1403636634.063555 0.766942799 1.964207411 2.070839882 -0.026391542 -0.012497701 0.012991950 0.999489009
1403636634.113555 0.779944003 1.977236509 2.103550673 -0.026203090 -0.012857058 0.013125218 0.999487698
1403636634.163556 0.793781877 1.991276622 2.136102438 -0.026351629 -0.014151989 0.011936075 0.999481142
1403636634.213556 0.809820294 2.006160021 2.168726444 -0.026807157 -0.015797449 0.008783809 0.999477088
1403636634.263556 0.828327179 2.021775007 2.201738358 -0.027508870 -0.015692122 0.004482171 0.999488235
1403636634.313555 0.848485172 2.037750959 2.235162020 -0.027933711 -0.012844402 0.000701172 0.999526918
1403636634.363556 0.857827425 2.055096149 2.265239000 -0.027983386 -0.007966369 -0.002412243 0.999573648
1403636634.413555 0.876738012 2.071519852 2.299498558 -0.028031839 -0.003529246 -0.005641906 0.999584854
1403636634.463556 0.893671632 2.087979555 2.334292412 -0.027978146 -0.000760561 -0.008115723 0.999575198
1403636634.513556 0.910260081 2.105265379 2.369266748 -0.027339581 0.002744006 -0.009831631 0.999574065
1403636634.563555 0.924387217 2.121887684 2.404685974 -0.026629519 0.004884647 -0.011167666 0.999570966
1403636634.613555 0.936704874 2.137958288 2.440214396 -0.025241997 0.005834846 -0.013341037 0.999575257
1403636634.663556 0.947310507 2.153362751 2.475708723 -0.022077816 0.006258657 -0.015557176 0.999615550
1403636634.713556 0.957404613 2.168376684 2.510585546 -0.018782487 0.006396029 -0.018697791 0.999628186
1403636634.763556 0.959445715 2.183136702 2.541100025 -0.015301164 0.004871376 -0.020718109 0.999656260
1403636634.813555 0.970152974 2.196839809 2.574165583 -0.011861859 0.002602795 -0.021654829 0.999691665
1403636634.863556 0.981825829 2.209936857 2.606255054 -0.008623978 0.000405122 -0.022397708 0.999711752
1403636634.913555 0.995680749 2.223454475 2.637315512 -0.005133979 -0.001269002 -0.023509340 0.999709487
1403636634.963556 1.010528922 2.235763550 2.667934179 -0.002236555 -0.003962566 -0.025006685 0.999676764
1403636635.013556 1.027253866 2.247510672 2.698070049 0.000164130 -0.004468673 -0.027017392 0.999624848
1403636635.063555 1.043265581 2.258876324 2.728232622 0.002209938 -0.006151903 -0.028668575 0.999567509
1403636635.113555 1.057910681 2.269984007 2.758809328 0.003880589 -0.007750908 -0.029953435 0.999513626
1403636635.163556 1.069723368 2.282872200 2.790889502 0.005645646 -0.008711477 -0.030182600 0.999490499
1403636635.213556 1.081098557 2.293798923 2.822390795 0.007096626 -0.010385064 -0.030246571 0.999463320
1403636635.263556 1.091238022 2.304322720 2.854714394 0.009089979 -0.011355096 -0.028687283 0.999482572
1403636635.313555 1.100180268 2.314572811 2.886128426 0.010812811 -0.012814338 -0.026892930 0.999497712
1403636635.363556 1.108976126 2.324658632 2.918973446 0.012676257 -0.014741176 -0.023234390 0.999540985
1403636635.413555 1.118894458 2.334910154 2.951526165 0.013892896 -0.015863061 -0.021728765 0.999541521
1403636635.463556 1.130097151 2.345405340 2.984728813 0.014485180 -0.015486326 -0.020301320 0.999569058
1403636635.513556 1.143481374 2.355824947 3.018429279 0.015452411 -0.016038060 -0.017346777 0.999601483
1403636635.563555 1.163643837 2.365219593 3.055184364 0.015740937 -0.016231939 -0.016577197 0.999606967
1403636635.613555 1.178790450 2.376559973 3.086852312 0.015958441 -0.015488213 -0.015421901 0.999633789
1403636635.663556 1.195663929 2.388427019 3.119082212 0.015692096 -0.014408534 -0.014456199 0.999668539
1403636635.713556 1.212242007 2.400670767 3.149155617 0.015405244 -0.013045383 -0.013939140 0.999699056
1403636635.763556 1.232709050 2.413250446 3.181622505 0.015770519 -0.009587950 -0.011642732 0.999761879
1403636635.813555 1.259455919 2.426024199 3.214869738 0.016788410 -0.005376699 -0.007123496 0.999819100
1403636635.863556 1.284314752 2.439844608 3.246767998 0.017379889 -0.002724376 -0.003437640 0.999839246
1403636635.913555 1.309861660 2.454638958 3.277665615 0.018181281 -0.003967358 0.000415233 0.999826610
1403636635.963556 1.336429954 2.470232487 3.309112787 0.017779507 -0.007587618 0.001226282 0.999812245
1403636636.013556 1.362619162 2.487114906 3.340438604 0.016567504 -0.012857272 -0.000697190 0.999779701
1403636636.063555 1.388042450 2.504909992 3.372462034 0.014504796 -0.016773134 -0.005028014 0.999741375
1403636636.113555 1.419441223 2.518322945 3.402243853 0.012438104 -0.019807151 -0.009646348 0.999679923
1403636636.163556 1.445189118 2.536849022 3.435388088 0.010986581 -0.018082496 -0.013850355 0.999680221
1403636636.213556 1.472792387 2.555690527 3.468265295 0.009663484 -0.013067882 -0.018259903 0.999701202
1403636636.263556 1.503522754 2.573161602 3.501108170 0.008417180 -0.006849309 -0.021852225 0.999702334
1403636636.313555 1.537416935 2.591591597 3.534178495 0.007952109 -0.001356184 -0.023717560 0.999686241
1403636636.363556 1.569363236 2.609396935 3.565516949 0.007470508 0.005470377 -0.025269615 0.999637842
1403636636.413555 1.600545526 2.626938581 3.596513987 0.007517518 0.014162592 -0.026354782 0.999524117
1403636636.463556 1.630421162 2.644709826 3.627352953 0.007621276 0.021125279 -0.027138609 0.999379456
1403636636.513556 1.658742905 2.662812233 3.658875704 0.006572748 0.024021516 -0.030077955 0.999237359
1403636636.563555 1.682596207 2.679774523 3.688601017 0.005341550 0.025197634 -0.033665180 0.999101281
1403636636.613555 1.704154968 2.696256876 3.717642069 0.003862616 0.025763305 -0.037893686 0.998942256
1403636636.663556 1.723114371 2.711694241 3.746325493 0.002123931 0.025262438 -0.042529289 0.998773634
1403636636.713556 1.740635276 2.727438450 3.771120310 0.000736476 0.025173653 -0.046373576 0.998606741
1403636636.763556 1.754357100 2.740725279 3.798310041 -0.000624979 0.024559118 -0.050362837 0.998428881
1403636636.813555 1.765506268 2.752629757 3.824869871 -0.002279122 0.024097539 -0.055565793 0.998161674
1403636636.863556 1.774105191 2.762935638 3.850830555 -0.003649598 0.022486160 -0.059980892 0.997939587
1403636636.913555 1.779300094 2.770213127 3.875693083 -0.002393736 0.019479075 -0.057523683 0.998151302
1403636636.963556 1.783276439 2.776644945 3.900490284 0.000433860 0.017545730 -0.052008804 0.998492420
1403636637.013556 1.785612822 2.781847000 3.924722195 0.003723781 0.014955788 -0.045147445 0.998861492
1403636637.063555 1.786890507 2.786296606 3.948406696 0.006636116 0.013445105 -0.039027072 0.999125779
1403636637.113555 1.786915064 2.790331125 3.971588850 0.008966086 0.010915002 -0.034386739 0.999308825
1403636637.163556 1.783859134 2.798305511 3.981784105 0.010725284 0.007024405 -0.031689718 0.999415517
1403636637.213556 1.783211350 2.802259445 4.004639626 0.011350342 0.002699466 -0.030683853 0.999460995
1403636637.263556 1.783322811 2.805951357 4.026688576 0.012170573 -0.000352285 -0.030019524 0.999475121
1403636637.313555 1.784785628 2.808754683 4.049681187 0.012765585 -0.003108132 -0.029989136 0.999463797
1403636637.363556 1.790116191 2.811479807 4.073348999 0.012651700 -0.004952208 -0.030797645 0.999433279
1403636637.413555 1.798107505 2.813492298 4.097600460 0.013835868 -0.005990819 -0.030169168 0.999431074
1403636637.463556 1.809116125 2.815076828 4.121397972 0.014226016 -0.007994179 -0.031178575 0.999380589
1403636637.513556 1.820827007 2.816458464 4.143683434 0.014935236 -0.008607680 -0.030533507 0.999385059
1403636637.563555 1.819297910 2.817718029 4.146808147 0.015665362 -0.009849591 -0.030371428 0.999367356
1403636637.613555 1.832344651 2.818739176 4.167014599 0.016751414 -0.010111127 -0.029344074 0.999377847
1403636637.663556 1.846860051 2.819673777 4.186246395 0.017294945 -0.011102031 -0.028753819 0.999375165
1403636637.713556 1.866103888 2.820531845 4.206609249 0.017740637 -0.010378931 -0.029184334 0.999362648
1403636637.763556 1.881300211 2.821586132 4.222792149 0.018263303 -0.009083069 -0.029575638 0.999354303
1403636637.813555 1.902911186 2.821985483 4.243782043 0.018512700 -0.006844173 -0.030074723 0.999352694
1403636637.863556 1.926226616 2.821910858 4.264003277 0.018879037 -0.005284992 -0.030294634 0.999348640
1403636637.913555 1.951309800 2.822308779 4.283811092 0.019455034 -0.003261781 -0.030324915 0.999345362
1403636637.963556 1.974340916 2.822205305 4.304966450 0.019806221 -0.000742455 -0.030347181 0.999342799
1403636638.013556 1.982773542 2.823611736 4.318912506 0.020090098 0.001136357 -0.030243902 0.999339998
1403636638.063555 1.997307181 2.823684931 4.342501640 0.020545084 0.002796908 -0.030234301 0.999327779
1403636638.113555 2.007711172 2.823848248 4.367290497 0.020850832 0.004885712 -0.029994404 0.999320626
1403636638.163556 2.014870644 2.824092388 4.391090870 0.021364976 0.006422717 -0.029674416 0.999310613
1403636638.213556 2.020475626 2.824352741 4.415871143 0.021669719 0.006663180 -0.029900769 0.999295712
1403636638.263556 2.024743080 2.824736357 4.440374851 0.021565294 0.007135262 -0.030280784 0.999283254
1403636638.313555 2.035106182 2.831764460 4.471401691 0.022851152 0.004918243 -0.028307812 0.999325991
1403636638.363556 2.034916639 2.832250834 4.495234489 0.024400506 -0.001056297 -0.024002561 0.999413610
1403636638.413555 2.032088757 2.833223104 4.518726349 0.025945153 -0.011379638 -0.018822851 0.999421418
1403636638.463556 2.028717279 2.835205555 4.542133331 0.027397525 -0.021407872 -0.014624421 0.999288380
1403636638.513556 2.025699139 2.837279081 4.566824436 0.028810959 -0.030122457 -0.010155341 0.999079347
1403636638.563555 2.021682978 2.841832161 4.598168373 0.029042838 -0.034859639 -0.008516782 0.998933792
1403636638.613555 2.023010015 2.846061230 4.621961594 0.028410086 -0.036931302 -0.010662097 0.998856962
1403636638.663556 2.028288126 2.851011038 4.646716595 0.026964093 -0.035214938 -0.015982432 0.998888075
1403636638.713556 2.036973476 2.856564760 4.670412540 0.025665892 -0.032238815 -0.019785481 0.998954654
1403636638.763556 2.048132658 2.862514257 4.695032120 0.025068814 -0.027537748 -0.022811322 0.999045908
1403636638.813555 2.062093735 2.868555546 4.720172405 0.025030924 -0.022244357 -0.024339661 0.999142706
1403636638.863556 2.079700708 2.875224590 4.760311604 0.025235897 -0.017676728 -0.024103452 0.999234557
1403636638.913555 2.095642090 2.881545067 4.785128117 0.026425963 -0.014392455 -0.022370631 0.999296784
1403636638.963556 2.113433361 2.888148308 4.810337067 0.027662009 -0.011884156 -0.019961523 0.999347329
1403636639.013556 2.130288839 2.894207478 4.837772369 0.029556548 -0.011390524 -0.014873814 0.999387503
1403636639.063555 2.151063919 2.901652336 4.869588852 0.031798501 -0.010747108 -0.009077081 0.999395192
1403636639.113555 2.166629553 2.909719229 4.898148060 0.033668123 -0.010310305 -0.004227124 0.999370873
1403636639.163556 2.178998709 2.919143677 4.928205013 0.035076208 -0.010903467 -0.000179838 0.999324977
1403636639.213556 2.188192844 2.929602146 4.961465359 0.036195613 -0.011314810 0.002960094 0.999276221
1403636639.263556 2.193499804 2.941730738 4.995695114 0.036637504 -0.012245464 0.004238063 0.999244511
1403636639.313555 2.201669216 2.957443714 5.038915157 0.034965131 -0.012410015 -0.000285026 0.999311268
1403636639.363556 2.203910828 2.972816467 5.074830055 0.032851063 -0.012537805 -0.006415633 0.999360919
1403636639.413555 2.205625296 2.989217043 5.111751556 0.030615686 -0.012876885 -0.012713199 0.999367297
1403636639.463556 2.206595421 3.005716562 5.149520397 0.028455544 -0.012967413 -0.019181766 0.999326766
1403636639.513556 2.206879377 3.023049593 5.187519073 0.026189661 -0.011576518 -0.025791552 0.999257028
1403636639.563555 2.206858158 3.042069674 5.229815960 0.023827542 -0.009422049 -0.033242028 0.999118686
1403636639.613555 2.205590248 3.059063435 5.268494606 0.022202756 -0.007583193 -0.038800247 0.998971343
1403636639.663556 2.204914093 3.075292826 5.307238102 0.022038553 -0.004178371 -0.040700484 0.998919427
1403636639.713556 2.205133677 3.090792418 5.345052242 0.022815909 0.000018634 -0.039525535 0.998957872
1403636639.763556 2.206130981 3.104792118 5.382179260 0.024150787 0.003805620 -0.036584202 0.999031305
1403636639.813555 2.206557512 3.122245073 5.419120312 0.024996269 0.005951932 -0.034653351 0.999068916
1403636639.863556 2.210835218 3.136009455 5.453680515 0.026147839 0.007340305 -0.031968236 0.999119699
1403636639.913555 2.216614485 3.149452209 5.486108780 0.027441153 0.008009349 -0.029847296 0.999145508
1403636639.963556 2.224343538 3.162304878 5.516828060 0.027765866 0.008409557 -0.029238684 0.999151230
1403636640.013556 2.233142614 3.175250053 5.547008038 0.028521055 0.009053826 -0.029305996 0.999122381
1403636640.063555 2.244884968 3.187805653 5.576619148 0.030576993 0.009369968 -0.030907881 0.999010384
1403636640.113555 2.259000540 3.200067043 5.605382919 0.033485219 0.009625479 -0.034772057 0.998787701
1403636640.163556 2.274581671 3.211895943 5.632872581 0.037803058 0.009741105 -0.036622938 0.998566270
1403636640.213556 2.275629282 3.227872849 5.663674831 0.042287037 0.010069803 -0.038406223 0.998316288
1403636640.263556 2.293054342 3.239644051 5.688181877 0.045747407 0.008488720 -0.040807802 0.998083055
1403636640.313555 2.309430838 3.251097202 5.712168694 0.048863750 0.007800556 -0.041453239 0.997914374
1403636640.363556 2.324434280 3.262623310 5.736518860 0.051806577 0.007746279 -0.042977169 0.997701824
1403636640.413555 2.339596987 3.274052143 5.759099960 0.054188590 0.007777621 -0.044447832 0.997510612
1403636640.463556 2.351768255 3.285495043 5.782813549 0.056064099 0.007712922 -0.045790579 0.997346759
1403636640.513556 2.362039089 3.296961308 5.806504250 0.057866778 0.006214129 -0.046222020 0.997234285
1403636640.563555 2.371162176 3.308440924 5.830338955 0.059266701 0.006116504 -0.047264714 0.997103870
1403636640.613555 2.378698349 3.319807053 5.854616642 0.060454607 0.005976288 -0.047360800 0.997028768
1403636640.663556 2.366039276 3.331945181 5.884299278 0.061455175 0.007295202 -0.047955245 0.996930420
1403636640.713556 2.370779991 3.343020916 5.908442974 0.062261030 0.006386744 -0.048074443 0.996880889
1403636640.763556 2.374825954 3.353944302 5.932293892 0.063039757 0.004748472 -0.048031863 0.996843159
1403636640.813555 2.379983425 3.364343166 5.955635548 0.063385271 0.003466974 -0.048751127 0.996791601
1403636640.863556 2.385957241 3.375496864 5.975655556 0.063717447 0.001935221 -0.049437389 0.996740758
1403636640.913555 2.393718481 3.385534525 5.996874332 0.064002804 0.001070822 -0.049619589 0.996714711
1403636640.963556 2.403309107 3.395177603 6.017149448 0.063865840 0.000498625 -0.050045136 0.996702671
1403636641.013556 2.412693501 3.404616833 6.035816193 0.063625693 0.001011605 -0.050316531 0.996703982
1403636641.063555 2.420918703 3.413617373 6.054708004 0.063650459 0.002142886 -0.049350932 0.996748865
1403636641.113555 2.427219868 3.422307730 6.073882103 0.063132793 0.002725486 -0.049594484 0.996768296
1403636641.163556 2.418424606 3.426528215 6.092587471 0.062559403 0.004394568 -0.049590893 0.996798813
1403636641.213556 2.421301365 3.434637547 6.112554073 0.062091112 0.005348037 -0.049406357 0.996832550
1403636641.263556 2.422576427 3.442285061 6.132617474 0.062430035 0.006318791 -0.047832169 0.996882498
1403636641.313555 2.422625065 3.450304747 6.151432991 0.063090846 0.005925982 -0.044230539 0.997009575
1403636641.363556 2.420831442 3.458115339 6.170968533 0.064187571 0.005384284 -0.039906364 0.997125149
1403636641.413555 2.418001890 3.466163397 6.190638542 0.065347657 0.005052248 -0.036183592 0.997193575
1403636641.463556 2.414471149 3.474735260 6.210371494 0.065270595 0.005265830 -0.035467099 0.997223258
1403636641.513556 2.411032677 3.483713150 6.229175091 0.064469256 0.005841416 -0.036742859 0.997225940
1403636641.563555 2.407742739 3.492997408 6.246308327 0.063775524 0.005710376 -0.038649179 0.997199297
1403636641.613555 2.421479464 3.495356321 6.255979061 0.062399570 0.005654393 -0.040768255 0.997202337
1403636641.663556 2.421120405 3.504384279 6.271624565 0.061555810 0.005386831 -0.042319767 0.997191608
1403636641.713556 2.422668219 3.513570070 6.285860062 0.061029140 0.006469551 -0.043517828 0.997165978
1403636641.763556 2.424762726 3.522742987 6.298084736 0.060247898 0.005840920 -0.044112895 0.997191191
1403636641.813555 2.429940701 3.531275034 6.310098171 0.060157519 0.006856536 -0.044390373 0.997177899
1403636641.863556 2.436678648 3.539416313 6.322648048 0.059964381 0.007830297 -0.044550858 0.997175217
1403636641.913555 2.444746971 3.547381639 6.335212708 0.058801703 0.008199543 -0.044086289 0.997262120
1403636641.963556 2.454787493 3.555267572 6.346895218 0.056388970 0.008786126 -0.042337414 0.997472227
1403636642.013556 2.466010094 3.563399315 6.357503414 0.052427560 0.010315004 -0.041022953 0.997728527
1403636642.063555 2.478736877 3.571203470 6.367066383 0.047880773 0.011376400 -0.038919799 0.998029828
1403636642.113555 2.505198479 3.575499058 6.359641552 0.043178566 0.011167700 -0.038149863 0.998276293
1403636642.163556 2.515594006 3.582750082 6.369174480 0.039134830 0.011925280 -0.037285917 0.998466849
1403636642.213556 2.524254084 3.589909792 6.378307819 0.035978645 0.012858204 -0.035946868 0.998623073
1403636642.263556 2.531476974 3.597628355 6.391238213 0.033053476 0.013197913 -0.034392647 0.998774469
1403636642.313555 2.536531925 3.604844570 6.401907444 0.029489378 0.013685336 -0.032427665 0.998945236
1403636642.363556 2.539361954 3.612382650 6.412507534 0.024624379 0.014371208 -0.030478735 0.999128699
1403636642.413555 2.540614367 3.619777441 6.423120499 0.020400517 0.015493747 -0.028259590 0.999272346
1403636642.463556 2.540133238 3.627012730 6.433565140 0.016507413 0.015532367 -0.026828427 0.999383092
1403636642.513556 2.538031816 3.634152412 6.443440914 0.013384895 0.014401326 -0.025296558 0.999486685
1403636642.563555 2.534308434 3.641070604 6.452672482 0.010226276 0.011129860 -0.024845693 0.999577045
1403636642.613555 2.533343077 3.650016308 6.440312862 0.008270874 0.006788539 -0.023267172 0.999672055
1403636642.663556 2.527443886 3.656397820 6.448381901 0.006409951 0.002409658 -0.022162668 0.999731004
1403636642.713556 2.521632433 3.662853241 6.455106258 0.004649304 -0.001564382 -0.021560160 0.999755561
1403636642.763556 2.516285896 3.669438839 6.460216045 0.003786629 -0.005234445 -0.020944839 0.999759853
1403636642.813555 2.510962248 3.676515818 6.478730679 0.003172017 -0.008019553 -0.020106435 0.999760747
1403636642.863556 2.509603977 3.682558060 6.486747742 0.002875839 -0.009732575 -0.019201554 0.999764204
1403636642.913555 2.510281801 3.688535213 6.495093822 0.002787822 -0.011628460 -0.018992331 0.999748170
1403636642.963556 2.512732983 3.694557428 6.502015591 0.002739933 -0.012305704 -0.018220674 0.999754548
1403636643.013556 2.517507553 3.700634956 6.508353233 0.002969617 -0.011648946 -0.017820388 0.999768972
1403636643.063555 2.524139166 3.707117319 6.515642643 0.003116649 -0.008003142 -0.017638147 0.999807656
1403636643.113555 2.526082754 3.717648506 6.511627197 0.003777576 -0.003345670 -0.017369233 0.999836445
1403636643.163556 2.531254292 3.724562883 6.519562244 0.004283890 -0.000142194 -0.016663792 0.999852061
1403636643.213556 2.534746170 3.732086897 6.528034687 0.004522513 0.002400267 -0.016275095 0.999854505
1403636643.263556 2.536574125 3.739723444 6.537993908 0.004921856 0.003500017 -0.016165998 0.999851167
1403636643.313555 2.537260771 3.747722149 6.547342777 0.005004633 0.003091215 -0.016552892 0.999845743
1403636643.363556 2.537608147 3.755964041 6.556630611 0.005111388 0.001018522 -0.016974308 0.999842346
1403636643.413555 2.539893150 3.764238119 6.565855503 0.005539365 -0.001412784 -0.016452320 0.999848366
1403636643.463556 2.544407845 3.772644281 6.575225830 0.006132203 -0.005136515 -0.015783351 0.999843478
1403636643.513556 2.550490379 3.781357527 6.585416317 0.006516348 -0.009135195 -0.016013484 0.999808908
1403636643.563555 2.559366226 3.790294647 6.596562862 0.006993307 -0.012574269 -0.016345493 0.999762952
1403636643.613555 2.573355436 3.798823118 6.613827229 0.006864709 -0.016998522 -0.017249931 0.999683142
1403636643.663556 2.584835291 3.807646751 6.624341965 0.007657351 -0.020311760 -0.018162567 0.999599457
1403636643.713556 2.598448992 3.816842079 6.634329319 0.008026061 -0.023300730 -0.019025957 0.999515295
1403636643.763556 2.614171505 3.827813387 6.647210121 0.008228101 -0.024821702 -0.019830599 0.999461353
1403636643.813555 2.629089832 3.837695360 6.659165382 0.008097726 -0.027786935 -0.021372525 0.999352634
1403636643.863556 2.643480301 3.847604513 6.672567844 0.008333096 -0.030732069 -0.021550946 0.999260604
1403636643.913555 2.657131672 3.857476711 6.687480927 0.008450821 -0.032667954 -0.022117238 0.999185860
1403636643.963556 2.669792891 3.867254257 6.704153061 0.008291370 -0.034744266 -0.023030078 0.999096453
1403636644.013556 2.681644440 3.876950979 6.722400665 0.007973706 -0.035663262 -0.023672473 0.999051630
1403636644.063555 2.692696810 3.886382103 6.742019176 0.008139082 -0.036449473 -0.023665391 0.999022126
1403636644.113555 2.701599836 3.894611359 6.753498554 0.007700640 -0.037136987 -0.023960423 0.998993218
1403636644.163556 2.711399794 3.903897762 6.776561260 0.007717839 -0.035807818 -0.024243975 0.999034762
1403636644.213556 2.720887184 3.912927628 6.801175594 0.008585258 -0.030415416 -0.021834467 0.999261975
1403636644.263556 2.730633974 3.923620224 6.829258919 0.010571594 -0.023243928 -0.016348831 0.999540210
1403636644.313555 2.739317417 3.933310986 6.857519150 0.012922144 -0.014922814 -0.009951784 0.999755561
1403636644.363556 2.746715307 3.943690538 6.886730671 0.014721883 -0.007335546 -0.004149209 0.999856114
1403636644.413555 2.752432346 3.955185652 6.916743755 0.016082156 -0.001470847 -0.000455121 0.999869466
1403636644.463556 2.749000549 3.967997313 6.948932648 0.016914658 0.003857033 0.002327682 0.999846816
1403636644.513556 2.750737190 3.981974363 6.980051994 0.018757978 0.008569982 0.007287185 0.999760807
1403636644.563555 2.750278711 3.997376204 7.011446953 0.020427953 0.011125960 0.011098278 0.999667823
1403636644.613555 2.748054266 4.014392853 7.042733669 0.020609479 0.012712158 0.012320624 0.999630868
1403636644.663556 2.745487928 4.033253670 7.072065830 0.019133631 0.013820218 0.008216591 0.999687612
1403636644.713556 2.736725092 4.054917336 7.103954792 0.016447948 0.014662692 0.001192653 0.999756455
1403636644.763556 2.729694128 4.076514244 7.133956909 0.013137378 0.013966396 -0.007830326 0.999785423
1403636644.813555 2.721121788 4.098948479 7.163761139 0.009587841 0.014078911 -0.016226189 0.999723196
1403636644.863556 2.711003304 4.122042656 7.192492008 0.006665797 0.012276957 -0.022183474 0.999656260
1403636644.913555 2.700815439 4.144489288 7.220856667 0.005158493 0.009439468 -0.023988750 0.999654293
1403636644.963556 2.691855907 4.166413307 7.248009682 0.004618850 0.006311615 -0.023930645 0.999682963
1403636645.013556 2.676201820 4.186871052 7.284365177 0.003749470 -0.000900243 -0.023871642 0.999707520
1403636645.063555 2.669501543 4.207992077 7.309126377 0.003548752 -0.012470349 -0.021692198 0.999680579
1403636645.113555 2.664926052 4.228944302 7.332150459 0.003424038 -0.024068668 -0.019840673 0.999507487
1403636645.163556 2.661635876 4.249803066 7.354561329 0.002492175 -0.034631241 -0.020791309 0.999180734
1403636645.213556 2.661999941 4.270107269 7.376778126 0.002341862 -0.043364361 -0.019137722 0.998873234
1403636645.263556 2.666055918 4.290507317 7.401906013 0.001855516 -0.048304487 -0.019564735 0.998639286
1403636645.313555 2.672398090 4.310601711 7.428238392 0.001886670 -0.047743645 -0.019330431 0.998670697
1403636645.363556 2.680673599 4.330669403 7.456530571 0.001681795 -0.043366954 -0.019814691 0.998861253
1403636645.413555 2.689706802 4.350573063 7.486986637 0.001162788 -0.038233355 -0.020422690 0.999059379
1403636645.463556 2.690238714 4.368933201 7.542459965 0.000787776 -0.033534430 -0.020321593 0.999230564
1403636645.513556 2.698156357 4.388658047 7.577182770 0.000671969 -0.030318612 -0.020701215 0.999325573
1403636645.563555 2.704916239 4.408433914 7.614780903 0.000311514 -0.028994599 -0.021045597 0.999357820
1403636645.613555 2.709067822 4.426562309 7.652018547 -0.000201025 -0.026828334 -0.021180410 0.999415517
1403636645.663556 2.714517832 4.445517540 7.691589355 -0.000311294 -0.025325755 -0.022145230 0.999433815
1403636645.713556 2.721270800 4.464241505 7.731882095 -0.000471300 -0.023967478 -0.022467019 0.999460042
1403636645.763556 2.730062485 4.482439518 7.773252964 0.000076991 -0.022911051 -0.021828242 0.999499083
1403636645.813555 2.741569281 4.500410080 7.815209389 0.000545752 -0.022318492 -0.020877993 0.999532640
1403636645.863556 2.756774664 4.517932892 7.856900692 0.000558017 -0.023130145 -0.020288328 0.999526322
1403636645.913555 2.778321743 4.538326263 7.910530567 0.001152012 -0.023906307 -0.019231381 0.999528408
1403636645.963556 2.800135136 4.555885792 7.952216148 0.000306117 -0.019217178 -0.017383270 0.999664009
1403636646.013556 2.823437214 4.573729992 7.993740082 -0.001923879 -0.014715972 -0.014353945 0.999786675
1403636646.063555 2.848710060 4.590400696 8.031858444 -0.005397745 -0.011073389 -0.008998369 0.999883473
1403636646.113555 2.873930454 4.608952045 8.071204185 -0.011345394 -0.007454562 -0.003767602 0.999900639
1403636646.163556 2.898867607 4.628463745 8.111364365 -0.019574396 -0.003858204 0.001783813 0.999799252
1403636646.213556 2.928082943 4.651720524 8.158678055 -0.028477171 -0.000417598 0.008520714 0.999557734
1403636646.263556 2.950675964 4.673219204 8.199669838 -0.039387662 0.003362402 0.015554425 0.999096990
1403636646.313555 2.971829891 4.695899010 8.240614891 -0.051433645 0.008174959 0.022753591 0.998383403
1403636646.363556 2.991034746 4.719638824 8.281709671 -0.063761465 0.012940513 0.030242113 0.997422636
1403636646.413555 3.007583141 4.744562149 8.321364403 -0.078075498 0.016702695 0.034050174 0.996225536
1403636646.463556 3.032497168 4.771070957 8.361005783 -0.091253348 0.021953451 0.035130825 0.994965494
1403636646.513556 3.048192263 4.796986103 8.398530960 -0.103388861 0.026701568 0.034318708 0.993689835
1403636646.563555 3.063458920 4.823045731 8.434056282 -0.113880709 0.029678784 0.034107897 0.992464840
1403636646.613555 3.078599930 4.849932671 8.469180107 -0.122169182 0.029567782 0.034833785 0.991456807
1403636646.663556 3.095162868 4.876296520 8.501878738 -0.129769415 0.027315166 0.033836506 0.990589917
1403636646.713556 3.125475883 4.901782990 8.529895782 -0.135279313 0.025476219 0.034806829 0.989867806
1403636646.763556 3.145677328 4.927154541 8.558791161 -0.139790595 0.024664652 0.035705406 0.989229381
1403636646.813555 3.168075800 4.951984882 8.585620880 -0.143320188 0.024961704 0.035922669 0.988708854
1403636646.863556 3.193373203 4.976440430 8.612239838 -0.146589816 0.024858491 0.036299687 0.988218248
1403636646.913555 3.217121124 5.000366211 8.636712074 -0.147946611 0.024064219 0.037196804 0.988002241
1403636646.963556 3.239900351 5.024034500 8.660490036 -0.149363115 0.022712808 0.037519552 0.987808883
1403636647.013556 3.270003319 5.049827576 8.677173615 -0.150119260 0.020817138 0.037467498 0.987738013
1403636647.063555 3.289646387 5.072904110 8.700442314 -0.150479391 0.018435994 0.037096880 0.987744510
1403636647.113555 3.307303905 5.096229553 8.723469734 -0.150808051 0.014444957 0.037238959 0.987755418
1403636647.163556 3.326476812 5.119529247 8.747676849 -0.150417417 0.011153848 0.037731547 0.987839043
1403636647.213556 3.342823505 5.142843246 8.771366119 -0.150401041 0.009024838 0.037106518 0.987886906
1403636647.263556 3.358250618 5.166114807 8.795162201 -0.149633512 0.009193379 0.037585009 0.987983823
1403636647.313555 3.372500420 5.189391613 8.819159508 -0.148289606 0.010354155 0.038572825 0.988136828
1403636647.363556 3.385811806 5.212810040 8.843202591 -0.147136375 0.012135634 0.039186157 0.988264799
1403636647.413555 3.397802114 5.236351967 8.867113113 -0.146069333 0.014042115 0.039583724 0.988381982
1403636647.463556 3.409421444 5.264278412 8.875129700 -0.143775851 0.015818033 0.040350180 0.988660812
1403636647.513556 3.419239521 5.287833214 8.897869110 -0.142135814 0.019208703 0.040929087 0.988814116
1403636647.563555 3.428618431 5.311802864 8.919419289 -0.140120998 0.023600804 0.042305131 0.988948643
1403636647.613555 3.438625336 5.336176395 8.939316750 -0.138325736 0.029117165 0.044702057 0.988948882
1403636647.663556 3.450018644 5.361605644 8.960422516 -0.138986290 0.030113658 0.045150839 0.988806069
1403636647.713556 3.461800098 5.387389660 8.978956223 -0.140257746 0.028926760 0.044462420 0.988693178
1403636647.763556 3.474644899 5.413766384 8.996344566 -0.141819209 0.026441662 0.043561708 0.988580048
1403636647.813555 3.481615067 5.439392090 8.995629311 -0.143635526 0.024961904 0.042119980 0.988418818
1403636647.863556 3.492860079 5.466319561 9.010796547 -0.146807551 0.022915611 0.042581208 0.987982452
1403636647.913555 3.501923561 5.493285656 9.024834633 -0.151473716 0.022675358 0.043087825 0.987261415
1403636647.963556 3.508516073 5.520747662 9.038383484 -0.157368049 0.022821881 0.044981502 0.986251116
1403636648.013556 3.512726784 5.550308228 9.052227974 -0.165151954 0.022446524 0.047009908 0.984891415
1403636648.063555 3.513968468 5.578851700 9.064853668 -0.174629033 0.022103870 0.050186314 0.983106077
1403636648.113555 3.508084059 5.604569435 9.064172745 -0.185183287 0.021922663 0.054219425 0.980962157
1403636648.163556 3.505531549 5.633475304 9.076027870 -0.197166055 0.022199769 0.058497291 0.978371501
1403636648.213556 3.502228260 5.662427425 9.087381363 -0.209274262 0.022730876 0.062538140 0.975590348
1403636648.263556 3.497149467 5.691347122 9.097852707 -0.221817464 0.023384640 0.067460172 0.972470701
1403636648.313555 3.488794565 5.719802856 9.104186058 -0.234482244 0.023787016 0.072435498 0.969126105
1403636648.363556 3.480276823 5.746847630 9.108987808 -0.247364089 0.024643825 0.076619916 0.965573907
1403636648.413555 3.470654964 5.774984360 9.116050720 -0.260607243 0.024704147 0.081059627 0.961718678
1403636648.463556 3.459535599 5.802718639 9.122126579 -0.274046093 0.024569990 0.086047173 0.957544208
1403636648.513556 3.448221445 5.830151558 9.127522469 -0.286909372 0.024945723 0.090918988 0.953307152
1403636648.563555 3.437269211 5.856327057 9.129117966 -0.298210472 0.025594329 0.095311545 0.949384630
1403636648.613555 3.427538872 5.882037640 9.130740166 -0.308161885 0.025759578 0.098535493 0.945866525
1403636648.663556 3.422063351 5.909446239 9.133027077 -0.316471606 0.024226747 0.100976735 0.942901194
1403636648.713556 3.414492130 5.933489799 9.131744385 -0.323901385 0.021251405 0.102322325 0.940301299
1403636648.763556 3.408534050 5.957357883 9.130087852 -0.329372972 0.018048635 0.104722530 0.938200891
1403636648.813555 3.403437853 5.979977131 9.127200127 -0.333058417 0.010919233 0.108018197 0.936634958
1403636648.863556 3.401138067 6.003009319 9.123978615 -0.335546553 0.004393229 0.111422889 0.935400546
1403636648.913555 3.401125431 6.026051998 9.120317459 -0.337697238 -0.002450377 0.113057196 0.934437156
1403636648.963556 3.403914452 6.049369812 9.116472244 -0.338766694 -0.006914767 0.114347808 0.933870435
1403636649.013556 3.415812969 6.081580162 9.118069649 -0.339969933 -0.008275946 0.113975197 0.933467448
1403636649.063555 3.424247026 6.106209278 9.114254951 -0.340899438 -0.005204488 0.112240210 0.933360875
1403636649.113555 3.435437918 6.131082535 9.110788345 -0.341595888 0.001365159 0.109036975 0.933499455
1403636649.163556 3.449231148 6.156549454 9.108295441 -0.341901571 0.008935549 0.106582962 0.933629215
1403636649.213556 3.463603973 6.181381226 9.104731560 -0.342172414 0.015270256 0.103112385 0.933837593
1403636649.263556 3.476296663 6.199567795 9.098316193 -0.342034727 0.020190477 0.100605324 0.934068143
1403636649.313555 3.497574568 6.235622883 9.096900940 -0.340953261 0.021491753 0.099125251 0.934592485
1403636649.363556 3.514834404 6.258524418 9.090879440 -0.339617044 0.020353926 0.098522298 0.935168028
1403636649.413555 3.533271074 6.280821800 9.083983421 -0.337963998 0.018029366 0.098703995 0.935795248
1403636649.463556 3.554564953 6.303749561 9.077050209 -0.336011022 0.014218779 0.098935172 0.936539471
1403636649.513556 3.576727629 6.325094223 9.068614006 -0.334091783 0.014402372 0.098380305 0.937281489
1403636649.563555 3.600978613 6.346041203 9.059297562 -0.332203299 0.017225226 0.097888902 0.937956274
1403636649.613555 3.626085520 6.366873741 9.049453735 -0.331160605 0.020594707 0.098513849 0.938191593
1403636649.663556 3.647571325 6.391798496 9.040946007 -0.331612200 0.025082156 0.099778295 0.937789202
1403636649.713556 3.669296980 6.411836624 9.029782295 -0.334011972 0.027700385 0.101901539 0.936634839
1403636649.763556 3.689222813 6.431817532 9.018289566 -0.338194251 0.029433250 0.102392428 0.935026288
1403636649.813555 3.707083941 6.451429844 9.007102013 -0.342024833 0.030194886 0.102524474 0.933593094
1403636649.863556 3.722054482 6.470882893 8.995425224 -0.345827281 0.031415805 0.102427937 0.932161510
1403636649.913555 3.735732555 6.489458084 8.984169960 -0.349090666 0.031900577 0.102445938 0.930925846
1403636649.963556 3.747023344 6.507875919 8.973336220 -0.352239400 0.032043237 0.102130912 0.929768801
1403636650.013556 3.757171392 6.527058601 8.966176033 -0.354934394 0.031709313 0.102087073 0.928759694
1403636650.063555 3.762597084 6.544399261 8.955872536 -0.357404172 0.032559231 0.102801964 0.927703679
1403636650.113555 3.765269279 6.560993671 8.945194244 -0.361182868 0.033110656 0.104296699 0.926052392
1403636650.163556 3.764868259 6.576793194 8.934906960 -0.366858929 0.033764012 0.106176682 0.923580706
1403636650.213556 3.762197256 6.591917515 8.922955513 -0.374719739 0.033163916 0.108425051 0.920179069
1403636650.263556 3.757620811 6.606306553 8.910423279 -0.384083867 0.032830693 0.111774467 0.915919483
1403636650.313555 3.751322746 6.620449066 8.898018837 -0.394118398 0.032628298 0.116664596 0.911041021
1403636650.363556 3.747348547 6.637111187 8.888332367 -0.405313939 0.031382862 0.121739134 0.905492008
1403636650.413555 3.738695621 6.650270939 8.875025749 -0.416958511 0.029614400 0.126481354 0.899595201
1403636650.463556 3.728916168 6.662155151 8.861198425 -0.428771049 0.027061535 0.131633818 0.893362224
1403636650.513556 3.718095779 6.673622131 8.846584320 -0.439977199 0.024063179 0.137088776 0.887157381
1403636650.563555 3.705826521 6.683795452 8.832557678 -0.449293256 0.021393048 0.142705619 0.881653905
1403636650.613555 3.693038702 6.693488121 8.818860054 -0.457321852 0.019274769 0.146772727 0.876894295
1403636650.663556 3.679719925 6.702801228 8.805637360 -0.463912994 0.017980095 0.150195658 0.872870803
1403636650.713556 3.666386127 6.711905956 8.792500496 -0.470140696 0.016376212 0.152285412 0.869200408
1403636650.763556 3.654247284 6.725965023 8.786741257 -0.475071371 0.016108185 0.154800415 0.866074622
1403636650.813555 3.644420147 6.734175205 8.772958755 -0.479176402 0.016801639 0.155883089 0.863602281
1403636650.863556 3.637626410 6.742302895 8.758741379 -0.482819408 0.018692091 0.155387357 0.861621439
1403636650.913555 3.633310556 6.749587059 8.742977142 -0.485933959 0.022239983 0.153687969 0.860089719
1403636650.963556 3.629975319 6.756489277 8.727215767 -0.487876415 0.025670029 0.152408257 0.859121740
1403636651.013556 3.627939701 6.762809753 8.711011887 -0.489453673 0.028243298 0.150531247 0.858474493
1403636651.063555 3.627490282 6.768764496 8.694452286 -0.490136832 0.029649587 0.149407774 0.858233571
1403636651.113555 3.628142357 6.773902893 8.677342415 -0.490050703 0.031204145 0.148725539 0.858346164
1403636651.163556 3.629951239 6.778611660 8.659890175 -0.489844531 0.030792851 0.148435801 0.858528793
1403636651.213556 3.632603645 6.782152176 8.641855240 -0.488595307 0.029127913 0.149160415 0.859172940
1403636651.263556 3.630918741 6.795955181 8.631340027 -0.487410396 0.026673406 0.149892032 0.859797955
1403636651.313555 3.635409594 6.798445225 8.612570763 -0.485867053 0.023872798 0.150704667 0.860611379
1403636651.363556 3.639715672 6.800847054 8.594350815 -0.484011859 0.021388680 0.152102992 0.861475587
1403636651.413555 3.643547535 6.801078320 8.574949265 -0.482541174 0.019862058 0.152103886 0.862336636
1403636651.463556 3.645202637 6.802295685 8.557030678 -0.480717063 0.018981442 0.152359888 0.863329411
1403636651.513556 3.645131350 6.803464890 8.539716721 -0.479444206 0.019364532 0.151298359 0.864215016
1403636651.563555 3.643660307 6.804464817 8.523068428 -0.478089660 0.021988630 0.150212079 0.865091681
1403636651.613555 3.640925169 6.805335045 8.506828308 -0.477292329 0.025233675 0.147816837 0.865855575
1403636651.663556 3.636733055 6.805728436 8.490955353 -0.476344943 0.028608786 0.146434277 0.866507053
1403636651.713556 3.630890369 6.805508614 8.475110054 -0.475388139 0.031353720 0.146696404 0.866893113
1403636651.763556 3.620909452 6.810092926 8.459767342 -0.475283563 0.034620699 0.148750603 0.866476119
1403636651.813555 3.612536669 6.808959961 8.443277359 -0.476325601 0.038469534 0.152911171 0.865016103
1403636651.863556 3.602701187 6.807536602 8.425975800 -0.479298621 0.042381141 0.156562120 0.862534463
1403636651.913555 3.590781212 6.805566788 8.407691956 -0.484248906 0.045029905 0.160747483 0.858857572
1403636651.963556 3.576108932 6.803354263 8.387511253 -0.491026998 0.047340944 0.164668381 0.854129016
1403636652.013556 3.563876152 6.802188396 8.366412163 -0.499788821 0.048716061 0.167535841 0.848392904
1403636652.063555 3.546606302 6.799833298 8.344836235 -0.510520279 0.047214899 0.170841098 0.841400146
1403636652.113555 3.527771950 6.796787262 8.322096825 -0.523046970 0.043584723 0.173221529 0.833377302
1403636652.163556 3.508124352 6.792896271 8.298282623 -0.536846042 0.039465487 0.176416770 0.824085772
1403636652.213556 3.494377375 6.793365002 8.273373604 -0.551230371 0.034578640 0.181258693 0.813692033
1403636652.263556 3.471046925 6.786859512 8.248723984 -0.565312862 0.030519949 0.187470570 0.802710831
1403636652.313555 3.445476055 6.778092384 8.223856926 -0.578908145 0.024807800 0.195543170 0.791209817
1403636652.363556 3.419002056 6.769078255 8.199616432 -0.591475964 0.020080075 0.203732878 0.779901266
1403636652.413555 3.399760723 6.765362263 8.174451828 -0.602666736 0.016709967 0.210281432 0.769607306
1403636652.463556 3.374414206 6.757458210 8.150703430 -0.611809671 0.015011583 0.216206476 0.760735512
1403636652.513556 3.350386620 6.749914169 8.126951218 -0.619210601 0.013271105 0.221769899 0.753140450
1403636652.563555 3.329682112 6.744452000 8.101863861 -0.625228107 0.010479342 0.227561265 0.746455729
1403636652.613555 3.310472727 6.739044189 8.076921463 -0.629762471 0.007280816 0.232398912 0.741172969
1403636652.663556 3.302098751 6.742366314 8.051207542 -0.633461952 0.002825144 0.236315221 0.736799896
1403636652.713556 3.288098574 6.739608765 8.024706841 -0.637049913 -0.000488794 0.237099290 0.733452082
1403636652.763556 3.276881218 6.738082886 7.997941017 -0.638819218 -0.001104216 0.239072189 0.731268942
1403636652.813555 3.270194054 6.739536762 7.969812393 -0.640600026 -0.001884883 0.239095077 0.729700387
1403636652.863556 3.263898611 6.741906643 7.941978455 -0.641686499 -0.000897318 0.239052504 0.728760958
1403636652.913555 3.259959221 6.745677471 7.913772106 -0.642638028 0.000360793 0.237192512 0.728530645
1403636652.963556 3.257694960 6.750608921 7.885282040 -0.643394351 0.001568065 0.234762147 0.728648782
1403636653.013556 3.255244493 6.756867409 7.857329845 -0.643679500 0.002997051 0.232748866 0.729038239
1403636653.063555 3.250245571 6.764337063 7.830698967 -0.644020438 0.003972982 0.229408383 0.729790866
1403636653.113555 3.241615534 6.773576736 7.805960655 -0.643847048 0.006755233 0.226656854 0.730782449
1403636653.163556 3.232564211 6.789013386 7.786860943 -0.643997908 0.009108488 0.222925305 0.731770933
1403636653.213556 3.220595121 6.800569534 7.764242172 -0.644104302 0.013038171 0.218174294 0.733048558
1403636653.263556 3.209464550 6.812309265 7.741538525 -0.644010842 0.017366840 0.213350132 0.734459519
1403636653.313555 3.200870991 6.823916912 7.719217300 -0.643828988 0.020102926 0.208561614 0.735923111
1403636653.363556 3.192894220 6.835274220 7.696752071 -0.642758071 0.021863364 0.205798686 0.737585008
1403636653.413555 3.187012672 6.845739841 7.674008369 -0.641407490 0.022486990 0.203977555 0.739245892
1403636653.463556 3.183302879 6.855668545 7.651075840 -0.639882207 0.022248672 0.203429088 0.740724623
1403636653.513556 3.182200193 6.864967346 7.627676964 -0.638263166 0.021782225 0.202761203 0.742316663
1403636653.563555 3.182401896 6.873282909 7.604143620 -0.636497140 0.021475667 0.202919826 0.743797243
1403636653.613555 3.184704304 6.881609917 7.580419064 -0.635460317 0.023120664 0.202014804 0.744880021
1403636653.663556 3.173184395 6.883701801 7.560947895 -0.634736836 0.025209129 0.199875176 0.746005595
1403636653.713556 3.174705982 6.890917301 7.538240910 -0.634425461 0.026813470 0.197671175 0.746801257
1403636653.763556 3.174819708 6.897298813 7.516377926 -0.634168565 0.028870970 0.196140349 0.747346222
1403636653.813555 3.174027920 6.903549671 7.494286060 -0.633940876 0.029650552 0.194417492 0.747958779
1403636653.863556 3.171231747 6.908569336 7.473741055 -0.634088814 0.030274235 0.192967534 0.748183846
1403636653.913555 3.166736841 6.912638187 7.454076767 -0.633933365 0.030352125 0.192635432 0.748397946
1403636653.963556 3.160500050 6.915675640 7.435490131 -0.632948935 0.030246431 0.194824502 0.748668730
1403636654.013556 3.152684689 6.917973518 7.417669296 -0.631862760 0.030193783 0.197836712 0.748798490
1403636654.063555 3.143381357 6.919524670 7.400447845 -0.630908191 0.030699121 0.200304344 0.748926759
1403636654.113555 3.133028269 6.920458317 7.383362770 -0.631330073 0.031608712 0.201737046 0.748148382
1403636654.163556 3.101748228 6.905239105 7.372036934 -0.633385181 0.034089182 0.202037334 0.746218860
1403636654.213556 3.093151331 6.905130863 7.353895187 -0.636460066 0.034969784 0.202718183 0.743371785
1403636654.263556 3.085221052 6.903591156 7.334789753 -0.640577435 0.033521589 0.203466952 0.739688277
1403636654.313555 3.079749107 6.900205135 7.314505100 -0.645433247 0.032315310 0.204933763 0.735101640
1403636654.363556 3.069399357 6.893532753 7.294757843 -0.650560856 0.030583492 0.207684174 0.729865253
1403636654.413555 3.067153454 6.889713287 7.273057938 -0.656546175 0.028346889 0.210714877 0.723701358
1403636654.463556 3.066681385 6.885054111 7.250826836 -0.662756920 0.026932679 0.214102909 0.717069626
1403636654.513556 3.066473484 6.878907681 7.227357864 -0.670019865 0.025714552 0.216315031 0.709662557
1403636654.563555 3.063168526 6.862623215 7.209798336 -0.677382231 0.024517050 0.218958214 0.701861978
1403636654.613555 3.065602779 6.856151581 7.187040806 -0.682915032 0.023300746 0.223699555 0.695013285
1403636654.663556 3.067240000 6.849676132 7.165238857 -0.687038064 0.023291770 0.229787946 0.688937247
1403636654.713556 3.066189289 6.842099190 7.145217896 -0.691257298 0.022510728 0.233250052 0.683558285
1403636654.763556 3.085842609 6.848349571 7.126874924 -0.694697559 0.020532737 0.237408042 0.678683579
1403636654.813555 3.082919836 6.841942787 7.107777596 -0.698189676 0.019442989 0.239170477 0.674500406
1403636654.863556 3.078282595 6.835777283 7.089637756 -0.701063097 0.018315624 0.240574062 0.671043575
1403636654.913555 3.070713043 6.828719139 7.072612286 -0.703838587 0.018468285 0.240707994 0.668079376
1403636654.963556 3.063045025 6.822864056 7.056008816 -0.707027853 0.020204434 0.237872869 0.665672779
1403636655.013556 3.054221630 6.816905499 7.040277004 -0.709801614 0.023944251 0.234689057 0.663724184
1403636655.063555 3.048295736 6.806005478 7.025238037 -0.711880565 0.027384980 0.231826127 0.662369251
1403636655.113555 3.037735939 6.799289703 7.010959625 -0.713418961 0.030182330 0.229942963 0.661247969
1403636655.163556 3.026733875 6.791846275 6.997156620 -0.714875579 0.032443028 0.227635279 0.660365701
1403636655.213556 3.015216827 6.783931732 6.984576702 -0.715393364 0.035232212 0.226736903 0.659970880
1403636655.263556 3.003029346 6.774730206 6.971619606 -0.716692328 0.037885934 0.226665765 0.658437312
1403636655.313555 2.990363836 6.764149189 6.958676815 -0.718704879 0.039583903 0.226708084 0.656125128
1403636655.363556 2.977518559 6.752095222 6.945775509 -0.721079409 0.041845992 0.227830008 0.652983367
1403636655.413555 2.965531826 6.738185406 6.932933807 -0.723417342 0.043871410 0.229077354 0.649820387
1403636655.463556 2.960712910 6.723349094 6.915860653 -0.726516783 0.044467460 0.229630083 0.646116674
1403636655.513556 2.952283621 6.706181526 6.901384354 -0.730036974 0.044397913 0.231496319 0.641470909
1403636655.563555 2.944553852 6.686150551 6.886875153 -0.732894301 0.042242773 0.236540407 0.636498809
1403636655.613555 2.936710119 6.664547443 6.872167110 -0.735768676 0.038568884 0.243799523 0.630649924
1403636655.663556 2.927470446 6.642037868 6.857995033 -0.738240182 0.036189537 0.251437366 0.624877453
1403636655.713556 2.916053057 6.619262695 6.844598293 -0.740259111 0.033915523 0.258259892 0.619813442
1403636655.763556 2.903480053 6.606452942 6.829942703 -0.743261397 0.031675491 0.263367325 0.614164114
1403636655.813555 2.885799170 6.584094524 6.817826271 -0.746834815 0.031044614 0.267721027 0.607947588
1403636655.863556 2.864948988 6.561666012 6.806167126 -0.750982225 0.030907944 0.272178292 0.600824594
1403636655.913555 2.841813087 6.539679527 6.794281960 -0.755936921 0.031344026 0.276235104 0.592682004
1403636655.963556 2.821437120 6.522808552 6.779842854 -0.761475325 0.032222871 0.279188424 0.584099591
1403636656.013556 2.799608707 6.500768661 6.766405582 -0.766225874 0.033717740 0.281232834 0.576775908
1403636656.063555 2.779979944 6.478549480 6.751318932 -0.770976245 0.034188826 0.282248437 0.569880724
1403636656.113555 2.762111187 6.456294537 6.733788013 -0.774841487 0.032544285 0.283228457 0.564220369
1403636656.163556 2.747992516 6.444634438 6.715532780 -0.778083205 0.031197686 0.283956409 0.559449971
1403636656.213556 2.735097885 6.421723366 6.695996761 -0.780850649 0.027651230 0.284342229 0.555571377
1403636656.263556 2.725011110 6.399002552 6.675193787 -0.782624781 0.026335591 0.285189271 0.552697301
1403636656.313555 2.717573881 6.376424313 6.652965069 -0.783772707 0.024512928 0.286408991 0.550519705
1403636656.363556 2.712183952 6.354817867 6.629696369 -0.784405708 0.024225606 0.287529975 0.549044371
1403636656.413555 2.708696365 6.334338188 6.605140209 -0.784749210 0.023089737 0.287944585 0.548384786
1403636656.463556 2.708862782 6.326808929 6.580459595 -0.785073519 0.023243923 0.288559973 0.547588408
1403636656.513556 2.708200693 6.308221340 6.553696156 -0.785088837 0.021992501 0.288241714 0.547785759
1403636656.563555 2.707620382 6.290738583 6.526494980 -0.785411477 0.021434547 0.286437184 0.548291624
1403636656.613555 2.706594229 6.274986744 6.498884201 -0.785720766 0.021652870 0.284165710 0.549021244
1403636656.663556 2.704852581 6.259324551 6.471599102 -0.786476970 0.024085209 0.280206263 0.549871624
1403636656.713556 2.702332735 6.244170666 6.444231033 -0.787847638 0.029060736 0.273755610 0.550917268
1403636656.763556 2.698060751 6.228962898 6.417322636 -0.789096236 0.033440009 0.267576814 0.551916778
1403636656.813555 2.691824198 6.213740349 6.391052246 -0.790196538 0.035121441 0.262083858 0.552872956
1403636656.863556 2.682573080 6.205121517 6.367689610 -0.790893435 0.035327017 0.258063138 0.553754628
1403636656.913555 2.672976494 6.189455986 6.343387604 -0.791139245 0.036533576 0.254807442 0.554831862
1403636656.963556 2.661700249 6.173322678 6.320411205 -0.790857434 0.037970051 0.253105938 0.555914998
1403636657.013556 2.648622990 6.155857086 6.298849106 -0.790327251 0.040273290 0.252255559 0.556892514
1403636657.063555 2.634110451 6.137673855 6.278198242 -0.789678693 0.042530194 0.251972765 0.557771921
1403636657.113555 2.618520260 6.118614197 6.258557320 -0.788796961 0.044769112 0.252429426 0.558637202
1403636657.163556 2.603177547 6.098461151 6.239336014 -0.787912726 0.047191247 0.253279358 0.559300721
1403636657.213556 2.588901758 6.077126503 6.220025539 -0.786733866 0.048848353 0.255043209 0.560015798
1403636657.263556 2.575711489 6.054771900 6.200370312 -0.785452187 0.048427127 0.258087277 0.560456872
1403636657.313555 2.563745737 6.031033993 6.180350780 -0.784564495 0.047208682 0.260563344 0.560658336
1403636657.363556 2.557837725 6.011388779 6.163409710 -0.783611298 0.046206959 0.264686853 0.560143054
1403636657.413555 2.547035694 5.985928059 6.142742634 -0.781888545 0.045224261 0.270014197 0.560087860
1403636657.463556 2.534952164 5.960009098 6.122047901 -0.780122042 0.043275394 0.275344580 0.560110211
1403636657.513556 2.521084547 5.936388969 6.100906849 -0.778533280 0.041998867 0.280013412 0.560103118
1403636657.563555 2.506552696 5.911023617 6.079451084 -0.777781963 0.040023193 0.282770455 0.559906483
1403636657.613555 2.490872860 5.885637283 6.057664871 -0.777505815 0.038977288 0.283926070 0.559778988
1403636657.663556 2.474136114 5.860224247 6.035518169 -0.777405679 0.038646881 0.284259111 0.559771955
1403636657.713556 2.458261251 5.828308582 6.012858868 -0.777710497 0.039453257 0.284001410 0.559424996
1403636657.763556 2.439129353 5.802865028 5.989725590 -0.778486669 0.040473726 0.284489751 0.558022738
1403636657.813555 2.418572903 5.776925087 5.966439247 -0.778960288 0.041568726 0.286143959 0.556433260
1403636657.863556 2.397269249 5.751367569 5.944110394 -0.778614104 0.043914467 0.289735973 0.554876566
1403636657.913555 2.375648737 5.725512505 5.919878960 -0.777751744 0.045551766 0.294329673 0.553534925
1403636657.963556 2.354774952 5.699048042 5.894071102 -0.777289093 0.046111684 0.297690213 0.552339911
1403636658.013556 2.338493824 5.672703266 5.861188889 -0.777672172 0.045015041 0.298634261 0.551380157
1403636658.063555 2.321177006 5.646092892 5.830630779 -0.778550982 0.041705962 0.298518807 0.550462186
1403636658.113555 2.305567265 5.618656158 5.798380375 -0.780671716 0.037149541 0.295051694 0.549653649
1403636658.163556 2.290316343 5.590778828 5.764639854 -0.782328725 0.032482099 0.292843074 0.548773885
1403636658.213556 2.275835276 5.563746452 5.729987621 -0.783966660 0.029043099 0.290452719 0.547898889
1403636658.263556 2.260501623 5.537170887 5.695165634 -0.785675108 0.024324438 0.287497252 0.547239959
1403636658.313555 2.243921757 5.511288166 5.660843372 -0.786634803 0.021497341 0.286201030 0.546658814
1403636658.363556 2.230830431 5.490347385 5.620635986 -0.787365496 0.019011240 0.285799891 0.545908093
1403636658.413555 2.212418556 5.465951443 5.586940765 -0.787855506 0.016850481 0.285372674 0.545495570
1403636658.463556 2.193496466 5.442475319 5.553486824 -0.788629770 0.013852905 0.284342647 0.544998705
1403636658.513556 2.173210144 5.419040203 5.520461082 -0.789373577 0.010679442 0.282955468 0.544715405
1403636658.563555 2.153462172 5.397055149 5.487680912 -0.790630460 0.006803568 0.280278295 0.544338703
1403636658.613555 2.133467674 5.376227856 5.455647469 -0.791551828 0.003961151 0.278097212 0.544146180
1403636658.663556 2.113288403 5.356339455 5.424450397 -0.792182863 0.002495312 0.276751310 0.543922901
1403636658.713556 2.094825029 5.336676121 5.393059254 -0.793047786 0.001453749 0.275084466 0.543509662
1403636658.763556 2.074417591 5.319165707 5.363639832 -0.794246674 0.000383746 0.271984220 0.543321133
1403636658.813555 2.054129601 5.302807808 5.335103989 -0.796016574 -0.000955114 0.267299771 0.543054938
1403636658.863556 2.033581495 5.287362099 5.307624817 -0.797335446 -0.000654399 0.263658524 0.542900741
1403636658.913555 2.013035297 5.272927284 5.281949997 -0.798073173 0.003058858 0.261710525 0.542750955
1403636658.963556 1.992100835 5.259270191 5.257905006 -0.798210740 0.008391081 0.261174530 0.542750597
1403636659.013556 1.970711350 5.246173382 5.235274315 -0.798158824 0.013120728 0.261065960 0.542785585
1403636659.063555 1.948996186 5.233250618 5.213531017 -0.798799574 0.017910443 0.258956224 0.542716622
1403636659.113555 1.925103426 5.222538948 5.191095352 -0.798898518 0.020657372 0.258574158 0.542655230
1403636659.163556 1.901914597 5.209732056 5.171551704 -0.799206614 0.023216704 0.257483989 0.542616606
1403636659.213556 1.878504157 5.196905136 5.153136253 -0.799320579 0.024765925 0.256603897 0.542797148
1403636659.263556 1.856337190 5.182127476 5.135993481 -0.799122930 0.025409320 0.256914049 0.542911410
1403636659.313555 1.835401893 5.167828083 5.119117737 -0.798454940 0.023981281 0.258715928 0.543103695
1403636659.363556 1.815970421 5.153504372 5.102482796 -0.797541320 0.022104722 0.261495620 0.543194413
1403636659.413555 1.797889233 5.138999939 5.086114407 -0.796399951 0.018655378 0.264688313 0.543452024
1403636659.463556 1.779738784 5.123391628 5.072125912 -0.795076489 0.015435730 0.268688619 0.543528318
1403636659.513556 1.766057134 5.109649181 5.055194378 -0.795138299 0.013283119 0.269051373 0.543315411
1403636659.563555 1.753049970 5.096141815 5.038905621 -0.794655502 0.014237983 0.270596683 0.543230057
1403636659.613555 1.740283728 5.082709312 5.022074699 -0.795535922 0.014032184 0.268612325 0.542931616
1403636659.663556 1.726725340 5.069890499 5.006945610 -0.796374977 0.014786015 0.267075211 0.542439580
1403636659.713556 1.712062359 5.057478428 4.993094921 -0.797250867 0.015382990 0.265492082 0.541913211
1403636659.763556 1.696243048 5.045396328 4.980857372 -0.798120320 0.016345620 0.264154136 0.541258574
1403636659.813555 1.679383397 5.033524513 4.970168591 -0.798695087 0.016192924 0.263602316 0.540684223
1403636659.863556 1.661782861 5.021617413 4.961013317 -0.798972785 0.016970942 0.264097184 0.540008068
1403636659.913555 1.641714334 5.006867886 4.957318306 -0.798992693 0.016381728 0.265635967 0.539241433
1403636659.963556 1.621808410 4.994518757 4.950930595 -0.798584223 0.013383164 0.268665671 0.538427711
1403636660.013556 1.601230145 4.982360840 4.945727825 -0.797696114 0.011061008 0.272203445 0.538019657
1403636660.063555 1.580232382 4.972090244 4.940811634 -0.796836436 0.008566609 0.276160985 0.537322104
1403636660.113555 1.558760047 4.961294651 4.937074661 -0.796221972 0.005898342 0.279089510 0.536755621
1403636660.163556 1.536862254 4.951216221 4.934095383 -0.795552552 0.003786049 0.281643510 0.536432862
1403636660.213556 1.514608264 4.942145348 4.931513309 -0.795272827 0.003425527 0.282663375 0.536313653
1403636660.263556 1.492236257 4.934069157 4.929515362 -0.794586599 0.001208604 0.285344124 0.535920799
1403636660.313555 1.468727708 4.927358150 4.926679611 -0.793736577 -0.001320148 0.288042337 0.535738289
1403636660.363556 1.448772907 4.921680927 4.924625397 -0.791867614 -0.005959257 0.293427944 0.535549760
1403636660.413555 1.431038141 4.917864799 4.921741962 -0.790037155 -0.009502813 0.298742563 0.535263717
1403636660.463556 1.416215420 4.915577412 4.918602943 -0.789059758 -0.011312249 0.301417500 0.535170734
1403636660.513556 1.402667403 4.915447235 4.915029049 -0.789045334 -0.012045993 0.301143855 0.535329998
1403636660.563555 1.389494658 4.917638779 4.911334515 -0.790441155 -0.010397987 0.297442049 0.535374820
1403636660.613555 1.375980496 4.921936035 4.907809734 -0.792628288 -0.007119612 0.291126519 0.535666287
1403636660.663556 1.361471891 4.927907944 4.904792786 -0.795360088 -0.003868630 0.283156216 0.535923004
1403636660.713556 1.345814228 4.935280323 4.902691841 -0.798070669 -0.001279306 0.275107145 0.536098003
1403636660.763556 1.329241157 4.943569660 4.901693344 -0.800808728 -0.000287533 0.266882777 0.536173701
1403636660.813555 1.305167198 4.957667351 4.896061897 -0.802913487 -0.001061281 0.260033906 0.536390960
1403636660.863556 1.286545038 4.966911793 4.898074150 -0.804718912 -0.002863211 0.254161626 0.536493421
1403636660.913555 1.266869068 4.976823807 4.902055264 -0.805917442 -0.003297942 0.250414968 0.536453545
1403636660.963556 1.248892307 4.985108376 4.910553932 -0.805994630 -0.001261139 0.249867976 0.536601305
1403636661.013556 1.229020000 4.994968891 4.919501305 -0.805536866 0.002401551 0.250821561 0.536839843
1403636661.063555 1.208952188 5.004960537 4.929961205 -0.805170536 0.006281740 0.251799464 0.536900461
1403636661.113555 1.188412905 5.015102386 4.941929817 -0.804751635 0.009943031 0.252760023 0.537021637
1403636661.163556 1.167471528 5.025188923 4.955073357 -0.804308355 0.012975059 0.254102290 0.536987782
1403636661.213556 1.143429637 5.042848110 4.963233948 -0.804144144 0.016387872 0.253804803 0.537281156
1403636661.263556 1.125474453 5.052213192 4.977426529 -0.803594053 0.017658148 0.255471766 0.537274003
1403636661.313555 1.110044718 5.060665131 4.991727352 -0.803524375 0.019374199 0.255380243 0.537362695
1403636661.363556 1.097213268 5.066614628 5.008723736 -0.803438544 0.020046450 0.255457968 0.537429154
1403636661.413555 1.085981607 5.073322773 5.024132252 -0.803501368 0.020013152 0.255133450 0.537490547
1403636661.463556 1.076827765 5.079820156 5.039395332 -0.803278089 0.020639451 0.255721360 0.537521362
1403636661.513556 1.067534804 5.091204166 5.052932739 -0.802655816 0.020440904 0.257045448 0.537826121
1403636661.563555 1.062465906 5.096565247 5.068309784 -0.801792622 0.021516221 0.258828253 0.538216472
1403636661.613555 1.059166670 5.101230145 5.083796978 -0.800771594 0.022144210 0.261361808 0.538486779
1403636661.663556 1.058199167 5.104891300 5.099595547 -0.800447047 0.023732863 0.261505693 0.538831711
1403636661.713556 1.058793187 5.108719349 5.114697456 -0.800578535 0.024595015 0.260559946 0.539055765
1403636661.763556 1.061198115 5.111913204 5.129761219 -0.799908280 0.029671533 0.261896104 0.539147556
1403636661.813555 1.065171361 5.114418030 5.144435883 -0.798772931 0.034590956 0.263709426 0.539653778
1403636661.863556 1.070967436 5.116098404 5.158231735 -0.798121274 0.038042489 0.264143348 0.540173054
1403636661.913555 1.078412294 5.117216587 5.170856953 -0.797989070 0.039775290 0.264098942 0.540265322
1403636661.963556 1.087374806 5.117511272 5.182837009 -0.797476947 0.040877715 0.264214516 0.540882230
1403636662.013556 1.095444083 5.118524551 5.197072983 -0.797685206 0.040820982 0.263442189 0.540956795
1403636662.063555 1.107071638 5.116889477 5.207396030 -0.797979712 0.040515877 0.262392938 0.541055322
1403636662.113555 1.119151235 5.114386559 5.217413902 -0.798096120 0.039944407 0.261694908 0.541264117
1403636662.163556 1.132149816 5.109293461 5.227264404 -0.798535764 0.036295734 0.261015743 0.541200697
1403636662.213556 1.142564654 5.104249001 5.238030434 -0.799202800 0.031281449 0.259943098 0.541045249
1403636662.263556 1.151313066 5.098561764 5.249691010 -0.800140917 0.025652066 0.258194476 0.540792227
1403636662.313555 1.158603191 5.092326641 5.262461662 -0.800659657 0.021582449 0.257893860 0.540345371
1403636662.363556 1.164471388 5.085903168 5.276379108 -0.800954878 0.017467171 0.258106083 0.539955139
1403636662.413555 1.169087529 5.079663277 5.291615009 -0.800732017 0.014225152 0.260091871 0.539427817
1403636662.463556 1.171933532 5.073455334 5.308416367 -0.799779177 0.010634069 0.263980597 0.539034843
1403636662.513556 1.175345659 5.059944630 5.330999851 -0.798893094 0.007977603 0.267809182 0.538508236
1403636662.563555 1.176761627 5.054272175 5.349712849 -0.797742963 0.007719704 0.272038072 0.538097322
1403636662.613555 1.177552819 5.048954487 5.369249821 -0.796092987 0.011445539 0.277140588 0.537870824
1403636662.663556 1.177296877 5.045554638 5.388015747 -0.794424474 0.018999511 0.282425284 0.537374794
1403636662.713556 1.176605940 5.042178631 5.407196522 -0.793173611 0.026781777 0.285822064 0.537094712
1403636662.763556 1.174913406 5.039219379 5.425757885 -0.792527258 0.033222470 0.287556171 0.536763430
1403636662.813555 1.171894789 5.036251545 5.443774223 -0.792256296 0.037976116 0.288927972 0.536111116
1403636662.863556 1.175167918 5.031907558 5.456604481 -0.790978968 0.038571529 0.292756259 0.535873115
1403636662.913555 1.169171929 5.028357983 5.473495007 -0.790639997 0.035228994 0.294774354 0.535497129
1403636662.963556 1.162060261 5.024745941 5.489628792 -0.789776027 0.033317238 0.297773749 0.535234809
1403636663.013556 1.153881550 5.022110939 5.504498482 -0.788165271 0.033701990 0.302353650 0.535017550
1403636663.063555 1.147311449 5.019247532 5.517468452 -0.786488533 0.035785936 0.307131648 0.534628153
1403636663.113555 1.141647220 5.016433716 5.528243542 -0.785034060 0.038152795 0.310893983 0.534427643
1403636663.163556 1.137095332 5.013974190 5.536307335 -0.784013510 0.037827641 0.313925654 0.534176528
1403636663.213556 1.132982254 5.011580944 5.541543961 -0.785185456 0.033712473 0.312467694 0.533585131
1403636663.263556 1.127979994 5.009499550 5.544773102 -0.787781000 0.023655703 0.306906819 0.533527613
1403636663.313555 1.121185422 5.007948399 5.547632694 -0.789611638 0.014212681 0.303081602 0.533343136
1403636663.363556 1.113925099 5.002841473 5.550962925 -0.790800095 0.005065836 0.300267130 0.533339739
1403636663.413555 1.103243947 5.002898216 5.554196358 -0.791222692 -0.003397704 0.299234271 0.533306718
1403636663.463556 1.091290474 5.004840374 5.557641506 -0.790995181 -0.009406039 0.299593329 0.533370197
1403636663.513556 1.077624440 5.010425091 5.561953068 -0.790972233 -0.015160040 0.300166488 0.532949507
1403636663.563555 1.063813329 5.016718864 5.566311836 -0.790749967 -0.018690789 0.300682932 0.532876194
1403636663.613555 1.049192071 5.025222301 5.571021080 -0.790274560 -0.020134397 0.301614910 0.533002079
1403636663.663556 1.034211397 5.036259174 5.575638294 -0.790035307 -0.021801900 0.302036107 0.533052802
1403636663.713556 1.019945860 5.049824715 5.579727173 -0.790787458 -0.025593655 0.299438685 0.533234298
1403636663.763556 1.006689548 5.069703102 5.581027031 -0.791764915 -0.029537320 0.295563370 0.533741295
1403636663.813555 0.995977223 5.087900162 5.584745407 -0.793768823 -0.033115469 0.288781971 0.534266651
1403636663.863556 0.987266481 5.108996391 5.588914871 -0.795652330 -0.035925191 0.281707436 0.535059988
1403636663.913555 0.981570840 5.132672310 5.594429970 -0.797081113 -0.036219627 0.276135057 0.535818040
1403636663.963556 0.978247046 5.158705235 5.600326538 -0.799260318 -0.036461484 0.267838180 0.536766171
1403636664.013556 0.977705777 5.186623573 5.607478619 -0.801411211 -0.035806015 0.259814054 0.537546694
1403636664.063555 0.977440834 5.221567154 5.610710144 -0.802028835 -0.033571303 0.255837291 0.538675785
1403636664.113555 0.981110394 5.252677917 5.621662617 -0.801898241 -0.028522708 0.254041433 0.540009737
1403636664.163556 0.986781836 5.285335541 5.633797646 -0.801612377 -0.021900294 0.253082961 0.541191995
1403636664.213556 0.994677126 5.319404125 5.648562431 -0.801009536 -0.014397590 0.252205372 0.542743504
1403636664.263556 1.000441790 5.356640816 5.660305977 -0.800438046 -0.007591764 0.250873685 0.544340134
1403636664.313555 1.005485535 5.390893936 5.678866386 -0.799725235 -0.001813718 0.250394017 0.545656919
1403636664.363556 1.006681085 5.424939632 5.700124264 -0.798839211 0.001863894 0.250104874 0.547085285
1403636664.413555 1.004338145 5.458469391 5.724046707 -0.797871828 0.005304443 0.249519721 0.548739135
1403636664.463556 0.995878637 5.499608040 5.743707180 -0.796645164 0.007429920 0.249568328 0.550473511
1403636664.513556 0.990330279 5.532653809 5.771164417 -0.795802534 0.010268146 0.248574346 0.552094102
1403636664.563555 0.984771729 5.565565586 5.799586773 -0.794420540 0.013178289 0.248684928 0.553969443
1403636664.613555 0.979387343 5.601314545 5.825793266 -0.792050362 0.019640477 0.251003385 0.556122661
1403636664.663556 0.976461768 5.632526875 5.855113506 -0.790525854 0.022785662 0.251435876 0.557973266
1403636664.713556 0.975369215 5.663084507 5.884299755 -0.788350523 0.025819955 0.253994256 0.559757411
1403636664.763556 0.975079834 5.698470592 5.909995079 -0.787289441 0.022053000 0.254161358 0.561333179
1403636664.813555 0.977911055 5.727103233 5.938490391 -0.786679327 0.018173274 0.253281921 0.562723339
1403636664.863556 0.982985377 5.755475521 5.966851234 -0.785603464 0.017199352 0.253070980 0.564349473
1403636664.913555 0.989586711 5.783553123 5.994462490 -0.784377635 0.018217292 0.253655076 0.565758586
1403636664.963556 0.997201860 5.811145782 6.022677422 -0.782785058 0.016349243 0.255949348 0.566986740
1403636665.013556 1.006782651 5.844828606 6.048364162 -0.780578911 0.015701806 0.259852588 0.568269670
1403636665.063555 1.018392563 5.870908260 6.076128483 -0.778655887 0.012799326 0.263884604 0.569122136
1403636665.113555 1.032006860 5.896512508 6.103699684 -0.776690245 0.011311414 0.267474085 0.570163012
1403636665.163556 1.046903968 5.922102451 6.130075932 -0.775408983 0.009690871 0.270015448 0.570738554
1403636665.213556 1.062832117 5.947732925 6.156725407 -0.773710489 0.013021980 0.272936672 0.571587145
1403636665.263556 1.079605341 5.973626137 6.182704926 -0.773019314 0.020332368 0.273756415 0.571916997
1403636665.313555 1.100286126 6.007899284 6.205356121 -0.773150742 0.025592227 0.272249222 0.572247088
1403636665.363556 1.116540909 6.035047531 6.229666710 -0.773252845 0.027966034 0.271252632 0.572471201
1403636665.413555 1.132696271 6.062397957 6.253114700 -0.774112344 0.026764782 0.269144356 0.572362065
1403636665.463556 1.148140788 6.089573383 6.275522232 -0.775153875 0.021936648 0.267214537 0.572062135
1403636665.513556 1.163091421 6.115087986 6.298273087 -0.776470780 0.015696475 0.265068173 0.571479619
1403636665.563555 1.181864142 6.143463135 6.320705891 -0.778163195 0.010352692 0.261944354 0.570739567
1403636665.613555 1.197808385 6.168477058 6.343962669 -0.778827727 0.005344201 0.261180133 0.570251942
1403636665.663556 1.214481354 6.194079399 6.367661953 -0.779756308 0.003016933 0.260135323 0.569477081
1403636665.713556 1.230564594 6.219284534 6.392341137 -0.781026244 0.002500908 0.258228391 0.568606675
1403636665.763556 1.255915046 6.247371674 6.415330410 -0.782636881 0.003132035 0.255216122 0.567748427
1403636665.813555 1.273832560 6.273825169 6.440724373 -0.783760488 0.005780732 0.253754288 0.566832304
1403636665.863556 1.292355418 6.300461769 6.467120647 -0.783551455 0.014693718 0.254999757 0.566401005
1403636665.913555 1.311304331 6.328205585 6.493457317 -0.782650173 0.023354122 0.258421093 0.565805376
1403636665.963556 1.332979679 6.354094982 6.520067692 -0.781633019 0.030739278 0.262135327 0.565149486
1403636666.013556 1.349728346 6.380048752 6.547200203 -0.780621946 0.035473987 0.265737027 0.564587414
1403636666.063555 1.364953637 6.405391216 6.574151993 -0.780110180 0.037972521 0.267512709 0.564293504
1403636666.113555 1.379365563 6.430084229 6.600708008 -0.780791402 0.036981452 0.266355276 0.563964665
1403636666.163556 1.394751191 6.452032566 6.627192020 -0.782358706 0.033694759 0.263101548 0.563525558
1403636666.213556 1.406119704 6.475400448 6.653781414 -0.783253431 0.032755401 0.260582983 0.563508391
1403636666.263556 1.416132689 6.498314857 6.680624485 -0.783405542 0.032840293 0.259899974 0.563607395
1403636666.313555 1.425029516 6.520922661 6.707896709 -0.783476591 0.034911145 0.259599715 0.563522398
1403636666.363556 1.432424426 6.542344570 6.735257149 -0.782831848 0.038084790 0.259926140 0.564062059
1403636666.413555 1.438654542 6.561201572 6.766119957 -0.781667054 0.040484779 0.262323648 0.564400256
1403636666.463556 1.446520686 6.579903603 6.792557716 -0.780276477 0.041635416 0.264927834 0.565023959
1403636666.513556 1.455811620 6.597133160 6.817775249 -0.779075623 0.041222934 0.266645759 0.565902352
1403636666.563555 1.466800213 6.611817837 6.841657162 -0.778525472 0.037652984 0.267647505 0.566435099
1403636666.613555 1.480328798 6.625844002 6.865315437 -0.777748227 0.033000983 0.268716186 0.567286551
1403636666.663556 1.495014310 6.639054298 6.887202740 -0.777483106 0.027109288 0.268441945 0.568091333
1403636666.713556 1.506602764 6.653039455 6.911249161 -0.776578963 0.021301603 0.269988239 0.568842232
1403636666.763556 1.522864342 6.665420532 6.932349682 -0.775302052 0.016404491 0.272206664 0.569688499
1403636666.813555 1.539385915 6.678120136 6.953386307 -0.773590267 0.014225214 0.275544196 0.570469141
1403636666.863556 1.555485249 6.689679146 6.975694656 -0.771328151 0.013604702 0.281090945 0.570838690
1403636666.913555 1.569078326 6.703500748 6.997192860 -0.767050385 0.017737068 0.291084796 0.571480453
1403636666.963556 1.580893755 6.717645168 7.018278122 -0.763192713 0.022284165 0.300048500 0.571849883
1403636667.013556 1.590972662 6.733001232 7.038473606 -0.761783123 0.025571378 0.302883357 0.572097421
1403636667.063555 1.600246787 6.749219894 7.056625843 -0.761798620 0.027607672 0.302102208 0.572395086
1403636667.113555 1.608842373 6.766108513 7.072947979 -0.765072584 0.027724113 0.293335527 0.572582483
1403636667.163556 1.616138935 6.784256935 7.088105202 -0.769436657 0.026422042 0.281314880 0.572828412
1403636667.213556 1.614583611 6.801547050 7.105998993 -0.772935450 0.025685629 0.271212518 0.573025107
1403636667.263556 1.619035602 6.820099354 7.121322155 -0.776095629 0.022911277 0.261986703 0.573163569
1403636667.313555 1.621890068 6.838279247 7.137621403 -0.777847528 0.020717746 0.256244034 0.573468328
1403636667.363556 1.623015285 6.856161118 7.153752804 -0.778702080 0.020582374 0.253130347 0.573696256
1403636667.413555 1.623588204 6.873745441 7.171408653 -0.778701544 0.019155262 0.252743930 0.573916733
1403636667.463556 1.623498559 6.888042450 7.191868305 -0.777758241 0.016584719 0.254873753 0.574334264
1403636667.513556 1.623267293 6.904766083 7.211372375 -0.776310325 0.014401575 0.258422673 0.574766040
1403636667.563555 1.622797966 6.921824932 7.231324196 -0.773786604 0.013548042 0.265072882 0.575161278
1403636667.613555 1.623240113 6.938920975 7.251625061 -0.771347761 0.014388100 0.271901667 0.575229168
1403636667.663556 1.625899076 6.955669403 7.270883083 -0.769154727 0.015754292 0.277295202 0.575554490
1403636667.713556 1.631024957 6.972918987 7.288855553 -0.767812729 0.018034419 0.280590624 0.575682163
1403636667.763556 1.638018370 6.990092278 7.305480003 -0.767464042 0.019845465 0.281457037 0.575664699
1403636667.813555 1.646435499 7.006385326 7.321434975 -0.767726123 0.021450367 0.281093866 0.575435162
1403636667.863556 1.654661179 7.023333073 7.336760998 -0.767817557 0.022631856 0.281380236 0.575127780
1403636667.913555 1.662961006 7.040974617 7.350714207 -0.767944515 0.023885930 0.281781644 0.574711084
1403636667.963556 1.669582129 7.057666302 7.365065575 -0.767957151 0.023096854 0.282542676 0.574352503
1403636668.013556 1.674849868 7.074849129 7.379057407 -0.768486321 0.023385223 0.282019913 0.573889971
1403636668.063555 1.678179502 7.092419624 7.393359661 -0.769808948 0.021358125 0.280170381 0.573101819
1403636668.113555 1.679390669 7.110653400 7.407467842 -0.771257639 0.019200906 0.278147846 0.572214842
1403636668.163556 1.679126859 7.129328251 7.421602726 -0.772737503 0.016550025 0.276410043 0.571142197
1403636668.213556 1.677126765 7.148668289 7.436057091 -0.773612976 0.013299860 0.276366115 0.570062220
1403636668.263556 1.674204350 7.168499470 7.450552464 -0.774542093 0.010369659 0.276065767 0.569005966
1403636668.313555 1.669366002 7.188103676 7.469015121 -0.775793076 0.008615890 0.275861651 0.567425728
1403636668.363556 1.664951921 7.209100723 7.484317303 -0.776615083 0.008047411 0.275728732 0.566373467
1403636668.413555 1.660010457 7.230791092 7.499986649 -0.777767539 0.008154838 0.274669051 0.565304279
1403636668.463556 1.654196024 7.253848076 7.515451908 -0.779165685 0.008845445 0.273063213 0.564145267
1403636668.513556 1.648122430 7.277018070 7.531494617 -0.780158281 0.008887830 0.272163153 0.563206911
1403636668.563555 1.641979218 7.300506115 7.548108578 -0.780784011 0.009209773 0.272397667 0.562220454
1403636668.613555 1.638502240 7.325859070 7.566388130 -0.781485736 0.008789373 0.272371829 0.561265409
1403636668.663556 1.632586241 7.350183964 7.583413124 -0.782254040 0.008057184 0.272366703 0.560207665
1403636668.713556 1.626900434 7.375203133 7.600588799 -0.783724129 0.005215525 0.269931972 0.559364438
1403636668.763556 1.621704102 7.401325703 7.618042469 -0.785787702 0.001820814 0.265418947 0.558650017
1403636668.813555 1.618587494 7.427254677 7.636707306 -0.788090467 -0.000295506 0.260476679 0.557735145
1403636668.863556 1.615633607 7.453596115 7.655724525 -0.790037274 -0.003825093 0.254885554 0.557550848
1403636668.913555 1.615119696 7.480437279 7.675426960 -0.792209387 -0.005509973 0.249057159 0.557088435
1403636668.963556 1.617169142 7.507154465 7.697422504 -0.792739987 -0.002052675 0.247766003 0.556932867
1403636669.013556 1.622469664 7.534881592 7.720591068 -0.792446315 0.004133742 0.248722643 0.556910634
1403636669.063555 1.628779292 7.560692787 7.744191170 -0.792152822 0.009945935 0.249695405 0.556819558
1403636669.113555 1.636999488 7.585460663 7.768618584 -0.791728854 0.015413237 0.251115203 0.556659460
1403636669.163556 1.644904852 7.609947205 7.793990612 -0.791490972 0.018267509 0.252352864 0.556351602
1403636669.213556 1.659355164 7.635365009 7.817069530 -0.791796148 0.020711670 0.252375275 0.555821061
1403636669.263556 1.665897131 7.658521175 7.844469547 -0.792075396 0.021638324 0.252078116 0.555522680
1403636669.313555 1.671318054 7.681116581 7.872925282 -0.792480171 0.021015955 0.251697391 0.555141747
1403636669.363556 1.675918341 7.703875065 7.901827335 -0.792139292 0.021163385 0.253138393 0.554967523
1403636669.413555 1.683510065 7.726809978 7.930577755 -0.792438567 0.022200875 0.252335161 0.554865479
1403636669.463556 1.686690211 7.748288155 7.961589336 -0.792936087 0.024634242 0.250636756 0.554821789
1403636669.513556 1.689205408 7.769223213 7.993422508 -0.793451130 0.026229955 0.248131528 0.555138230
1403636669.563555 1.691287279 7.789381981 8.025994301 -0.794306338 0.028260270 0.244943708 0.555231392
1403636669.613555 1.699451208 7.807151794 8.060911179 -0.795704961 0.030866157 0.240240872 0.555144846
1403636669.663556 1.703446984 7.825165749 8.094771385 -0.796601474 0.033980843 0.235979035 0.555505276
1403636669.713556 1.709300876 7.842403412 8.128756523 -0.797624886 0.037031114 0.231592730 0.555687726
1403636669.763556 1.717525721 7.858930111 8.162114143 -0.797607183 0.039629422 0.230296031 0.556072414
1403636669.813555 1.725607395 7.866873741 8.199877739 -0.795077085 0.048011001 0.235091984 0.557027996
1403636669.863556 1.736835361 7.879261494 8.234727859 -0.790968359 0.059828136 0.243547991 0.558099329
1403636669.913555 1.749880791 7.888659954 8.269157410 -0.785713077 0.069195755 0.255580336 0.559058607
1403636669.963556 1.764545918 7.895895481 8.301805496 -0.781610787 0.075208940 0.265000820 0.559645951
1403636670.013556 1.779703021 7.900798798 8.332147598 -0.778665006 0.077331588 0.272265941 0.559975743
1403636670.063555 1.796388149 7.892188549 8.366285324 -0.776389480 0.079203829 0.277931958 0.560089886
1403636670.113555 1.812885404 7.892530918 8.392043114 -0.773606420 0.080982693 0.282341659 0.561479211
1403636670.163556 1.830025554 7.890666008 8.415296555 -0.771500349 0.085699260 0.283121079 0.563281417
1403636670.213556 1.846758842 7.886961937 8.436110497 -0.768486917 0.094992265 0.283687532 0.565620482
1403636670.263556 1.862415552 7.879130363 8.454226494 -0.765708029 0.103893340 0.283155173 0.568085611
1403636670.313555 1.874892950 7.870394707 8.470559120 -0.762770057 0.111041978 0.283627391 0.570445180
1403636670.363556 1.884307504 7.859058857 8.484704018 -0.759117782 0.115180500 0.285475194 0.573566258
1403636670.413555 1.885299206 7.830896854 8.504732132 -0.755044580 0.117475525 0.287161559 0.577621460
1403636670.463556 1.890406370 7.813601971 8.513530731 -0.749575615 0.119558558 0.290131390 0.582809448
1403636670.513556 1.895470619 7.793017387 8.518035889 -0.743979633 0.120859936 0.291620106 0.588936269
1403636670.563555 1.899774313 7.767900944 8.518117905 -0.737684608 0.121323891 0.291884005 0.596579075
1403636670.613555 1.904751182 7.741240978 8.513275146 -0.731281817 0.120968767 0.291535527 0.604649901
1403636670.663556 1.910217524 7.712139130 8.503225327 -0.724901199 0.119764395 0.289882630 0.613305628
1403636670.713556 1.915297866 7.680017471 8.488495827 -0.718274593 0.118717186 0.287426353 0.622394502
1403636670.763556 1.919707417 7.645931721 8.469232559 -0.711071789 0.118415929 0.285053760 0.631743491
1403636670.813555 1.922179103 7.609638214 8.446524620 -0.702644408 0.119983666 0.283704519 0.641410410
1403636670.863556 1.922230482 7.570991993 8.420580864 -0.692953408 0.123248823 0.283104658 0.651519656
1403636670.913555 1.919071794 7.519899845 8.395327568 -0.682662547 0.127412125 0.282122225 0.661926627
1403636670.963556 1.916069150 7.476675987 8.361280441 -0.671164632 0.133725718 0.280684918 0.672958553
1403636671.013556 1.912667990 7.430193424 8.321634293 -0.659803689 0.137218088 0.276844233 0.684973836
1403636671.063555 1.909899831 7.382137775 8.273558617 -0.649357557 0.137171939 0.270818621 0.697264194
1403636671.113555 1.907292724 7.330862522 8.219922066 -0.639782488 0.132913515 0.263330430 0.709697664
1403636671.163556 1.902554393 7.273194790 8.165860176 -0.630198419 0.126561284 0.256874084 0.721699297
1403636671.213556 1.899097085 7.218059063 8.100731850 -0.621293247 0.119098999 0.251565456 0.732479990
1403636671.263556 1.894660473 7.160179138 8.030448914 -0.613942564 0.108851291 0.246232882 0.742022336
1403636671.313555 1.888285041 7.099476814 7.956134796 -0.609275460 0.093161181 0.239603132 0.750130951
1403636671.363556 1.880932450 7.038969517 7.878216267 -0.606090367 0.073412858 0.230783522 0.757631660
1403636671.413555 1.872386098 6.978064537 7.798613548 -0.602760017 0.053092662 0.220951617 0.764881432
1403636671.463556 1.861945748 6.917440891 7.719108582 -0.597277164 0.035229087 0.214235172 0.772090554
1403636671.513556 1.850111246 6.857196331 7.640041351 -0.590726793 0.020622920 0.210790589 0.778579116
1403636671.563555 1.836880922 6.797762394 7.561942577 -0.583742678 0.009421700 0.210353836 0.784161091
1403636671.613555 1.823000908 6.743215561 7.486502647 -0.577620208 -0.000986524 0.210989475 0.788567901
1403636671.663556 1.807341218 6.686740398 7.410651684 -0.572161973 -0.009268679 0.213129297 0.791910708
1403636671.713556 1.791062713 6.632704735 7.336105824 -0.567588806 -0.015694024 0.215167910 0.794544697
1403636671.763556 1.772517681 6.579610348 7.263887882 -0.564396501 -0.020855606 0.216626421 0.796301723
1403636671.813555 1.754524589 6.529873371 7.192534924 -0.562299132 -0.027200891 0.217118233 0.797459364
1403636671.863556 1.737122178 6.482925415 7.122702122 -0.560368180 -0.032172199 0.219439909 0.797997773
1403636671.913555 1.720847726 6.439321995 7.054125309 -0.559030235 -0.038671885 0.222687438 0.797748029
1403636671.963556 1.707438469 6.399238586 6.986320972 -0.558647513 -0.046126522 0.224551201 0.797097206
1403636672.013556 1.708240271 6.370871544 6.909074783 -0.558398604 -0.054690447 0.225992039 0.796322644
1403636672.063555 1.701370358 6.339178562 6.843948841 -0.560433269 -0.061008882 0.222697675 0.795361817
1403636672.113555 1.697591066 6.311429977 6.780447960 -0.563606501 -0.066056952 0.215794668 0.794618726
1403636672.163556 1.697188258 6.287040710 6.719238758 -0.566719890 -0.068792790 0.210026085 0.793717444
1403636672.213556 1.698939323 6.266020775 6.661227703 -0.569272220 -0.071096137 0.205711782 0.792817354
1403636672.263556 1.701702952 6.248525143 6.606687546 -0.571624398 -0.071609199 0.203079075 0.791756809
1403636672.313555 1.704839945 6.234477043 6.555775166 -0.574209034 -0.072136216 0.198394760 0.791025996
1403636672.363556 1.708211064 6.223720551 6.508587360 -0.577722132 -0.071816795 0.190299749 0.790485740
1403636672.413555 1.720052838 6.227740288 6.454828739 -0.580628335 -0.070989184 0.180987388 0.790617287
1403636672.463556 1.721037626 6.221464634 6.416574955 -0.584288657 -0.064721212 0.170984879 0.790685117
1403636672.513556 1.719916463 6.216462612 6.383272648 -0.586469650 -0.050108418 0.166305989 0.791129351
1403636672.563555 1.716709018 6.214209080 6.353487968 -0.587590992 -0.033872716 0.162920743 0.791863024
1403636672.613555 1.708888650 6.211522102 6.328917980 -0.587427795 -0.018249886 0.163211226 0.792438269
1403636672.663556 1.697781920 6.209062099 6.307756901 -0.587180197 -0.005573526 0.164194584 0.792609155
1403636672.713556 1.681984901 6.206579685 6.289927006 -0.585710406 0.000972584 0.168936148 0.792719185
1403636672.763556 1.661901355 6.203618526 6.274806499 -0.583257020 0.001490342 0.176047295 0.792979956
1403636672.813555 1.640704632 6.200439453 6.261734962 -0.579578698 -0.000282546 0.182493255 0.794219971
1403636672.863556 1.621400595 6.197572708 6.249568462 -0.576086760 -0.002365840 0.183754399 0.796463132
1403636672.913555 1.608018160 6.208855152 6.229254246 -0.570653260 -0.003680236 0.183477238 0.800423384
1403636672.963556 1.593501329 6.206241131 6.218400478 -0.565379143 -0.005335695 0.181061879 0.804695427
1403636673.013556 1.581155896 6.204061985 6.208518028 -0.559219420 -0.006903594 0.177982703 0.809659362
1403636673.063555 1.571540475 6.202552319 6.199429512 -0.553266764 -0.009709695 0.174230203 0.814521730
1403636673.113555 1.563501120 6.203237057 6.189000607 -0.546504438 -0.012572699 0.172240615 0.819456100
1403636673.163556 1.558783889 6.203596592 6.180815697 -0.539885402 -0.018102011 0.173269317 0.823513210
1403636673.213556 1.556244016 6.204102516 6.173163414 -0.533546686 -0.025521295 0.175644100 0.826937735
1403636673.263556 1.555656075 6.205581665 6.166774273 -0.527931809 -0.033518169 0.177205652 0.829917431
1403636673.313555 1.557606697 6.208000183 6.161389351 -0.523162127 -0.039323162 0.179854810 0.832110226
1403636673.363556 1.561861396 6.212188721 6.157768726 -0.519493639 -0.043591920 0.180916548 0.833963692
1403636673.413555 1.556742907 6.223904133 6.161911488 -0.517007649 -0.044373140 0.180240005 0.835612476
1403636673.463556 1.561363578 6.232433319 6.162930965 -0.515023649 -0.043588344 0.179459974 0.837045610
1403636673.513556 1.565163612 6.242846012 6.166017056 -0.513869286 -0.042684406 0.177870169 0.838140249
1403636673.563555 1.569937468 6.254475594 6.170343876 -0.513051689 -0.039676689 0.175387576 0.839311242
1403636673.613555 1.574301004 6.268021107 6.177342415 -0.513532579 -0.034205247 0.170603335 0.840243638
1403636673.663556 1.578352690 6.282798767 6.186555386 -0.514012456 -0.028003765 0.166100726 0.841081440
1403636673.713556 1.582356930 6.298536777 6.197769642 -0.514430523 -0.021454209 0.161918625 0.841833591
1403636673.763556 1.586963892 6.314188004 6.210279942 -0.515599430 -0.014725446 0.156067267 0.842368007
1403636673.813555 1.591843128 6.328843117 6.223772526 -0.515573621 -0.008659830 0.153265879 0.842982173
1403636673.863556 1.597539067 6.343166351 6.238063812 -0.515978158 -0.006088892 0.150505111 0.843254447
1403636673.913555 1.595849633 6.366651535 6.259448051 -0.516167104 -0.007360227 0.148668662 0.843454599
1403636673.963556 1.604252219 6.381113052 6.276131630 -0.516069591 -0.007582747 0.148475692 0.843546271
1403636674.013556 1.612378478 6.395631313 6.294907093 -0.515486538 -0.007975594 0.150114298 0.843609154
1403636674.063555 1.619971514 6.409086704 6.313480377 -0.515390754 -0.007932287 0.150663659 0.843570173
1403636674.113555 1.626702189 6.422918320 6.335053921 -0.514774024 -0.007186369 0.152232617 0.843671679
1403636674.163556 1.632476568 6.436377048 6.358218670 -0.514660895 -0.005699229 0.152523756 0.843699515
1403636674.213556 1.636901140 6.449562073 6.382944107 -0.514579356 -0.002872142 0.153145596 0.843650937
1403636674.263556 1.639691591 6.462365627 6.409149647 -0.513910234 0.001577802 0.155373201 0.843654931
1403636674.313555 1.640770316 6.474650383 6.436799526 -0.512220144 0.006799398 0.160328403 0.843729615
1403636674.363556 1.640314341 6.486408710 6.465630054 -0.509344876 0.010830561 0.165932640 0.844344378
1403636674.413555 1.640951872 6.507593155 6.501786709 -0.504847527 0.015576475 0.171089575 0.845940113
1403636674.463556 1.638179660 6.519826412 6.532119274 -0.499609202 0.019785652 0.173881143 0.848389447
1403636674.513556 1.634021878 6.532382011 6.562827110 -0.493754625 0.023387123 0.174881741 0.851513863
1403636674.563555 1.628431201 6.545242310 6.593337059 -0.488424003 0.024738522 0.174205869 0.854682624
1403636674.613555 1.619867563 6.555383682 6.621921062 -0.484171540 0.025521893 0.172189623 0.857483149
1403636674.663556 1.611507297 6.567842960 6.650897026 -0.480584830 0.025870616 0.168865800 0.860147297
1403636674.713556 1.601287603 6.580296516 6.679551125 -0.476592839 0.025212904 0.168789387 0.862399995
1403636674.763556 1.589402914 6.593001842 6.707788944 -0.472371817 0.021063441 0.170460120 0.864502549
1403636674.813555 1.577213407 6.605985165 6.735099316 -0.468014359 0.014505397 0.174094409 0.866281331
1403636674.863556 1.566551328 6.619754314 6.761008263 -0.464339972 0.007532582 0.177758977 0.867602110
1403636674.913555 1.557478905 6.640254498 6.795526028 -0.461292952 0.001242954 0.181103721 0.868567169
1403636674.963556 1.550025463 6.657098293 6.819705486 -0.458950281 -0.004999704 0.183535635 0.869283855
1403636675.013556 1.545589089 6.675784588 6.842758179 -0.456970274 -0.009499857 0.186252698 0.869711459
1403636675.063555 1.543566823 6.696343899 6.865232944 -0.455928534 -0.014895041 0.186873287 0.870049357
1403636675.113555 1.544545531 6.716722488 6.884534836 -0.456802696 -0.019219765 0.184216857 0.870072544
1403636675.163556 1.547751307 6.741055489 6.904819965 -0.458417207 -0.025556752 0.179109320 0.870126784
1403636675.213556 1.554139256 6.768212795 6.925529957 -0.461068541 -0.029667553 0.170979679 0.870230913
1403636675.263556 1.562272072 6.798227310 6.947783470 -0.463549048 -0.032837931 0.164627969 0.870024025
1403636675.313555 1.572665215 6.829875946 6.971436024 -0.465675682 -0.034715194 0.159270570 0.869812667
1403636675.363556 1.585803628 6.862465382 6.996268749 -0.467547417 -0.031819995 0.152651742 0.870106041
1403636675.413555 1.599335432 6.893329620 7.027035713 -0.468276650 -0.025494657 0.145283550 0.871183157
1403636675.463556 1.613965511 6.927178860 7.056109905 -0.466554195 -0.019350698 0.139845639 0.873153150
1403636675.513556 1.627624035 6.960884094 7.087533474 -0.464249790 -0.014912195 0.132633120 0.875590444
1403636675.563555 1.640015960 6.994341373 7.121061325 -0.461862653 -0.010774460 0.125291571 0.877991557
1403636675.613555 1.651512504 7.026386261 7.155980110 -0.459258646 -0.007426646 0.118689984 0.880306482
1403636675.663556 1.666099906 7.054060936 7.188665390 -0.455467016 -0.004788388 0.114167906 0.882889152
1403636675.713556 1.675387383 7.084413052 7.227327824 -0.450178564 -0.000832018 0.110706799 0.886049211
1403636675.763556 1.683771610 7.113346577 7.267542839 -0.443413258 0.005099129 0.108562663 0.889704108
1403636675.813555 1.690686345 7.140725136 7.309405804 -0.433683038 0.012840064 0.112425372 0.893932462
1403636675.863556 1.695554733 7.167048454 7.352359772 -0.422474802 0.020931609 0.118360139 0.898369789
1403636675.913555 1.705749989 7.187081814 7.391184330 -0.409975976 0.025599575 0.126519844 0.902916193
1403636675.963556 1.707379818 7.211265564 7.434292316 -0.397251904 0.027811278 0.133205399 0.907565057
1403636676.013556 1.707776070 7.235068798 7.476734638 -0.385500878 0.026906811 0.136293933 0.912189364
1403636676.063555 1.707982302 7.259339809 7.517642021 -0.375063598 0.024337610 0.135384560 0.916736841
1403636676.113555 1.706299901 7.283654213 7.557980061 -0.366402119 0.019383822 0.130332842 0.921079576
1403636676.163556 1.704245090 7.308399200 7.597767353 -0.359063745 0.013586762 0.119665571 0.925510287
1403636676.213556 1.701498032 7.333187103 7.637435436 -0.351567954 0.008146804 0.108706079 0.929794073
1403636676.263556 1.706964374 7.349095821 7.673991203 -0.344628066 0.000543931 0.095109604 0.933908880
1403636676.313555 1.703091145 7.372886658 7.714301109 -0.335425198 -0.005869376 0.085107125 0.938196540
1403636676.363556 1.701012492 7.395807266 7.754806519 -0.326815933 -0.009152113 0.072436705 0.942263782
1403636676.413555 1.700626373 7.417285919 7.795816422 -0.317623198 -0.012893881 0.062058333 0.946096420
1403636676.463556 1.703545570 7.437648773 7.837017536 -0.306736857 -0.014866954 0.056495570 0.950000048
1403636676.513556 1.706886768 7.455190182 7.878547668 -0.294797629 -0.015888678 0.054527201 0.953870535
1403636676.563555 1.712768674 7.471670151 7.921275139 -0.282262862 -0.013346666 0.056079455 0.957603753
1403636676.613555 1.730374455 7.479599953 7.962359905 -0.271483213 -0.011718055 0.057765126 0.960636735
1403636676.663556 1.741618276 7.494708538 8.005980492 -0.262070924 -0.008695149 0.059645720 0.963164508
1403636676.713556 1.754623413 7.508854866 8.049133301 -0.254106581 -0.005765822 0.062280480 0.965151787
1403636676.763556 1.769228220 7.523267269 8.092640877 -0.247671947 -0.002639084 0.064968795 0.966659606
1403636676.813555 1.785389304 7.536916733 8.135402679 -0.241368398 -0.000822403 0.067976378 0.968049526
1403636676.863556 1.803001761 7.550151825 8.177397728 -0.234908924 0.000025598 0.071716264 0.969368219
1403636676.913555 1.820825577 7.563343525 8.218077660 -0.230643779 0.001829547 0.072820716 0.970307887
1403636676.963556 1.836646199 7.576662540 8.258694649 -0.227390289 0.002979683 0.073940352 0.970987976
1403636677.013556 1.849183440 7.590422630 8.299915314 -0.226295888 0.003364237 0.071956500 0.971391380
1403636677.063555 1.858173609 7.604386806 8.341640472 -0.227215752 0.002806027 0.066681638 0.971554816
1403636677.113555 1.875627041 7.612817287 8.382895470 -0.229126200 0.001352915 0.061358120 0.971459985
1403636677.163556 1.877818465 7.626839638 8.426492691 -0.230843291 0.000278838 0.056690972 0.971337914
1403636677.213556 1.877926111 7.640519142 8.470698357 -0.232251212 0.001378475 0.052845694 0.971218169
1403636677.263556 1.878289700 7.653242588 8.515049934 -0.232701749 0.004017523 0.049110238 0.971299052
1403636677.313555 1.878192902 7.665321827 8.558354378 -0.231173337 0.007584403 0.046329595 0.971779227
1403636677.363556 1.880127311 7.675616741 8.601490974 -0.228094265 0.013100546 0.042165942 0.972637355
1403636677.413555 1.884499073 7.684657574 8.643819809 -0.223948941 0.019229526 0.038338147 0.973656654
1403636677.463556 1.902266145 7.693725109 8.686593056 -0.218462810 0.025486846 0.035425965 0.974868834
1403636677.513556 1.909607291 7.699248791 8.725616455 -0.211238548 0.030829648 0.034166720 0.976350546
1403636677.563555 1.918128252 7.703168392 8.762714386 -0.203072906 0.034508903 0.032914806 0.978001535
1403636677.613555 1.927853227 7.705729008 8.798149109 -0.193523541 0.036388449 0.033343133 0.979853332
1403636677.663556 1.938282967 7.706502438 8.831034660 -0.183435231 0.035706144 0.034115713 0.981790483
1403636677.713556 1.949739456 7.706300735 8.862168312 -0.171928793 0.035239045 0.035569850 0.983835995
1403636677.763556 1.961739302 7.705277443 8.891056061 -0.160387844 0.032180268 0.036158431 0.985866368
1403636677.813555 1.980297446 7.703190804 8.921458244 -0.147138119 0.026661349 0.039437432 0.987969816
1403636677.863556 1.992240071 7.701243401 8.946504593 -0.132425696 0.021280721 0.043517549 0.990008533
1403636677.913555 2.004992723 7.700025082 8.970103264 -0.117972814 0.015371089 0.045481469 0.991855681
1403636677.963556 2.019276142 7.699721336 8.992019653 -0.103944555 0.010855528 0.045366988 0.993488610
1403636678.013556 2.032756090 7.700588703 9.013507843 -0.091314845 0.006401861 0.041979730 0.994916260
1403636678.063555 2.045640469 7.703012943 9.034584999 -0.080075331 0.004859848 0.037136368 0.996084988
1403636678.113555 2.056574106 7.705666065 9.060195923 -0.072013050 0.004308099 0.028785020 0.996978879
1403636678.163556 2.066923380 7.711152554 9.081315041 -0.065218188 0.004398955 0.020521559 0.997650206
1403636678.213556 2.075525284 7.717460155 9.102562904 -0.059947297 0.003313489 0.011604285 0.998128533
1403636678.263556 2.083334208 7.724316120 9.123476982 -0.054256923 0.003011783 0.004143371 0.998513758
1403636678.313555 2.093669176 7.731311321 9.145408630 -0.047373552 0.002959561 -0.001378762 0.998871803
1403636678.363556 2.103626251 7.737676620 9.165366173 -0.038670477 0.003302358 -0.003267511 0.999241114
1403636678.413555 2.114584446 7.743916512 9.184688568 -0.030062130 0.001750975 -0.005808949 0.999529481
1403636678.463556 2.127014875 7.750024319 9.203189850 -0.021483034 0.000764359 -0.009017887 0.999728143
1403636678.513556 2.140670300 7.755867481 9.220937729 -0.012709322 -0.000869199 -0.012642491 0.999838829
1403636678.563555 2.151169538 7.759977341 9.241617203 -0.003696466 -0.000582448 -0.015793556 0.999868095
1403636678.613555 2.167278767 7.765073299 9.257662773 0.007166997 -0.000530776 -0.019859741 0.999776840
1403636678.663556 2.182871580 7.770436287 9.273708344 0.017357567 -0.000251434 -0.027407553 0.999473512
1403636678.713556 2.197235584 7.775415421 9.289534569 0.027083926 -0.000019397 -0.037906826 0.998914063
1403636678.763556 2.212140322 7.779090881 9.305083275 0.037197836 0.000061133 -0.050018512 0.998055279
1403636678.813555 2.222604513 7.783896446 9.324913979 0.046721891 -0.000175111 -0.063022397 0.996917784
1403636678.863556 2.231844902 7.786602020 9.341720581 0.055438410 -0.000957249 -0.074743308 0.995660067
1403636678.913555 2.239395380 7.788022041 9.358973503 0.063268140 -0.000789226 -0.086102426 0.994275033
1403636678.963556 2.244313478 7.786924362 9.375837326 0.072298214 -0.001447735 -0.093539685 0.992986023
1403636679.013556 2.248442888 7.784136295 9.392677307 0.082283013 -0.000641160 -0.097635135 0.991814733
1403636679.063555 2.251044989 7.779357910 9.409428596 0.093401641 0.000322752 -0.099073790 0.990686774
1403636679.113555 2.252055645 7.772830486 9.425921440 0.105183415 0.002190281 -0.099547148 0.989455342
1403636679.163556 2.251441479 7.764682293 9.442179680 0.118504293 0.003839067 -0.096289866 0.988266289
1403636679.213556 2.251626730 7.756770134 9.462207794 0.133695751 0.006760575 -0.091358334 0.986779332
1403636679.263556 2.250594378 7.746017456 9.476757050 0.148689419 0.009008409 -0.087151788 0.984994888
1403636679.313555 2.250404835 7.734794140 9.490062714 0.163267121 0.009825404 -0.084031388 0.982947648
1403636679.363556 2.251764536 7.723280430 9.502119064 0.177439570 0.010859443 -0.084229596 0.980460465
1403636679.413555 2.254533052 7.712000370 9.512718201 0.190635383 0.010225582 -0.085790567 0.977851570
1403636679.463556 2.258993387 7.701072693 9.521442413 0.203458264 0.009737647 -0.088088691 0.975064278
1403636679.513556 2.264848709 7.690607071 9.528827667 0.215042651 0.008460782 -0.091548331 0.972267449
1403636679.563555 2.271834135 7.680837631 9.535070419 0.224765882 0.006886631 -0.094918147 0.969754338
1403636679.613555 2.276658058 7.672052383 9.542936325 0.233470067 0.005347939 -0.097198196 0.967479110
1403636679.663556 2.285961866 7.664054394 9.546609879 0.240236625 0.002379820 -0.099613272 0.965586901
1403636679.713556 2.296678782 7.656896114 9.549015999 0.245695218 0.000597821 -0.102381408 0.963925183
1403636679.763556 2.308742285 7.650559902 9.549836159 0.249356434 0.000654010 -0.106189795 0.962572038
1403636679.813555 2.323677778 7.644721508 9.550011635 0.252735943 0.004180036 -0.108117990 0.961466491
1403636679.863556 2.340618849 7.638750076 9.549318314 0.254618227 0.008324109 -0.109984666 0.960730910
1403636679.913555 2.359033823 7.632849693 9.547716141 0.255266070 0.014342039 -0.114259288 0.959988892
1403636679.963556 2.378147364 7.626849651 9.545144081 0.254955083 0.016240399 -0.117971860 0.959592164
1403636680.013556 2.391027689 7.621850967 9.542494774 0.252497733 0.019378824 -0.124995783 0.959294319
1403636680.063555 2.411151886 7.616403580 9.535510063 0.249586463 0.021783555 -0.132279038 0.959027946
1403636680.113555 2.430712461 7.610472202 9.526698112 0.246149570 0.025157230 -0.140423983 0.958675563
1403636680.163556 2.448137045 7.603884220 9.516496658 0.243860722 0.026353225 -0.144356951 0.958644211
1403636680.213556 2.465162992 7.595844269 9.505722046 0.243595898 0.026494628 -0.143230006 0.958876669
1403636680.263556 2.478926182 7.586977959 9.492671967 0.243310392 0.029104531 -0.142136484 0.959036231
1403636680.313555 2.489981890 7.577582836 9.478402138 0.241020665 0.030623617 -0.144954219 0.959145367
1403636680.363556 2.498185158 7.567397118 9.462889671 0.237355247 0.029586056 -0.150913283 0.959172845
1403636680.413555 2.503942728 7.556055069 9.445740700 0.233837485 0.027221180 -0.155683801 0.959344506
1403636680.463556 2.507578611 7.543134212 9.426972389 0.231127918 0.024875168 -0.158756301 0.959561288
1403636680.513556 2.495980978 7.523584366 9.409811020 0.227505073 0.023590855 -0.160858810 0.960109055
1403636680.563555 2.495185375 7.506734371 9.388552666 0.226610199 0.021127084 -0.159193292 0.960655510
1403636680.613555 2.492743015 7.487854958 9.366057396 0.226791248 0.019951636 -0.155183867 0.961293757
1403636680.663556 2.488277912 7.466913223 9.342240334 0.226151362 0.019041087 -0.153020486 0.961809635
1403636680.713556 2.480984449 7.444375515 9.316288948 0.226488918 0.016456278 -0.148903251 0.962423921
1403636680.763556 2.472850323 7.420098782 9.290083885 0.228510946 0.012107491 -0.140133530 0.963326931
1403636680.813555 2.463794231 7.394438267 9.263206482 0.231008574 0.008249129 -0.130836755 0.964079261
1403636680.863556 2.453673601 7.368211746 9.235955238 0.234095141 0.003380733 -0.119772166 0.964801908
1403636680.913555 2.442098379 7.341839314 9.208902359 0.237008840 -0.003612600 -0.109235607 0.965340018
1403636680.963556 2.433421850 7.319586277 9.189881325 0.238681123 -0.013042578 -0.103507057 0.965477943
1403636681.013556 2.419103146 7.293387413 9.164730072 0.238108873 -0.021269348 -0.102792747 0.965549409
1403636681.063555 2.403530836 7.267645836 9.140833855 0.237276003 -0.029282073 -0.103705734 0.965447009
1403636681.113555 2.388251781 7.242125511 9.118449211 0.235914260 -0.034810476 -0.106536664 0.965288937
1403636681.163556 2.373710871 7.217806816 9.097082138 0.235187367 -0.034642052 -0.108789727 0.965221167
1403636681.213556 2.361406326 7.191064835 9.081521988 0.234108984 -0.028168377 -0.112920873 0.965219438
1403636681.263556 2.349069834 7.164542198 9.062782288 0.233750284 -0.018797463 -0.116036020 0.965164840
1403636681.313555 2.337644100 7.137555122 9.044075966 0.234188914 -0.011564394 -0.116695665 0.965092778
1403636681.363556 2.327986240 7.109876633 9.025484085 0.234661266 -0.004797873 -0.116241924 0.965090156
1403636681.413555 2.317861795 7.083950520 9.004580498 0.236121133 0.000009882 -0.114338085 0.964973450
1403636681.463556 2.314734936 7.051846981 8.989168167 0.237604901 0.002655973 -0.111775212 0.964905739
1403636681.513556 2.308562040 7.024127960 8.968110085 0.238790765 0.004267024 -0.110406928 0.964764774
1403636681.563555 2.302728653 6.996350765 8.946785927 0.239842504 0.004622954 -0.110587887 0.964481473
1403636681.613555 2.296223879 6.968970299 8.925440788 0.239547729 0.005026660 -0.113445871 0.964220762
1403636681.663556 2.287262678 6.942125320 8.902569771 0.239896357 0.005550695 -0.114683591 0.963984728
1403636681.713556 2.282184124 6.911317348 8.884461403 0.240168974 0.006072451 -0.116387889 0.963709474
1403636681.763556 2.271997213 6.883852482 8.862712860 0.240644887 0.006878464 -0.117208540 0.963485897
1403636681.813555 2.261080265 6.856207371 8.840669632 0.241309255 0.007452517 -0.117833935 0.963239133
1403636681.863556 2.250581980 6.828223705 8.817895889 0.242317528 0.008056044 -0.117517009 0.963019848
1403636681.913555 2.241434574 6.799902916 8.796038628 0.243311718 0.008761210 -0.117145091 0.962808311
1403636681.963556 2.233467579 6.771481991 8.771491051 0.244662941 0.008561089 -0.116116770 0.962592244
1403636682.013556 2.227411985 6.742424965 8.746283531 0.245873943 0.008203411 -0.114963695 0.962425172
1403636682.063555 2.223144293 6.713498116 8.719642639 0.247131228 0.007428099 -0.113452569 0.962288737
1403636682.113555 2.221965075 6.679372787 8.692207336 0.247948378 0.007322141 -0.112657920 0.962172687
1403636682.163556 2.219743252 6.651194096 8.662941933 0.248797923 0.006542190 -0.111580767 0.962084532
1403636682.213556 2.216951370 6.623239517 8.633770943 0.249211580 0.003508679 -0.111279197 0.962028265
1403636682.263556 2.212618351 6.595650196 8.604698181 0.249578357 -0.000779701 -0.110207506 0.962062597
1403636682.313555 2.205442190 6.567980289 8.577081680 0.249072552 -0.006759324 -0.111133374 0.962063789
1403636682.363556 2.199216843 6.538011074 8.547764778 0.248552114 -0.012869805 -0.111222930 0.962125659
1403636682.413555 2.191049576 6.510661602 8.521557808 0.248038322 -0.016150473 -0.111216620 0.962209463
1403636682.463556 2.183114767 6.483257294 8.496274948 0.247777909 -0.014316584 -0.110620767 0.962374270
1403636682.513556 2.174645901 6.456089973 8.471801758 0.246676683 -0.009772836 -0.111351378 0.962629795
1403636682.563555 2.165019989 6.429133415 8.447867393 0.245542586 -0.005136931 -0.112173967 0.962860048
1403636682.613555 2.154568672 6.402004719 8.424538612 0.244745255 -0.000866491 -0.112932384 0.962987721
1403636682.663556 2.143274546 6.374843597 8.401402473 0.243700236 0.002945670 -0.113029726 0.963237166
1403636682.713556 2.131987572 6.347515106 8.377918243 0.243722215 0.004958179 -0.111098647 0.963447988
1403636682.763556 2.121948719 6.320208549 8.353960991 0.243561149 0.007106902 -0.109062091 0.963707924
1403636682.813555 2.113292933 6.293247223 8.329056740 0.242913827 0.009454761 -0.107708253 0.964003325
1403636682.863556 2.104659319 6.260296345 8.297050476 0.241072387 0.011353566 -0.109198041 0.964277446
1403636682.913555 2.098195076 6.233525753 8.270411491 0.238944978 0.012186336 -0.111474730 0.964536250
1403636682.963556 2.092871428 6.206432343 8.242049217 0.237477005 0.012804085 -0.113825075 0.964616299
1403636683.013556 2.088163376 6.179553986 8.212726593 0.236124739 0.013112172 -0.116980106 0.964566588
1403636683.063555 2.083883047 6.152955055 8.185385704 0.236019552 0.014228296 -0.116803750 0.964597940
1403636683.113555 2.076853991 6.125517368 8.156301498 0.236389756 0.013021871 -0.116650216 0.964542866
1403636683.163556 2.067916632 6.097964287 8.127173424 0.237373844 0.011988208 -0.114955969 0.964518011
1403636683.213556 2.057077408 6.070226669 8.097932816 0.238538802 0.009817629 -0.113340877 0.964446306
1403636683.263556 2.045059919 6.042525768 8.068574905 0.239442766 0.008768106 -0.112271875 0.964357436
1403636683.313555 2.031660080 6.014927864 8.039023399 0.240846649 0.007799895 -0.110961631 0.964167833
1403636683.363556 2.011446953 5.990915298 7.994197369 0.241737187 0.007000094 -0.109916702 0.964070797
1403636683.413555 1.995697021 5.963665962 7.964622021 0.242791921 0.006447196 -0.109476261 0.963859677
1403636683.463556 1.978755951 5.936750889 7.935426235 0.244219437 0.005480201 -0.108573943 0.963607073
1403636683.513556 1.961506128 5.909982681 7.906654358 0.244731590 0.005473868 -0.109043732 0.963424087
1403636683.563555 1.944588900 5.881758213 7.878557682 0.245478690 0.005287338 -0.108674288 0.963276803
1403636683.613555 1.925686121 5.855254173 7.850145817 0.245836720 0.003641675 -0.109116100 0.963143170
1403636683.663556 1.905978441 5.829004288 7.821954250 0.246522829 0.001188645 -0.109016709 0.962985158
1403636683.713556 1.876925826 5.808256626 7.781158924 0.246986553 -0.001235040 -0.109354071 0.962828100
1403636683.763556 1.858276010 5.782146931 7.752495766 0.247756004 -0.004281999 -0.108428068 0.962726414
1403636683.813555 1.841239810 5.756192684 7.723274231 0.247963667 -0.007454514 -0.109673753 0.962512493
1403636683.863556 1.825901747 5.730639935 7.693527222 0.249503881 -0.010285192 -0.107893176 0.962289572
1403636683.913555 1.812379479 5.704913139 7.664524078 0.249423936 -0.010413008 -0.110316299 0.962034166
1403636683.963556 1.801294327 5.678837299 7.635730743 0.250370562 -0.010486165 -0.109537311 0.961876452
1403636684.013556 1.793001294 5.652629375 7.606881142 0.251443416 -0.008825157 -0.108885832 0.961687267
1403636684.063555 1.787289858 5.626091003 7.578281879 0.252421528 -0.006822139 -0.108848758 0.961451471
1403636684.113555 1.783237934 5.600216866 7.548504829 0.253369123 -0.005231538 -0.109199740 0.961172342
1403636684.163556 1.780021310 5.574752808 7.518510342 0.254455924 -0.004417789 -0.109392107 0.960867405
1403636684.213556 1.776556611 5.557981491 7.471392632 0.255967230 -0.003026675 -0.109234974 0.960489273
1403636684.263556 1.776072860 5.532866955 7.440076828 0.257389545 -0.001790213 -0.108512029 0.960194111
1403636684.313555 1.775723577 5.508105755 7.408435345 0.258147478 0.000398227 -0.108996093 0.959937394
1403636684.363556 1.773735404 5.483857632 7.377397060 0.259123892 0.002167726 -0.108765699 0.959698021
1403636684.413555 1.770316720 5.461116314 7.346281052 0.259903342 0.003436735 -0.108762652 0.959483862
1403636684.463556 1.764899611 5.438202381 7.315936089 0.260891736 0.003614692 -0.107596949 0.959346414
1403636684.513556 1.757814288 5.415841103 7.285935879 0.262658894 0.003426751 -0.104847170 0.959169388
1403636684.563555 1.749721646 5.394315243 7.256227493 0.263613790 0.004270773 -0.103112504 0.959092021
1403636684.613555 1.739894867 5.373828411 7.226834774 0.264707983 0.004290527 -0.101090714 0.959005833
1403636684.663556 1.720330358 5.354240417 7.193022728 0.265375316 0.005091688 -0.100436181 0.958886087
1403636684.713556 1.707751036 5.335954666 7.164229870 0.265831411 0.005843943 -0.099783607 0.958823562
1403636684.763556 1.693370581 5.318785191 7.135645390 0.265876353 0.006448644 -0.100184985 0.958765388
1403636684.813555 1.678261399 5.302440166 7.107047558 0.265988171 0.006795258 -0.100056253 0.958745480
1403636684.863556 1.660991669 5.287468433 7.078928471 0.265686184 0.006513186 -0.101290233 0.958701551
1403636684.913555 1.643066525 5.273654461 7.050736904 0.264489204 0.008045835 -0.104329698 0.958694935
1403636684.963556 1.625120640 5.260654926 7.022116184 0.262361616 0.008110496 -0.110120527 0.958631277
1403636685.013556 1.607764244 5.248501301 6.992721558 0.260521084 0.007951625 -0.113725320 0.958713710
1403636685.063555 1.591883898 5.236170769 6.962942123 0.259138316 0.007574548 -0.116081916 0.958809078
1403636685.113555 1.573587179 5.216721535 6.933802128 0.257972330 0.006367710 -0.117258497 0.958989143
1403636685.163556 1.560676575 5.204356670 6.901644230 0.257315964 0.003648668 -0.116546899 0.959266365
1403636685.213556 1.549051046 5.192496777 6.868389606 0.255169362 0.001882231 -0.119020514 0.959541082
1403636685.263556 1.538238525 5.180851460 6.834070683 0.252802819 0.000410496 -0.121653542 0.959839046
1403636685.313555 1.529219866 5.168433189 6.799485683 0.250716507 -0.000461683 -0.123620532 0.960134864
1403636685.363556 1.521107674 5.155472279 6.764271259 0.249204472 -0.000695005 -0.124665231 0.960393250
1403636685.413555 1.512737751 5.141895294 6.729191303 0.248236790 -0.000598403 -0.123775147 0.960758984
1403636685.463556 1.502922297 5.127824783 6.694283009 0.247982129 -0.001440874 -0.121717483 0.961086631
1403636685.513556 1.491710067 5.113252163 6.660012245 0.247866154 -0.001693575 -0.119544931 0.961388767
1403636685.563555 1.482389569 5.092337608 6.624636173 0.247144014 -0.002874513 -0.118352495 0.961719215
1403636685.613555 1.468506217 5.077126026 6.591481686 0.247393370 -0.002892788 -0.115892537 0.961954534
1403636685.663556 1.453207135 5.061856270 6.558835506 0.246569157 -0.002016583 -0.116355151 0.962112606
1403636685.713556 1.435689569 5.045415401 6.524737358 0.246030852 -0.000808592 -0.117072269 0.962165177
1403636685.763556 1.417489886 5.029347420 6.492331982 0.245670527 -0.000022485 -0.117841177 0.962163687
1403636685.813555 1.398548603 5.012954235 6.460278988 0.244755432 0.001935689 -0.119946942 0.962134778
1403636685.863556 1.378637671 4.996378422 6.428421497 0.244056582 0.003752707 -0.121651262 0.962092936
1403636685.913555 1.361022592 4.979844570 6.398159504 0.244496733 0.003005776 -0.120655619 0.962109208
1403636685.963556 1.339094162 4.962332726 6.366459370 0.245797366 0.001329069 -0.117872767 0.962126553
1403636686.013556 1.317410469 4.945004463 6.334298134 0.246727616 -0.001074658 -0.115374766 0.962191522
1403636686.063555 1.296901226 4.926500797 6.300413609 0.247939587 -0.004456173 -0.112901442 0.962163687
1403636686.113555 1.278581858 4.908404827 6.266936302 0.248629674 -0.006640090 -0.110901549 0.962205648
1403636686.163556 1.263098955 4.889986038 6.233361721 0.248684272 -0.006404840 -0.110161290 0.962278187
1403636686.213556 1.249546289 4.875520229 6.202027798 0.248920992 -0.007611473 -0.109375872 0.962297738
1403636686.263556 1.236658812 4.857488632 6.168166637 0.249082685 -0.008994014 -0.108134978 0.962384164
1403636686.313555 1.225807071 4.839546680 6.134277821 0.248948306 -0.010317704 -0.107468121 0.962480366
1403636686.363556 1.216439724 4.821589470 6.101351261 0.249287367 -0.011397379 -0.106764883 0.962458670
1403636686.413555 1.208189726 4.803867340 6.068288326 0.248757944 -0.012297379 -0.107254222 0.962530196
1403636686.463556 1.199097395 4.786353588 6.036053181 0.248752028 -0.013934993 -0.107019797 0.962535501
1403636686.513556 1.188763022 4.769153595 6.004888058 0.249026477 -0.015507143 -0.106432438 0.962505579
1403636686.563555 1.177735090 4.752079487 5.974943638 0.248731434 -0.015446456 -0.107049569 0.962514400
1403636686.613555 1.164881945 4.737805367 5.946840763 0.249052942 -0.015612862 -0.108723894 0.962241054
1403636686.663556 1.151165009 4.721111774 5.919144154 0.248911560 -0.015403014 -0.109266363 0.962219596
1403636686.713556 1.136784673 4.704207420 5.892477512 0.249188691 -0.015046175 -0.109108873 0.962171376
1403636686.763556 1.122673512 4.686928749 5.866372585 0.249883667 -0.013518009 -0.108540103 0.962078154
1403636686.813555 1.109797716 4.669740200 5.841113567 0.250097066 -0.011738853 -0.108261041 0.962077439
1403636686.863556 1.098347902 4.652642727 5.815674782 0.251024991 -0.010624218 -0.107161440 0.961971879
1403636686.913555 1.088970661 4.635723114 5.790014267 0.251756787 -0.009486578 -0.106014878 0.961919546
1403636686.963556 1.078140974 4.620867252 5.765548229 0.252453506 -0.008597806 -0.105348594 0.961818397
1403636687.013556 1.072343111 4.604308128 5.739469051 0.253178805 -0.007603903 -0.104819015 0.961694002
1403636687.063555 1.068091273 4.588151455 5.713443279 0.253486097 -0.007510091 -0.103669189 0.961738467
1403636687.113555 1.066265821 4.572215557 5.687356949 0.253832221 -0.007488970 -0.103607096 0.961654007
1403636687.163556 1.064043522 4.556648254 5.661221027 0.254188031 -0.007201193 -0.103771158 0.961544514
1403636687.213556 1.061492324 4.541404724 5.635619164 0.254193306 -0.005688122 -0.103746355 0.961555958
1403636687.263556 1.057496190 4.526681423 5.610844612 0.254379362 -0.005259227 -0.104182638 0.961461961
1403636687.313555 1.048481107 4.513104916 5.588976383 0.254768431 -0.004318449 -0.104298346 0.961351156
1403636687.363556 1.041589141 4.499402523 5.565694809 0.254658788 -0.002440957 -0.105010040 0.961309373
1403636687.413555 1.033236861 4.486082554 5.543358326 0.254849523 -0.001043313 -0.105748989 0.961180389
1403636687.463556 1.023366928 4.473028183 5.521436691 0.254998475 -0.000148121 -0.106007800 0.961112857
1403636687.513556 1.013106108 4.461095810 5.499988556 0.255179554 0.000466499 -0.105715133 0.961096942
1403636687.563555 0.999975562 4.448991776 5.479389191 0.256033301 -0.000038824 -0.104533412 0.960999250
1403636687.613555 0.984307468 4.435866356 5.459124565 0.256788969 0.001004420 -0.103474140 0.960911691
1403636687.663556 0.967820764 4.424736977 5.439575672 0.257612765 0.000852853 -0.102676913 0.960776865
1403636687.713556 0.949996412 4.414354324 5.420688152 0.258558333 0.002055530 -0.101201572 0.960677564
1403636687.763556 0.930518568 4.404359818 5.402466774 0.259099007 0.001421226 -0.100831516 0.960571945
1403636687.813555 0.908345282 4.393978596 5.384339809 0.258915871 0.001489087 -0.101682805 0.960531473
1403636687.863556 0.895332396 4.380931377 5.366811275 0.258640379 0.000392714 -0.102418751 0.960528731
1403636687.913555 0.872097254 4.372555733 5.350254059 0.258235633 0.000344594 -0.103811972 0.960488021
1403636687.963556 0.847892344 4.364521503 5.333845139 0.257488728 0.000661707 -0.106487088 0.960395515
1403636688.013556 0.823662996 4.357102394 5.317173004 0.256864429 0.001313342 -0.108267941 0.960362971
1403636688.063555 0.798308313 4.349385262 5.301493168 0.255780160 0.002022327 -0.112150937 0.960205436
1403636688.113555 0.774174035 4.342123508 5.284589291 0.254775435 0.002512792 -0.114794262 0.960159004
1403636688.163556 0.751434505 4.334624290 5.266760349 0.254559904 0.002239647 -0.115808696 0.960095048
1403636688.213556 0.729943871 4.326851845 5.248577595 0.254508764 0.002025162 -0.115770884 0.960113645
1403636688.263556 0.711783230 4.319449425 5.227884293 0.255105227 0.002393378 -0.114433013 0.960114956
1403636688.313555 0.693033755 4.310919762 5.207982063 0.256046087 0.000844764 -0.112131804 0.960138619
1403636688.363556 0.675113678 4.302338600 5.187583447 0.256925166 -0.000007382 -0.109935269 0.960158169
1403636688.413555 0.656503737 4.293951988 5.167467117 0.257130504 -0.001613064 -0.109633371 0.960136414
1403636688.463556 0.637627661 4.286203861 5.148042202 0.256279439 -0.001068609 -0.111424498 0.960158527
1403636688.513556 0.617555141 4.278213024 5.128489971 0.255422771 -0.001112565 -0.114097692 0.960072756
1403636688.563555 0.596637368 4.270199299 5.109138966 0.253641665 -0.000527019 -0.118568860 0.960003674
1403636688.613555 0.574725270 4.262454987 5.090143204 0.252191067 -0.000158501 -0.123384610 0.959779143
1403636688.663556 0.551849902 4.253653049 5.071360588 0.251539230 0.000401693 -0.126357749 0.959563255
1403636688.713556 0.527955711 4.244282722 5.052736282 0.251515716 0.000737234 -0.127939746 0.959359586
1403636688.763556 0.502427876 4.233249187 5.034856319 0.251737535 0.000336442 -0.129570186 0.959082782
1403636688.813555 0.478460640 4.222379684 5.015686512 0.253285974 -0.000390264 -0.128149435 0.958865881
1403636688.863556 0.456099123 4.210375309 4.995912552 0.255167812 -0.001676284 -0.129343018 0.958205104
1403636688.913555 0.434581459 4.196732521 4.974681854 0.258888781 -0.003536253 -0.128719941 0.957285404
1403636688.963556 0.415256321 4.182619095 4.953073502 0.262609482 -0.006009846 -0.127816811 0.956380188
1403636689.013556 0.398677200 4.166972160 4.932409763 0.266258329 -0.008188689 -0.126850486 0.955483317
1403636689.063555 0.383710116 4.151556492 4.909484863 0.270222068 -0.010240630 -0.125499412 0.954528689
1403636689.113555 0.370321393 4.135362625 4.886551857 0.274240822 -0.012532841 -0.123926304 0.953560233
1403636689.163556 0.358844519 4.118918896 4.862544060 0.277819991 -0.015168230 -0.123004988 0.952604711
1403636689.213556 0.347318619 4.104479313 4.838002682 0.280726254 -0.016899332 -0.123486102 0.951660872
1403636689.263556 0.339713752 4.088092804 4.813822269 0.283538252 -0.018297931 -0.123085119 0.950852931
1403636689.313555 0.334309101 4.071286678 4.790048122 0.285800129 -0.020041067 -0.123509042 0.950085282
1403636689.363556 0.332198769 4.054025650 4.767143250 0.287759960 -0.020009100 -0.123779714 0.949459016
1403636689.413555 0.331859559 4.036411285 4.744303226 0.289365679 -0.019914165 -0.124771357 0.948843002
1403636689.463556 0.333513379 4.018793106 4.721123219 0.290927142 -0.019762505 -0.124380291 0.948419929
1403636689.513556 0.337119401 4.001219749 4.697703838 0.291983902 -0.020701863 -0.124689564 0.948034465
1403636689.563555 0.338628650 3.978279591 4.681938648 0.293004423 -0.022477368 -0.124529712 0.947700083
1403636689.613555 0.344567060 3.961254120 4.658528328 0.293577909 -0.025223922 -0.124243915 0.947490990
1403636689.663556 0.350768000 3.943811655 4.636207104 0.294441372 -0.028923441 -0.122379906 0.947359979
1403636689.713556 0.356242597 3.927537203 4.613234520 0.295216203 -0.033588551 -0.119654760 0.947313011
1403636689.763556 0.360634297 3.910502911 4.593634129 0.295921385 -0.039412245 -0.115573630 0.947375298
1403636689.813555 0.365427017 3.888193846 4.585069180 0.296623617 -0.042861644 -0.112097777 0.947423697
1403636689.863556 0.369808346 3.870846033 4.570038795 0.297269255 -0.043338649 -0.108237483 0.947648466
1403636689.913555 0.374241322 3.853503227 4.557425976 0.299085170 -0.043338355 -0.101363234 0.947837293
1403636689.963556 0.378067285 3.836085558 4.548760414 0.299526483 -0.041982181 -0.097034380 0.948211968
1403636690.013556 0.382168710 3.819966078 4.541618824 0.299033463 -0.040412251 -0.096063286 0.948534548
1403636690.063555 0.386724949 3.803093672 4.540304184 0.297793478 -0.039395791 -0.097357005 0.948835492
1403636690.113555 0.390028059 3.788713217 4.537977219 0.295452148 -0.039553359 -0.102370448 0.949033201
1403636690.163556 0.393688202 3.774754524 4.537868500 0.292635709 -0.038560465 -0.108245715 0.949294686
1403636690.213556 0.398730218 3.761107206 4.539732933 0.290319443 -0.037940409 -0.113058433 0.949469864
1403636690.263556 0.406228811 3.746867180 4.542296410 0.289215446 -0.037023276 -0.115075886 0.949600637
1403636690.313555 0.415540516 3.732255220 4.546008587 0.288147062 -0.035704914 -0.117595837 0.949667156
1403636690.363556 0.426672578 3.717167616 4.550751686 0.287108421 -0.034683499 -0.119092025 0.949833155
1403636690.413555 0.438604474 3.701868534 4.556347370 0.286643684 -0.034095645 -0.119755946 0.949911296
1403636690.463556 0.451718092 3.686895370 4.559563160 0.286746711 -0.033134323 -0.118411802 0.950082779
1403636690.513556 0.463475734 3.671402931 4.567743301 0.288163662 -0.032356080 -0.114166677 0.950200498
1403636690.563555 0.474231511 3.656029940 4.577351570 0.289400101 -0.031753138 -0.110524558 0.950275660
1403636690.613555 0.483836532 3.640069008 4.589549541 0.291442335 -0.033496968 -0.104224205 0.950303555
1403636690.663556 0.492876738 3.625105381 4.602880478 0.293297946 -0.033426248 -0.098566622 0.950338781
1403636690.713556 0.500780225 3.611705303 4.615598679 0.296490669 -0.032362141 -0.089380242 0.950293362
1403636690.763556 0.504841268 3.598748207 4.633279800 0.299903065 -0.031822193 -0.078890003 0.950169563
1403636690.813555 0.505980194 3.587572813 4.653406620 0.302688897 -0.030354170 -0.070737235 0.949976087
1403636690.863556 0.504346609 3.578760386 4.676674366 0.305066675 -0.026432823 -0.064356610 0.949786365
1403636690.913555 0.504175663 3.574353456 4.698501587 0.307150424 -0.020697139 -0.058833346 0.949615240
1403636690.963556 0.503634751 3.570803404 4.724291801 0.309484422 -0.013106707 -0.052799445 0.949347198
1403636691.013556 0.505641639 3.570273161 4.750858784 0.311541289 -0.003892774 -0.048006676 0.949011326
1403636691.063555 0.509359419 3.573506117 4.777023792 0.313104004 0.004748608 -0.045200154 0.948630929
1403636691.113555 0.515912354 3.581409931 4.803275585 0.313978493 0.010715839 -0.045380853 0.948284566
1403636691.163556 0.525268912 3.593702555 4.828356266 0.313676655 0.018863486 -0.048407745 0.948107660
1403636691.213556 0.532203794 3.611075401 4.849280357 0.311963618 0.026327694 -0.056100946 0.948070943
1403636691.263556 0.545096517 3.631796122 4.871404171 0.308942199 0.033389065 -0.067204222 0.948115885
1403636691.313555 0.558153093 3.656329393 4.890919685 0.306003839 0.037275575 -0.078183785 0.948082149
1403636691.363556 0.570584118 3.682918549 4.907591820 0.303552717 0.038017586 -0.087448634 0.948031247
1403636691.413555 0.584880054 3.711985350 4.923260689 0.302784413 0.031737480 -0.093874753 0.947893500
1403636691.463556 0.600769460 3.742244482 4.937183380 0.302183449 0.023087395 -0.099120945 0.947801292
1403636691.513556 0.616630435 3.773348808 4.947974205 0.302548826 0.014686238 -0.101377048 0.947613478
1403636691.563555 0.636928439 3.805156469 4.958536148 0.303151846 0.009557132 -0.103186138 0.947291076
1403636691.613555 0.659436345 3.837452650 4.968096733 0.303295612 0.005077996 -0.106525153 0.946910024
1403636691.663556 0.680651188 3.872775793 4.973774433 0.301731974 0.003464747 -0.113019742 0.946663976
1403636691.713556 0.704060316 3.906309605 4.982416630 0.299737155 0.001561645 -0.120433345 0.946388602
1403636691.763556 0.726277769 3.939805984 4.990781307 0.298335105 0.002056312 -0.125981525 0.946108341
1403636691.813555 0.746569276 3.973005533 4.998647690 0.298112988 0.001232296 -0.127532616 0.945971966
1403636691.863556 0.764292896 4.006198406 5.006628990 0.298694730 -0.000208494 -0.126621589 0.945911586
1403636691.913555 0.779919982 4.039478302 5.014645100 0.299597353 -0.000682645 -0.124013282 0.945971489
1403636691.963556 0.796256959 4.075633049 5.020369053 0.301361024 0.002979849 -0.119981378 0.945926785
1403636692.013556 0.809857309 4.109056473 5.028310776 0.302394718 0.006635395 -0.116710894 0.945987523
1403636692.063555 0.822425246 4.142884731 5.035729885 0.303034872 0.006597369 -0.114462435 0.946057677
1403636692.113555 0.835560560 4.177009106 5.042620182 0.302162617 0.006347239 -0.116158985 0.946131527
1403636692.163556 0.855646968 4.211578846 5.048253059 0.299851507 0.007403304 -0.121249236 0.946220517
1403636692.213556 0.871220291 4.245481014 5.053524017 0.298426986 0.006664609 -0.124356352 0.946273088
1403636692.263556 0.887468636 4.279312134 5.057292461 0.297423244 0.005477820 -0.125808716 0.946404815
1403636692.313555 0.906302691 4.313010693 5.058757782 0.297267705 0.004240438 -0.125093654 0.946554720
1403636692.363556 0.925863147 4.347076893 5.058352470 0.297754079 0.002715448 -0.122558795 0.946739078
1403636692.413555 0.946682155 4.380934715 5.057420731 0.296900600 0.001319236 -0.122916371 0.946963668
1403636692.463556 0.973735750 4.413453579 5.055930138 0.295612901 0.000865348 -0.125617296 0.947012484
1403636692.513556 0.997701883 4.446689606 5.053298950 0.293289304 0.001886063 -0.129673615 0.947186649
1403636692.563555 1.023768902 4.478981495 5.049483299 0.292604208 0.002222323 -0.129850045 0.947373629
1403636692.613555 1.048902869 4.510493279 5.045347691 0.292583674 0.001334620 -0.128657728 0.947544277
1403636692.663556 1.076124072 4.541870117 5.039752960 0.292059511 0.001116411 -0.127577528 0.947852314
1403636692.713556 1.112110734 4.572769642 5.033010006 0.290349245 -0.000925070 -0.130689576 0.947953939
1403636692.763556 1.137685537 4.603779793 5.027530193 0.286757946 -0.002308906 -0.138567820 0.947925866
1403636692.813555 1.161852837 4.633895874 5.022062302 0.282466561 -0.003798175 -0.147999749 0.947783887
1403636692.863556 1.185612559 4.662617683 5.015990734 0.279464245 -0.004696752 -0.154826835 0.947579205
1403636692.913555 1.207286835 4.689436436 5.010153294 0.277291358 -0.005526335 -0.159964636 0.947359622
1403636692.963556 1.227760673 4.713829041 5.004105568 0.277139753 -0.006903955 -0.160167456 0.947360635
1403636693.013556 1.247232914 4.735770226 4.997944832 0.278458565 -0.009107397 -0.156986728 0.947487712
1403636693.063555 1.265757203 4.755821228 4.991706848 0.280068964 -0.008985318 -0.152899817 0.947682559
1403636693.113555 1.283249021 4.774146557 4.985700607 0.281910866 -0.007688041 -0.149004608 0.947768331
1403636693.163556 1.299014926 4.791034222 4.979939938 0.283861220 -0.007316139 -0.144976750 0.947813749
1403636693.213556 1.320039272 4.805896759 4.974233150 0.284567595 -0.010054627 -0.143894345 0.947741747
1403636693.263556 1.332393408 4.820762157 4.969563484 0.285593390 -0.014204286 -0.141879648 0.947683871
1403636693.313555 1.343282819 4.834407806 4.965404510 0.286815912 -0.019612893 -0.139326826 0.947596908
1403636693.363556 1.350858212 4.846477985 4.961382866 0.287897885 -0.024379408 -0.137302414 0.947453618
1403636693.413555 1.359336019 4.857994080 4.958512306 0.288971812 -0.028700711 -0.135292828 0.947294712
1403636693.463556 1.367316365 4.868619919 4.956769943 0.289720476 -0.033558730 -0.134508878 0.947018027
1403636693.513556 1.374810815 4.878655434 4.956435204 0.289753854 -0.040224817 -0.133424044 0.946901560
1403636693.563555 1.381970763 4.887726784 4.957663536 0.289609820 -0.046823852 -0.133955956 0.946567118
1403636693.613555 1.389535427 4.895827293 4.960526466 0.289459348 -0.051351018 -0.135113165 0.946213841
1403636693.663556 1.397289395 4.902618885 4.965257168 0.289336145 -0.054105401 -0.135630965 0.946024001
1403636693.713556 1.405793309 4.910840511 4.968965530 0.290185332 -0.053196404 -0.135134578 0.945886552
1403636693.763556 1.414551854 4.914711952 4.977568150 0.291282862 -0.047600914 -0.134295955 0.945966721
1403636693.813555 1.422898293 4.917836189 4.987584591 0.291853279 -0.041900892 -0.133864537 0.946121693
1403636693.863556 1.432130456 4.919909000 4.999590397 0.293012649 -0.034862913 -0.132248536 0.946276128
1403636693.913555 1.440531015 4.921064854 5.012638092 0.294836730 -0.026847288 -0.128930911 0.946428716
1403636693.963556 1.448403120 4.921498299 5.026812077 0.295618653 -0.018908564 -0.128077611 0.946492553
1403636694.013556 1.455598712 4.921345711 5.041588783 0.297443032 -0.011225005 -0.125117630 0.946439207
1403636694.063555 1.461750865 4.921099663 5.056583405 0.298250586 -0.005095717 -0.123880401 0.946400702
1403636694.113555 1.466946959 4.921231747 5.071136475 0.299057841 -0.002326616 -0.123138815 0.946253598
1403636694.163556 1.472757697 4.921366215 5.084899902 0.299567759 0.000642169 -0.122630313 0.946160972
1403636694.213556 1.479965806 4.920246601 5.095495701 0.299650967 0.002224033 -0.122154288 0.946193695
1403636694.263556 1.487416744 4.920929909 5.107674599 0.299643934 0.001971951 -0.123242877 0.946055353
1403636694.313555 1.496147037 4.921494961 5.118835449 0.299790502 0.000200157 -0.123880245 0.945927680
1403636694.363556 1.506969571 4.923179150 5.130026340 0.299930274 -0.002844315 -0.123176359 0.945971012
1403636694.413555 1.516980171 4.924351215 5.140328407 0.299794316 -0.006000945 -0.124431714 0.945835054
1403636694.463556 1.526594520 4.925703526 5.150618076 0.299238175 -0.008211704 -0.125025496 0.945916235
1403636694.513556 1.535437107 4.926820755 5.161206722 0.298516810 -0.009514614 -0.126390532 0.945950568
1403636694.563555 1.542872667 4.927748680 5.172146797 0.298433453 -0.010601176 -0.126687586 0.945925593
1403636694.613555 1.548888683 4.928586006 5.183282852 0.297944605 -0.011309702 -0.126983240 0.946031809
1403636694.663556 1.553280711 4.929223061 5.194977283 0.297362655 -0.011381776 -0.127561316 0.946136296
1403636694.713556 1.557208180 4.928897858 5.200728416 0.296808094 -0.010105044 -0.127761319 0.946297884
1403636694.763556 1.559212446 4.929430485 5.212811470 0.297286570 -0.008422607 -0.124920130 0.946543455
1403636694.813555 1.559791684 4.930222034 5.224778652 0.296797365 -0.006554022 -0.124083713 0.946821690
1403636694.863556 1.559336662 4.931164265 5.238003254 0.298681885 -0.008482153 -0.118085988 0.946980774
1403636694.913555 1.557222605 4.932493210 5.251247883 0.299651027 -0.009815341 -0.113385320 0.947236240
1403636694.963556 1.554722190 4.934359074 5.264650822 0.300627559 -0.011716991 -0.108744577 0.947449267
1403636695.013556 1.552028179 4.937024593 5.278460503 0.300836593 -0.013021543 -0.106779307 0.947589457
1403636695.063555 1.549961925 4.940360546 5.292427063 0.299427003 -0.013893739 -0.108797885 0.947793841
1403636695.113555 1.549599051 4.944522858 5.305940628 0.297681123 -0.012653660 -0.111629993 0.948031783
1403636695.163556 1.550953507 4.948871613 5.319134712 0.296241134 -0.012444993 -0.113096491 0.948311806
1403636695.213556 1.555272460 4.949810505 5.333404541 0.294276088 -0.011186159 -0.115796909 0.948613524
1403636695.263556 1.560749292 4.954142094 5.345779419 0.292578697 -0.009495345 -0.118228063 0.948857069
1403636695.313555 1.567755818 4.958921432 5.357072353 0.291133940 -0.008238023 -0.119826287 0.949112654
1403636695.363556 1.576162338 4.965371609 5.367362976 0.289702415 -0.007173278 -0.121046193 0.949404538
1403636695.413555 1.585650682 4.970688820 5.377105236 0.288993090 -0.006753156 -0.121350288 0.949584901
1403636695.463556 1.595876336 4.976029396 5.386260986 0.288140267 -0.005684252 -0.122093014 0.949755907
1403636695.513556 1.605906248 4.981254101 5.395375729 0.286788702 -0.004459785 -0.124333516 0.949880838
1403636695.563555 1.615007997 4.985964775 5.404495239 0.285996079 -0.003030535 -0.125179067 0.950014353
1403636695.613555 1.622564912 4.990650177 5.413785458 0.284755170 -0.001868224 -0.126963407 0.950153351
1403636695.663556 1.628731251 4.994862556 5.423210144 0.283281833 -0.000542031 -0.129412651 0.950264990
1403636695.713556 1.634642959 4.989654541 5.440967560 0.282476425 0.000129747 -0.129594609 0.950480163
1403636695.763556 1.637587070 4.992695332 5.450299263 0.282850981 -0.001433421 -0.126634195 0.950766623
1403636695.813555 1.639515400 4.995759487 5.459578037 0.282669365 -0.001987941 -0.126395896 0.950851381
1403636695.863556 1.639198899 5.000795841 5.466274261 0.282652080 -0.002233093 -0.125215262 0.951012135
1403636695.913555 1.638198137 5.004337311 5.474367619 0.282056391 -0.003195416 -0.125324205 0.951171875
1403636695.963556 1.635979414 5.007734299 5.482472420 0.282087922 -0.005544736 -0.124307908 0.951285064
1403636696.013556 1.632853389 5.010846615 5.490726471 0.281932861 -0.008222974 -0.123044036 0.951475978
1403636696.063555 1.629064798 5.013691425 5.499508381 0.281037211 -0.011640867 -0.123873942 0.951597631
1403636696.113555 1.625322104 5.015996456 5.509132862 0.279295474 -0.014708851 -0.126549527 0.951715887
1403636696.163556 1.621335983 5.017610550 5.518910885 0.277532876 -0.015459169 -0.130030304 0.951750398
1403636696.213556 1.619319797 5.011758804 5.537859440 0.275930345 -0.016604131 -0.132409126 0.951869309
1403636696.263556 1.614631057 5.011743546 5.547896862 0.275279611 -0.013468002 -0.133532032 0.951950431
1403636696.313555 1.609572887 5.011066914 5.557882786 0.275891453 -0.010007503 -0.131922975 0.952040255
1403636696.363556 1.604135513 5.011176586 5.565546513 0.276616812 -0.002277073 -0.129101276 0.952266395
1403636696.413555 1.599940658 5.009548187 5.573854446 0.278259575 0.005323111 -0.124281056 0.952416956
1403636696.463556 1.596650004 5.011548519 5.575489521 0.279896885 0.009203291 -0.119183913 0.952558875
1403636696.513556 1.593181133 5.006784439 5.587502956 0.279636830 0.010927956 -0.118202910 0.952739418
1403636696.563555 1.591137409 5.005929470 5.592058182 0.279521167 0.009561141 -0.116868138 0.952952743
1403636696.613555 1.590616107 5.009412289 5.588703632 0.279513329 0.008533359 -0.116901681 0.952960432
1403636696.663556 1.589480042 5.006188869 5.596065521 0.279462278 0.006572237 -0.115531124 0.953158319
1403636696.713556 1.590722322 5.002596378 5.606748104 0.279657811 0.006130311 -0.115238629 0.953139305
1403636696.763556 1.590729475 5.003313065 5.607592106 0.279523939 0.004270889 -0.115303159 0.953180909
1403636696.813555 1.590686560 5.003379822 5.610953331 0.278830647 0.004179201 -0.116544127 0.953233480
1403636696.863556 1.586202145 5.007716656 5.606324673 0.278470427 0.003336419 -0.117497362 0.953225076
1403636696.913555 1.582050920 5.010011196 5.606129646 0.277729154 0.003637266 -0.119373389 0.953207135
1403636696.963556 1.577030420 5.012190819 5.605913162 0.275543451 0.005527259 -0.125581905 0.953034699
1403636697.013556 1.571457267 5.013817787 5.605484962 0.273028821 0.007342754 -0.132347196 0.952830613
1403636697.063555 1.565989017 5.014698505 5.604519844 0.270767093 0.009318830 -0.138452977 0.952591062
1403636697.113555 1.561458945 5.014710903 5.602201939 0.267876625 0.010787261 -0.145601824 0.952326834
1403636697.163556 1.558180809 5.013349533 5.597991943 0.265754640 0.012401870 -0.150719643 0.952105463
1403636697.213556 1.558122158 5.006768703 5.591354847 0.264268219 0.014128660 -0.153606951 0.952033579
1403636697.263556 1.557404518 5.001534462 5.582851887 0.263462216 0.014936942 -0.154446006 0.952108920
1403636697.313555 1.557564855 4.993968487 5.572001457 0.264262825 0.011715735 -0.152151689 0.952301443
1403636697.363556 1.558763146 4.986386776 5.557589054 0.265852094 0.007977349 -0.146358460 0.952805579
1403636697.413555 1.561215997 4.976032734 5.543132305 0.267955929 0.003500350 -0.140470743 0.953129411
1403636697.463556 1.565365076 4.964581490 5.527188301 0.269735456 -0.000981522 -0.135782152 0.953312814
1403636697.513556 1.571619272 4.952306747 5.509934902 0.270404845 -0.004414700 -0.132141188 0.953625083
1403636697.563555 1.578611493 4.940288067 5.492149353 0.268992335 -0.006440126 -0.129815072 0.954332352
1403636697.613555 1.588703036 4.926495552 5.473864555 0.265236735 -0.006021981 -0.128887996 0.955511093
1403636697.663556 1.596346736 4.913598537 5.456502914 0.259102553 -0.005281124 -0.127689525 0.957357645
1403636697.713556 1.601713061 4.910405636 5.432672977 0.251526117 -0.005586860 -0.124566227 0.959784806
1403636697.763556 1.605742812 4.897501945 5.415554523 0.241342053 -0.006553333 -0.122141875 0.962700725
1403636697.813555 1.608394623 4.884588718 5.398546696 0.230879813 -0.006066305 -0.118611977 0.965706587
1403636697.863556 1.610761881 4.869826794 5.383622646 0.221425980 -0.005718281 -0.114644483 0.968398035
1403636697.913555 1.610958338 4.854897976 5.367889881 0.212565571 -0.005918951 -0.110794619 0.970827281
1403636697.963556 1.609906197 4.839329243 5.352489471 0.204937682 -0.005910451 -0.106438346 0.972952545
1403636698.013556 1.600771070 4.828899384 5.329720497 0.198539287 -0.006159503 -0.103246354 0.974620163
1403636698.063555 1.597196460 4.812276840 5.315051556 0.192946851 -0.005263621 -0.100845277 0.975998998
1403636698.113555 1.592125893 4.794935226 5.300583839 0.188466519 -0.005818149 -0.097994298 0.977161050
1403636698.163556 1.586847663 4.777637959 5.286661625 0.184903845 -0.005832679 -0.095442437 0.978093684
1403636698.213556 1.580073833 4.759825230 5.273518085 0.181157872 -0.005333213 -0.093380146 0.978996158
1403636698.263556 1.571945906 4.742084026 5.260813236 0.176288351 -0.005603187 -0.090861268 0.980120003
1403636698.313555 1.562885642 4.724368572 5.248685360 0.169626713 -0.005637112 -0.089500442 0.981419742
1403636698.363556 1.553055048 4.706696033 5.236856937 0.162107810 -0.004839446 -0.087200828 0.982900620
1403636698.413555 1.542229533 4.688970089 5.225288868 0.153333247 -0.005395607 -0.084719934 0.984521329
1403636698.463556 1.530177355 4.671369076 5.214034557 0.144101158 -0.006438557 -0.081351005 0.986192405
1403636698.513556 1.517193317 4.653434753 5.202892780 0.133759603 -0.006728566 -0.079009935 0.987836242
1403636698.563555 1.504099846 4.635235786 5.192264557 0.122920275 -0.006782113 -0.075128034 0.989545524
1403636698.613555 1.489779830 4.616998196 5.182035923 0.111575313 -0.006884920 -0.070764445 0.991209328
1403636698.663556 1.474516034 4.598621368 5.172271729 0.099918708 -0.007513256 -0.065160558 0.992831290
1403636698.713556 1.457944989 4.580151558 5.162742138 0.087617397 -0.007671581 -0.059683025 0.994335055
1403636698.763556 1.430007815 4.566382885 5.133351326 0.074989468 -0.007138729 -0.053998709 0.995695591
1403636698.813555 1.411752582 4.546909809 5.124788761 0.061427213 -0.007513834 -0.048402335 0.996908903
1403636698.863556 1.392630935 4.527047157 5.116307735 0.048155498 -0.007626034 -0.041048687 0.997966826
1403636698.913555 1.377877831 4.508815289 5.111378670 0.034356821 -0.007180925 -0.035567772 0.998750687
1403636698.963556 1.362448692 4.489138126 5.104207993 0.021067824 -0.007413396 -0.028788194 0.999335885
1403636699.013556 1.348361969 4.469254017 5.096745491 0.008243185 -0.006987496 -0.022550981 0.999687254
1403636699.063555 1.336280346 4.449222088 5.089653492 -0.004566406 -0.006502306 -0.015836984 0.999843001
1403636699.113555 1.326003790 4.429139137 5.081835270 -0.017592927 -0.005321847 -0.008856467 0.999791801
1403636699.163556 1.317051768 4.409241676 5.073314190 -0.029764250 -0.004247706 0.001046069 0.999547303
1403636699.213556 1.309628606 4.389918327 5.063968658 -0.042975288 -0.004254872 0.008843034 0.999027908
1403636699.263556 1.301686645 4.374439240 5.038186550 -0.056331396 -0.003758144 0.017771274 0.998246849
1403636699.313555 1.297250509 4.356367111 5.028842926 -0.069609471 -0.004771955 0.027161071 0.997193038
1403636699.363556 1.294635177 4.339658737 5.019455433 -0.083091781 -0.004996812 0.034558438 0.995929956
1403636699.413555 1.294153333 4.324632645 5.010571957 -0.095952772 -0.005455280 0.043149047 0.994435251
1403636699.463556 1.293825388 4.310288906 5.001855850 -0.108438000 -0.005891207 0.050108880 0.992822051
1403636699.513556 1.293438673 4.297241211 4.993722439 -0.121133670 -0.005830426 0.055637009 0.991058588
1403636699.563555 1.292110801 4.285544872 4.986166477 -0.133261904 -0.005423191 0.062219370 0.989111006
1403636699.613555 1.289488196 4.275318623 4.979356289 -0.144949794 -0.004855934 0.068557158 0.987049103
1403636699.663556 1.283113480 4.268153191 4.963665485 -0.156571910 -0.004131093 0.075039364 0.984803081
1403636699.713556 1.278514743 4.261345387 4.957603931 -0.168973103 -0.002632038 0.079432458 0.982411087
1403636699.763556 1.273031473 4.256195068 4.951642513 -0.181000546 -0.001958254 0.080102600 0.980213463
1403636699.813555 1.268218994 4.252616405 4.946866512 -0.192010775 -0.000770663 0.078905500 0.978215277
1403636699.863556 1.261854172 4.249537468 4.941776752 -0.200956523 0.001382321 0.077803373 0.976504505
1403636699.913555 1.255287528 4.247201443 4.936724663 -0.207758203 0.003724457 0.077746704 0.975078464
1403636699.963556 1.247804284 4.245334148 4.931835651 -0.212337628 0.005969834 0.078967214 0.973982155
1403636700.013556 1.239136219 4.243974686 4.927340031 -0.215709820 0.006723151 0.080371998 0.973120928
1403636700.063555 1.224415421 4.244534016 4.919851780 -0.217721730 0.007318960 0.081280664 0.972593069
1403636700.113555 1.213438749 4.243899822 4.914793968 -0.218586937 0.008224630 0.082753725 0.972267389
1403636700.163556 1.201470971 4.244161606 4.909727573 -0.220017612 0.008807031 0.082666725 0.971946955
1403636700.213556 1.188533664 4.245306015 4.905224323 -0.220319003 0.009106209 0.082930453 0.971853435
1403636700.263556 1.175224066 4.246676445 4.899494171 -0.220915690 0.008877765 0.083794162 0.971646011
1403636700.313555 1.159464955 4.249446869 4.894610405 -0.222594917 0.007482369 0.085705414 0.971107721
1403636700.363556 1.141989708 4.253405094 4.890241146 -0.224765882 0.006211517 0.089367561 0.970286131
1403636700.413555 1.122968554 4.258666039 4.885945320 -0.228406101 0.005727876 0.092867129 0.969109654
1403636700.463556 1.103559256 4.271116734 4.888525009 -0.233579382 0.007294642 0.093406327 0.967813492
1403636700.513556 1.082835913 4.279027462 4.884926319 -0.238274306 0.009896157 0.093155824 0.966669321
1403636700.563555 1.061634660 4.287978172 4.881411552 -0.243685305 0.012113546 0.091698878 0.965433717
1403636700.613555 1.040034533 4.298335075 4.877523899 -0.250032991 0.014982708 0.090491034 0.963883102
1403636700.663556 1.016267896 4.307791710 4.872882843 -0.257758170 0.016302794 0.089018494 0.961961985
1403636700.713556 0.989263415 4.323404789 4.861350060 -0.264235735 0.017925991 0.089431763 0.960135341
1403636700.763556 0.967486680 4.334159851 4.855781078 -0.270233035 0.018957885 0.089149848 0.958471060
1403636700.813555 0.947211027 4.344666958 4.849349976 -0.275088668 0.018370625 0.089331537 0.957083285
1403636700.863556 0.928159118 4.355135441 4.842193127 -0.278562784 0.015729038 0.090667933 0.955999255
1403636700.913555 0.910924137 4.366014481 4.834883690 -0.281298459 0.013206150 0.091696866 0.955137789
1403636700.963556 0.895697534 4.376216888 4.826359272 -0.283199787 0.009555408 0.092752472 0.954517365
1403636701.013556 0.883729160 4.386622906 4.820028782 -0.284052998 0.006586660 0.094180167 0.954149127
1403636701.063555 0.871913493 4.396819115 4.810600758 -0.284286350 0.001733392 0.095276900 0.953991890
1403636701.113555 0.862451792 4.407100201 4.800788879 -0.283813208 -0.003116890 0.096808836 0.953975022
1403636701.163556 0.855995119 4.417875767 4.791184425 -0.283552825 -0.005456829 0.095806606 0.954143107
1403636701.213556 0.851602733 4.429562569 4.781826973 -0.282706887 -0.008303162 0.095374070 0.954416871
1403636701.263556 0.850346208 4.441375256 4.772041798 -0.281514168 -0.008893561 0.095162325 0.954785168
1403636701.313555 0.850747347 4.453578472 4.762506962 -0.280339152 -0.010445458 0.094331190 0.955197573
1403636701.363556 0.852743268 4.466082096 4.753361225 -0.279058933 -0.009631269 0.094232969 0.955590606
1403636701.413555 0.855685890 4.479234219 4.744882107 -0.278121114 -0.008209124 0.092173241 0.956078053
1403636701.463556 0.859221458 4.492778778 4.737321377 -0.276700497 -0.005423229 0.090446830 0.956674814
1403636701.513556 0.860741496 4.507513523 4.731380463 -0.275881827 -0.001071352 0.087827213 0.957169890
1403636701.563555 0.864897847 4.521882057 4.724977493 -0.274579048 0.002980022 0.085708044 0.957732439
1403636701.613555 0.868490100 4.536059856 4.719154358 -0.273160070 0.005366818 0.083909936 0.958286822
1403636701.663556 0.871817708 4.550223351 4.713741779 -0.272094667 0.007347708 0.081404634 0.958792746
1403636701.713556 0.874294400 4.564669132 4.707539558 -0.271873325 0.009187521 0.081076957 0.958867431
1403636701.763556 0.876140773 4.579180241 4.702348232 -0.272945464 0.009846664 0.082059830 0.958472610
1403636701.813555 0.876095116 4.593865395 4.697447777 -0.275656730 0.009526551 0.084470101 0.957490027
1403636701.863556 0.874537766 4.608926773 4.692677975 -0.280902952 0.009091260 0.085904106 0.955840528
1403636701.913555 0.871251225 4.624147415 4.688339710 -0.286430448 0.008591543 0.090129033 0.953813553
1403636701.963556 0.866910338 4.639624119 4.684162140 -0.293521374 0.009135935 0.093301855 0.951344490
1403636702.013556 0.854645610 4.653766632 4.678875923 -0.301424861 0.009464571 0.097274996 0.948467672
1403636702.063555 0.847824097 4.669164658 4.674963951 -0.310399175 0.010246114 0.101629578 0.945102453
1403636702.113555 0.839396000 4.684788227 4.671156883 -0.320281684 0.011512338 0.106222086 0.941277742
1403636702.163556 0.829687893 4.700649261 4.667445660 -0.330953032 0.012951304 0.110287547 0.937090635
1403636702.213556 0.818621218 4.717020035 4.661504745 -0.340518713 0.013079977 0.114191316 0.933186054
1403636702.263556 0.806499183 4.733038902 4.658095837 -0.348576635 0.012186009 0.117443293 0.929813325
1403636702.313555 0.793126285 4.749037266 4.654957294 -0.355702639 0.009642116 0.120111436 0.926798761
1403636702.363556 0.772879064 4.762370110 4.655779362 -0.361851275 0.007424365 0.121688738 0.924229503
1403636702.413555 0.758108139 4.778829098 4.653987408 -0.367641151 0.004909722 0.121361502 0.922001660
1403636702.463556 0.742359579 4.795379162 4.653128624 -0.372309059 0.001934646 0.122428365 0.919996381
1403636702.513556 0.725841939 4.812110901 4.653238297 -0.376365960 0.000018764 0.122009754 0.918401957
1403636702.563555 0.707630754 4.828567028 4.653688431 -0.379267782 -0.001201006 0.122096010 0.917195141
1403636702.613555 0.689140737 4.845474720 4.655961990 -0.381551385 -0.003656978 0.122486182 0.916188896
1403636702.663556 0.666141570 4.859866142 4.661650658 -0.383268833 -0.006153922 0.122721381 0.915426910
1403636702.713556 0.646245956 4.877120018 4.666468620 -0.384617120 -0.007939375 0.121985890 0.914945841
1403636702.763556 0.625673234 4.894297600 4.672760487 -0.384839118 -0.008629737 0.123103708 0.914696455
1403636702.813555 0.603545189 4.911570072 4.680964470 -0.385336280 -0.011074909 0.122459859 0.914547265
1403636702.863556 0.582023382 4.929433823 4.690263271 -0.385222584 -0.012483961 0.122528166 0.914567888
1403636702.913555 0.561491311 4.947535515 4.700671196 -0.384761184 -0.013472367 0.123399071 0.914630949
1403636702.963556 0.543204010 4.963907242 4.708834171 -0.384460270 -0.013191069 0.123170882 0.914792418
1403636703.013556 0.526877046 4.982714176 4.720388889 -0.383477390 -0.010596938 0.124549314 0.915051997
1403636703.063555 0.512522161 5.001604080 4.732068539 -0.382849306 -0.007741943 0.124680586 0.915325701
1403636703.113555 0.500629485 5.021117687 4.744211674 -0.381503850 -0.002833286 0.126988128 0.915598571
1403636703.163556 0.491371721 5.040426254 4.756342411 -0.379898787 0.005167739 0.129450485 0.915910840
1403636703.213556 0.483838499 5.059999466 4.767806053 -0.377788663 0.010732620 0.132683069 0.916272700
1403636703.263556 0.477926701 5.080312252 4.778988361 -0.375797153 0.016927307 0.136988342 0.916364610
1403636703.313555 0.472444803 5.107237816 4.785598755 -0.373739362 0.022253269 0.140536234 0.916555226
1403636703.363556 0.469069868 5.127981186 4.793670177 -0.373393774 0.024814876 0.140274316 0.916670442
1403636703.413555 0.466988891 5.149306297 4.800022125 -0.374724925 0.024594527 0.136487335 0.916704834
1403636703.463556 0.465771228 5.170967579 4.805092335 -0.376544803 0.021043504 0.131422535 0.916787565
1403636703.513556 0.465676695 5.192629814 4.808785439 -0.378437221 0.016545130 0.125756264 0.916895330
1403636703.563555 0.467242748 5.214261055 4.811458588 -0.379920006 0.013103144 0.121490240 0.916912973
1403636703.613555 0.469946802 5.235620975 4.813667297 -0.380066723 0.009406629 0.120197803 0.917067826
1403636703.663556 0.473435938 5.256775379 4.815631866 -0.379817992 0.007159533 0.119724639 0.917253077
1403636703.713556 0.476399928 5.277767181 4.817706108 -0.379471540 0.005913819 0.119540349 0.917429388
1403636703.763556 0.478861660 5.298472881 4.820110798 -0.378656179 0.007265515 0.119729191 0.917731881
1403636703.813555 0.486859649 5.320607185 4.819184780 -0.377488762 0.009248079 0.120696194 0.918068409
1403636703.863556 0.487119079 5.340874195 4.822310925 -0.376257509 0.012294468 0.121877261 0.918382049
1403636703.913555 0.486251563 5.361011982 4.825864792 -0.374692470 0.015033292 0.123149730 0.918811262
1403636703.963556 0.484382391 5.381081104 4.829474926 -0.373951972 0.016258117 0.123368300 0.919062734
1403636704.013556 0.481091589 5.400297642 4.834793091 -0.372352511 0.017851718 0.125134021 0.919443786
1403636704.063555 0.476815879 5.419895172 4.838727951 -0.371066719 0.019054035 0.126015663 0.919818938
1403636704.113555 0.470900029 5.439543247 4.842569351 -0.370100528 0.017604755 0.126505673 0.920169771
1403636704.163556 0.463765323 5.459406853 4.846392155 -0.369461417 0.014607177 0.126371861 0.920497417
1403636704.213556 0.456616014 5.480572224 4.849195004 -0.368839294 0.010398859 0.126129732 0.920837104
1403636704.263556 0.448357850 5.501055241 4.853558540 -0.368617743 0.006459624 0.125533104 0.921043456
1403636704.313555 0.441155940 5.522077084 4.857934475 -0.368655294 0.003457929 0.124096401 0.921239197
1403636704.363556 0.435740799 5.543296337 4.861813068 -0.368832886 0.000728562 0.122617871 0.921372354
1403636704.413555 0.432416260 5.566012383 4.867588520 -0.368172735 -0.000878143 0.123206928 0.921557724
1403636704.463556 0.431150943 5.587511063 4.870583057 -0.368268311 -0.003690101 0.121935166 0.921681702
1403636704.513556 0.432001144 5.609344006 4.873785973 -0.368375033 -0.006660180 0.120861821 0.921763778
1403636704.563555 0.434867471 5.631317139 4.877198219 -0.368039757 -0.008948657 0.121444181 0.921801746
1403636704.613555 0.439193279 5.653665543 4.881333351 -0.367903233 -0.011253754 0.121271677 0.921853721
1403636704.663556 0.442675680 5.676599026 4.886740208 -0.367893934 -0.013126232 0.121234432 0.921837568
1403636704.713556 0.444534898 5.699859142 4.893576622 -0.367670864 -0.017886803 0.120999478 0.921877325
1403636704.763556 0.445004582 5.725326538 4.905092239 -0.367279232 -0.020924268 0.120780937 0.921998322
1403636704.813555 0.444505632 5.750049114 4.915528297 -0.366310984 -0.024173530 0.122193187 0.922117949
1403636704.863556 0.443166047 5.775394440 4.928121090 -0.365257889 -0.027596112 0.123533152 0.922261059
1403636704.913555 0.441121161 5.801783085 4.942749977 -0.363938093 -0.030200681 0.124737665 0.922538996
1403636704.963556 0.438895226 5.828570843 4.958569050 -0.363313735 -0.033227578 0.124884322 0.922661185
1403636705.013556 0.436151385 5.856751442 4.976552963 -0.362840772 -0.035377577 0.124603286 0.922805369
1403636705.063555 0.432221174 5.887296677 4.997012138 -0.362900048 -0.036446963 0.122793972 0.922982574
1403636705.113555 0.430602610 5.917842865 5.019225597 -0.363138735 -0.031986959 0.120652460 0.923336387
1403636705.163556 0.430105686 5.949044228 5.042776108 -0.363948196 -0.024000660 0.116750494 0.923761368
1403636705.213556 0.431266874 5.981161594 5.067627430 -0.365031332 -0.015821112 0.112133168 0.924082220
1403636705.263556 0.434295475 6.014573574 5.093623638 -0.365773916 -0.009454695 0.108238071 0.924340069
1403636705.313555 0.439288020 6.046661854 5.119729996 -0.366058946 -0.005205127 0.106363393 0.924478531
1403636705.363556 0.445435137 6.076168060 5.142680645 -0.366176367 -0.002160672 0.105368316 0.924558163
1403636705.413555 0.452304453 6.107478142 5.169493198 -0.365849882 -0.003773403 0.106089979 0.924599648
1403636705.463556 0.459687591 6.138326168 5.196815014 -0.365532845 -0.005699025 0.107688859 0.924530327
1403636705.513556 0.466479748 6.168935776 5.225221634 -0.365282595 -0.009294716 0.109575428 0.924378395
1403636705.563555 0.473046303 6.198207855 5.252914906 -0.365111470 -0.012776401 0.110376567 0.924309075
1403636705.613555 0.477895051 6.228706837 5.283704758 -0.364897877 -0.013919409 0.111693732 0.924218714
1403636705.663556 0.481603533 6.259546757 5.315773487 -0.365181953 -0.015354400 0.112139523 0.924029768
1403636705.713556 0.485168129 6.290871143 5.349220753 -0.365387827 -0.013213515 0.111886151 0.924012184
1403636705.763556 0.488552660 6.319719791 5.380919933 -0.365541130 -0.010100081 0.112135284 0.923960745
1403636705.813555 0.492141277 6.351442337 5.416450500 -0.364924908 -0.006023752 0.113118961 0.924120009
1403636705.863556 0.497033536 6.383421898 5.452180386 -0.364467233 -0.001054271 0.113520451 0.924270391
1403636705.913555 0.503683686 6.415288448 5.487636089 -0.363226384 0.004653094 0.116185360 0.924416602
1403636705.963556 0.512635648 6.446916580 5.521651268 -0.361638188 0.009880780 0.119268589 0.924605548
1403636706.013556 0.520467401 6.475905418 5.553260326 -0.358992130 0.015576798 0.124481462 0.924871027
1403636706.063555 0.532448232 6.507283688 5.585210323 -0.356101692 0.020035220 0.130001873 0.925143123
1403636706.113555 0.545232296 6.539667130 5.616243362 -0.354097307 0.024825545 0.133657902 0.925275266
1403636706.163556 0.556729555 6.572376728 5.645997047 -0.354422957 0.025675094 0.130684465 0.925552189
1403636706.213556 0.567249298 6.606035709 5.674766541 -0.355927169 0.023924243 0.124436684 0.925882876
1403636706.263556 0.569747984 6.636325359 5.702196598 -0.357194424 0.021007901 0.119445018 0.926122904
1403636706.313555 0.575175583 6.669691086 5.731168270 -0.358979315 0.016853234 0.112723164 0.926360250
1403636706.363556 0.578275204 6.702482224 5.760368824 -0.359887391 0.012443752 0.108508699 0.926580846
1403636706.413555 0.580011606 6.734855652 5.789750576 -0.360746801 0.008592675 0.104851097 0.926711500
1403636706.463556 0.581218362 6.766288757 5.817816257 -0.361184359 0.004903867 0.102503426 0.926830530
1403636706.513556 0.579633176 6.795516968 5.846130371 -0.361612767 0.002528957 0.100760937 0.926864147
1403636706.563555 0.583758295 6.826020241 5.874749660 -0.362107277 0.000095945 0.100087442 0.926747501
1403636706.613555 0.590057075 6.855989933 5.903177261 -0.361820668 -0.000881186 0.100250654 0.926841378
1403636706.663556 0.597111762 6.885455608 5.931719780 -0.362257540 -0.002516042 0.100204520 0.926672757
1403636706.713556 0.606684327 6.915420532 5.962464333 -0.362377256 -0.004718842 0.100811578 0.926551461
1403636706.763556 0.615348041 6.941943169 5.988305569 -0.362017334 -0.006705002 0.103318967 0.926403701
1403636706.813555 0.628095806 6.970909119 6.018070221 -0.362477958 -0.009735696 0.104191937 0.926098883
1403636706.863556 0.641694188 6.999602795 6.048245907 -0.363101840 -0.011603687 0.105274960 0.925710380
1403636706.913555 0.656501532 7.028174400 6.078847885 -0.363538355 -0.011838983 0.106767312 0.925365090
1403636706.963556 0.671787858 7.056466103 6.109810352 -0.364909917 -0.011633996 0.106737293 0.924831212
1403636707.013556 0.687539697 7.082563877 6.139223576 -0.365942061 -0.008908093 0.106632777 0.924465537
1403636707.063555 0.704715490 7.110931396 6.171752453 -0.367533237 -0.006473459 0.105405621 0.923995197
1403636707.113555 0.721917868 7.139100552 6.204739571 -0.368908286 -0.004094723 0.105163589 0.923488259
1403636707.163556 0.738917410 7.166764736 6.238105297 -0.370319963 -0.003750184 0.105484299 0.922887981
1403636707.213556 0.756174564 7.193249226 6.270919323 -0.371988684 -0.004207069 0.106054477 0.922149241
1403636707.263556 0.774776220 7.220302105 6.304747581 -0.373546481 -0.004669718 0.106289610 0.921489954
1403636707.313555 0.795802474 7.243315220 6.331654549 -0.375236392 -0.006254320 0.106097117 0.920815945
1403636707.363556 0.818223357 7.269427776 6.365559578 -0.376365691 -0.007001080 0.106600657 0.920291364
1403636707.413555 0.842796028 7.294936657 6.399578571 -0.377091587 -0.007635894 0.107515343 0.919882655
1403636707.463556 0.869844437 7.320432663 6.433933735 -0.377844453 -0.008741957 0.107317120 0.919587016
1403636707.513556 0.897593856 7.344596386 6.467497826 -0.377868831 -0.008562025 0.108827606 0.919401109
1403636707.563555 0.927966595 7.368875504 6.501987457 -0.377742290 -0.008077268 0.110402226 0.919269800
1403636707.613555 0.957658768 7.392924786 6.537168980 -0.377209812 -0.008487053 0.113081597 0.919159055
1403636707.663556 0.989075065 7.412728310 6.566640854 -0.374872804 -0.007375072 0.120302647 0.919207990
1403636707.713556 1.014607072 7.437419415 6.604163170 -0.373292059 -0.006446101 0.124246947 0.919333577
1403636707.763556 1.037326455 7.462775707 6.642842293 -0.371649146 -0.005888835 0.127863586 0.919507027
1403636707.813555 1.057533860 7.489004612 6.682720184 -0.371087760 -0.004329519 0.129156217 0.919561803
1403636707.863556 1.076880336 7.516468048 6.723823547 -0.370206416 -0.002683132 0.129366249 0.919893742
1403636707.913555 1.092246652 7.544072151 6.765450954 -0.369440019 -0.000401973 0.128949717 0.920264065
1403636707.963556 1.103310585 7.571105480 6.804485321 -0.368897021 0.000765826 0.127216876 0.920722842
1403636708.013556 1.114241123 7.600203037 6.848063946 -0.368452311 0.001674736 0.124914244 0.921214819
1403636708.063555 1.123247981 7.629557610 6.892249584 -0.368162960 0.002195141 0.121912733 0.921731412
1403636708.113555 1.131078839 7.659199238 6.936617374 -0.367801368 0.003303457 0.118620642 0.922301829
1403636708.163556 1.138166666 7.689483166 6.981801510 -0.367542952 0.004281301 0.115568437 0.922788203
1403636708.213556 1.143638492 7.719222546 7.027250767 -0.366258144 0.006098195 0.115629487 0.923281074
1403636708.263556 1.147923231 7.748869419 7.072873592 -0.364656240 0.008940314 0.117554940 0.923648715
1403636708.313555 1.150648952 7.774776459 7.113267899 -0.362269729 0.013815712 0.121954247 0.923957288
1403636708.363556 1.153492451 7.804686069 7.158253193 -0.359194726 0.018891087 0.128732115 0.924148560
1403636708.413555 1.156899095 7.834934235 7.201393604 -0.356928617 0.023034513 0.133694187 0.924228013
1403636708.463556 1.161829829 7.866607666 7.243432045 -0.355203986 0.026403798 0.137213036 0.924286604
1403636708.513556 1.167972088 7.898561954 7.283137798 -0.354612350 0.028229598 0.138366580 0.924287796
1403636708.563555 1.175807595 7.932240963 7.321391106 -0.355010867 0.029536063 0.136939749 0.924306512
1403636708.613555 1.184790254 7.966617107 7.357377529 -0.357244790 0.028998805 0.132261947 0.924144030
1403636708.663556 1.195099711 7.994621277 7.388235569 -0.360070437 0.025704633 0.125993386 0.924020708
1403636708.713556 1.201989532 8.029338837 7.422065735 -0.363772362 0.024176544 0.117970288 0.923671126
1403636708.763556 1.207047343 8.063592911 7.455332756 -0.367225826 0.021403627 0.110501111 0.923296690
1403636708.813555 1.210609794 8.096956253 7.488165855 -0.370739698 0.020598041 0.103222005 0.922753036
1403636708.863556 1.213102937 8.130455017 7.521686077 -0.373067975 0.019208539 0.100538544 0.922140718
1403636708.913555 1.219639659 8.157381058 7.552477360 -0.375633836 0.020037616 0.098139077 0.921339512
1403636708.963556 1.222762942 8.187479973 7.584606171 -0.378265440 0.020399684 0.096131414 0.920466125
1403636709.013556 1.227664828 8.215779305 7.615942001 -0.379731983 0.023018848 0.095884733 0.919825971
1403636709.063555 1.233734131 8.242029190 7.645915508 -0.382556647 0.023955109 0.092993274 0.918928087
1403636709.113555 1.240123630 8.265238762 7.675312042 -0.384202868 0.025317678 0.093452856 0.918157876
1403636709.163556 1.248580933 8.287546158 7.704049110 -0.385992646 0.023912365 0.093309060 0.917459190
1403636709.213556 1.258195639 8.307755470 7.731818199 -0.386833578 0.021414412 0.095564559 0.916934431
1403636709.263556 1.282190442 8.328203201 7.758482933 -0.387897879 0.017116508 0.096500762 0.916477025
1403636709.313555 1.293997407 8.344973564 7.785114288 -0.388041526 0.013935028 0.098367602 0.916271627
1403636709.363556 1.305806637 8.360334396 7.811791420 -0.387852997 0.011100399 0.100178294 0.916193962
1403636709.413555 1.316813350 8.374493599 7.838696957 -0.388844997 0.008592104 0.098836780 0.915946126
1403636709.463556 1.325586319 8.386933327 7.867438793 -0.388483554 0.008117496 0.100007929 0.915976703
1403636709.513556 1.332532525 8.398807526 7.896604538 -0.388947159 0.006501900 0.099078961 0.915893793
1403636709.563555 1.337930322 8.409440041 7.926660061 -0.388606191 0.005679091 0.099720500 0.915974319
1403636709.613555 1.342160463 8.419144630 7.957475185 -0.388482124 0.004039122 0.099996962 0.916005552
1403636709.663556 1.345721841 8.427996635 7.989141941 -0.388092995 0.003157370 0.100118026 0.916160762
1403636709.713556 1.349178672 8.436108589 8.021306992 -0.387688994 0.002489756 0.099455729 0.916405916
1403636709.763556 1.364764452 8.449987411 8.062206268 -0.386521041 0.001854341 0.100512154 0.916785479
1403636709.813555 1.369140625 8.456380844 8.095306396 -0.386153340 0.001869349 0.098995380 0.917105377
1403636709.863556 1.375160217 8.461763382 8.128489494 -0.385060996 0.002669637 0.099780172 0.917477608
1403636709.913555 1.382985353 8.466183662 8.161860466 -0.384828717 0.002908757 0.098577365 0.917704284
1403636709.963556 1.391323328 8.467451096 8.195092201 -0.384130001 0.003464833 0.097708762 0.918087900
1403636710.013556 1.401934147 8.469061852 8.227829933 -0.383127421 0.004036554 0.098092534 0.918463528
1403636710.063555 1.426496029 8.473396301 8.271382332 -0.382991940 0.003946939 0.098319404 0.918496013
1403636710.113555 1.438168049 8.473310471 8.304697037 -0.382105798 0.004853943 0.097554900 0.918942153
1403636710.163556 1.448619366 8.472591400 8.339056969 -0.381308436 0.005170108 0.096584082 0.919374049
1403636710.213556 1.457337141 8.471471786 8.374730110 -0.380222321 0.005757298 0.095720656 0.919910550
1403636710.263556 1.463554263 8.470089912 8.411797523 -0.378180981 0.006862579 0.096742138 0.920637310
1403636710.313555 1.467932224 8.466985703 8.449340820 -0.374811828 0.010705016 0.101374343 0.921479702
1403636710.363556 1.473814726 8.475052834 8.495234489 -0.369908243 0.013899975 0.108029917 0.922661483
1403636710.413555 1.475785494 8.470649719 8.533794403 -0.364281803 0.016933590 0.113083258 0.924242496
1403636710.463556 1.476641655 8.466222763 8.572703362 -0.357712775 0.018775584 0.117319606 0.926242530
1403636710.513556 1.476837277 8.462086678 8.611583710 -0.350409955 0.020744272 0.120445222 0.928587914
1403636710.563555 1.476911902 8.458497047 8.650424004 -0.343452960 0.021677937 0.121599793 0.931012154
1403636710.613555 1.475320220 8.455131531 8.688168526 -0.337162673 0.022928290 0.121298932 0.933317840
1403636710.663556 1.472815752 8.452393532 8.725383759 -0.330243200 0.023432165 0.119683065 0.935984135
1403636710.713556 1.466385961 8.458189011 8.768678665 -0.323527038 0.023561426 0.115800291 0.938810587
1403636710.763556 1.463611960 8.456887245 8.803960800 -0.316177726 0.023682408 0.111474879 0.941830158
1403636710.813555 1.462404370 8.456058502 8.837670326 -0.309634686 0.022507226 0.102798723 0.945014358
1403636710.863556 1.462388635 8.455315590 8.870019913 -0.302396178 0.020101162 0.094304644 0.948292673
1403636710.913555 1.464556575 8.454634666 8.901046753 -0.294811994 0.017703481 0.086225055 0.951492310
1403636710.963556 1.467692256 8.453754425 8.930892944 -0.288111061 0.016214380 0.078600846 0.954227865
1403636711.013556 1.466557384 8.452479362 8.963088036 -0.282999486 0.012461121 0.069490135 0.956518173
1403636711.063555 1.472095847 8.450454712 8.990900993 -0.277475208 0.011860677 0.065238193 0.958441734
1403636711.113555 1.478519201 8.447988510 9.018085480 -0.273753166 0.010567174 0.059408296 0.959905267
1403636711.163556 1.485426188 8.444530487 9.044797897 -0.270541459 0.010815790 0.055754703 0.961031556
1403636711.213556 1.492339611 8.441246033 9.072211266 -0.268037677 0.011238864 0.052865144 0.961891174
1403636711.263556 1.499350667 8.435652733 9.098250389 -0.266027898 0.011358982 0.051242139 0.962535262
1403636711.313555 1.507072568 8.428617477 9.123722076 -0.263399333 0.013137461 0.052595045 0.963162363
1403636711.363556 1.515013933 8.420531273 9.148570061 -0.261606097 0.015080227 0.054317895 0.963527024
1403636711.413555 1.525159001 8.411530495 9.172999382 -0.260386050 0.020773312 0.055638671 0.963676155
1403636711.463556 1.533373237 8.394982338 9.193368912 -0.260188967 0.028939450 0.056024540 0.963496447
1403636711.513556 1.543927073 8.383702278 9.215348244 -0.260438561 0.035631429 0.055667792 0.963225365
1403636711.563555 1.554771185 8.371760368 9.236941338 -0.262216061 0.040298641 0.052842259 0.962718189
1403636711.613555 1.565075636 8.358244896 9.257374763 -0.263953656 0.042834610 0.050658334 0.962251186
1403636711.663556 1.573802829 8.343563080 9.276515961 -0.265711546 0.043721598 0.048985340 0.961813986
1403636711.713556 1.583008051 8.327095985 9.294578552 -0.267686754 0.042187132 0.047308173 0.961418688
1403636711.763556 1.592102647 8.308770180 9.311251640 -0.268730909 0.041201763 0.047989935 0.961136281
1403636711.813555 1.600578904 8.288827896 9.326682091 -0.268868953 0.039269879 0.050971698 0.961025059
1403636711.863556 1.608908772 8.267148018 9.340827942 -0.268006682 0.036612820 0.056047279 0.961088181
1403636711.913555 1.617704153 8.244280815 9.353694916 -0.266548723 0.033826776 0.062862225 0.961174130
1403636711.963556 1.625526547 8.207324028 9.354640961 -0.265563250 0.031461220 0.069629870 0.961060822
1403636712.013556 1.635227323 8.182490349 9.363608360 -0.263804406 0.030158082 0.076749884 0.961044788
1403636712.063555 1.645973206 8.157536507 9.371183395 -0.262059122 0.029546486 0.083142415 0.961009502
1403636712.113555 1.657867908 8.132647514 9.376966476 -0.261129647 0.030324765 0.086637288 0.960929573
1403636712.163556 1.670213699 8.110424995 9.384154320 -0.260238022 0.031251725 0.087715827 0.961043894
1403636712.213556 1.683229685 8.086971283 9.387977600 -0.259386927 0.030243674 0.082700580 0.961750627
1403636712.263556 1.697251916 8.063274384 9.390488625 -0.257188380 0.028753068 0.075476453 0.962980092
1403636712.313555 1.712380409 8.039106369 9.391844749 -0.253554553 0.028504647 0.067355573 0.964552045
1403636712.363556 1.727924705 8.014221191 9.391985893 -0.248926982 0.027571402 0.059353113 0.966308594
1403636712.413555 1.746688962 7.986336231 9.386425972 -0.244357869 0.027224984 0.053300146 0.967836320
1403636712.463556 1.763442278 7.959751606 9.384009361 -0.239530578 0.027950697 0.047591154 0.969318807
1403636712.513556 1.781099439 7.931987286 9.380393982 -0.234289154 0.028354814 0.043495122 0.970779419
1403636712.563555 1.798700571 7.902954578 9.375529289 -0.229224429 0.029244939 0.041149665 0.972063601
1403636712.613555 1.815761805 7.874795914 9.370063782 -0.223949790 0.032022402 0.039653074 0.973266959
1403636712.663556 1.830816507 7.844475746 9.364209175 -0.218719393 0.035890143 0.039732620 0.974317670
1403636712.713556 1.843849540 7.813432217 9.357598305 -0.214276448 0.039246004 0.039849944 0.975170374
1403636712.763556 1.855762124 7.785831928 9.349254608 -0.210290626 0.040631812 0.040087927 0.975971282
1403636712.813555 1.864693046 7.753727436 9.341291428 -0.207270950 0.040216129 0.040408544 0.976620972
1403636712.863556 1.871855021 7.720994473 9.332161903 -0.205094591 0.038039681 0.040801786 0.977151215
1403636712.913555 1.877572060 7.687852383 9.321931839 -0.203521103 0.035676748 0.041120999 0.977555811
1403636712.963556 1.880046964 7.653982162 9.309586525 -0.202745080 0.032339752 0.040757716 0.977848351
1403636713.013556 1.882403970 7.620152473 9.297484398 -0.203061387 0.030076973 0.039076608 0.977923572
1403636713.063555 1.885419130 7.585543633 9.283870697 -0.202281386 0.030658953 0.040002428 0.978029728
1403636713.113555 1.889194131 7.549890995 9.268064499 -0.200621411 0.031234751 0.041668326 0.978283823
1403636713.163556 1.893256307 7.519244194 9.257266998 -0.199288964 0.030101461 0.042652879 0.978549242
1403636713.213556 1.899452925 7.483096123 9.238365173 -0.198548958 0.028736366 0.044212870 0.978671432
1403636713.263556 1.907233477 7.446758747 9.218181610 -0.197915450 0.026241101 0.045369945 0.978816867
1403636713.313555 1.917004824 7.410550594 9.197082520 -0.198152095 0.024866946 0.045281228 0.978808999
1403636713.363556 1.928012967 7.372098923 9.172678947 -0.198200285 0.022710344 0.045789640 0.978828013
1403636713.413555 1.939278960 7.339142799 9.152609825 -0.197649002 0.022702962 0.048037201 0.978831947
1403636713.463556 1.952791572 7.302524090 9.128713608 -0.197447181 0.022144791 0.049868442 0.978793859
1403636713.513556 1.966602087 7.265738487 9.103288651 -0.196976781 0.021542877 0.052298691 0.978775203
1403636713.563555 1.979998589 7.229298115 9.077645302 -0.196589500 0.021807749 0.054990128 0.978699744
1403636713.613555 1.990994930 7.193237305 9.052794456 -0.196163684 0.020358067 0.058968268 0.978584766
1403636713.663556 2.001037359 7.157640457 9.027231216 -0.195965305 0.019047275 0.062294018 0.978444815
1403636713.713556 2.007622480 7.126330853 9.002803802 -0.195529982 0.018439623 0.065822937 0.978312492
1403636713.763556 2.014502525 7.092663288 8.977249146 -0.195567489 0.017904859 0.069138005 0.978086233
1403636713.813555 2.019919634 7.060142994 8.951505661 -0.195653319 0.017279644 0.071455076 0.977913797
1403636713.863556 2.023997545 7.028749466 8.925498009 -0.196601748 0.017172657 0.072001606 0.977685332
1403636713.913555 2.027729034 6.999735355 8.899924278 -0.198217109 0.016202226 0.070509568 0.977484465
1403636713.963556 2.029502392 6.970989227 8.873862267 -0.199914426 0.015350500 0.068670303 0.977283478
1403636714.013556 2.029553652 6.943123341 8.847776413 -0.201600730 0.013885817 0.067705177 0.977026284
1403636714.063555 2.028760195 6.916206360 8.821506500 -0.204626665 0.013645670 0.063168198 0.976704359
1403636714.113555 2.019891262 6.889934063 8.799182892 -0.206215367 0.013293536 0.062485185 0.976419091
1403636714.163556 2.016529799 6.864059925 8.773172379 -0.207921252 0.013077883 0.061403021 0.976128817
1403636714.213556 2.012240648 6.838553429 8.747116089 -0.209042817 0.014561936 0.061539154 0.975859642
1403636714.263556 2.006523371 6.813647270 8.721182823 -0.209141389 0.016101820 0.063980602 0.975657284
1403636714.313555 1.999830484 6.789592743 8.694996834 -0.209323525 0.016925992 0.066405512 0.975442231
1403636714.363556 1.992108107 6.765973568 8.668937683 -0.209962264 0.016017234 0.067677870 0.975232840
1403636714.413555 1.983021617 6.743095875 8.642957687 -0.210691825 0.012318776 0.068352111 0.975082159
1403636714.463556 1.972815633 6.720667839 8.617273331 -0.209684253 0.007686539 0.069017269 0.975300014
1403636714.513556 1.961983442 6.698897362 8.591993332 -0.207307249 0.003040482 0.069081433 0.975829005
1403636714.563555 1.948657155 6.676824570 8.573112488 -0.203232795 -0.000645198 0.069589138 0.976654232
1403636714.613555 1.936603785 6.656557560 8.549660683 -0.197619900 -0.004324068 0.068449125 0.977876544
1403636714.663556 1.925146580 6.637166500 8.526945114 -0.191218019 -0.006988240 0.065286644 0.979349077
1403636714.713556 1.915013552 6.618706226 8.504797935 -0.183068991 -0.009230122 0.061992254 0.981100202
1403636714.763556 1.906900167 6.600104332 8.481049538 -0.173972115 -0.011122392 0.056947380 0.983039737
1403636714.813555 1.901106000 6.582984924 8.458632469 -0.163989052 -0.012009724 0.049832158 0.985129535
1403636714.863556 1.897343874 6.566440582 8.436317444 -0.153419599 -0.012456690 0.041887891 0.987194359
1403636714.913555 1.898200750 6.552426815 8.417971611 -0.142278090 -0.013351581 0.034822747 0.989123881
1403636714.963556 1.898476005 6.536702633 8.396478653 -0.130374640 -0.014721368 0.029163349 0.990926445
1403636715.013556 1.900874138 6.521389484 8.375153542 -0.119887166 -0.015571171 0.023654114 0.992383480
1403636715.063555 1.905291080 6.506607056 8.354531288 -0.110221252 -0.016575195 0.018857988 0.993589878
1403636715.113555 1.910154223 6.491596699 8.332676888 -0.102483712 -0.018198138 0.013267298 0.994479716
1403636715.163556 1.916894436 6.477142334 8.312424660 -0.095301509 -0.018855618 0.010824041 0.995210946
1403636715.213556 1.924222708 6.462958813 8.293111801 -0.090078093 -0.019163107 0.007743162 0.995720208
1403636715.263556 1.931063056 6.449065685 8.275303841 -0.085263312 -0.018142795 0.006712290 0.996170640
1403636715.313555 1.936742783 6.435502529 8.259271622 -0.081165008 -0.015955767 0.006969870 0.996548593
1403636715.363556 1.941585183 6.422360897 8.245040894 -0.078327775 -0.014210937 0.006594440 0.996804535
1403636715.413555 1.946264982 6.411103725 8.232543945 -0.075243264 -0.010300870 0.009750058 0.997064352
1403636715.463556 1.948306918 6.398744583 8.221610069 -0.073002040 -0.006529327 0.012540377 0.997231603
1403636715.513556 1.948561907 6.386582375 8.211916924 -0.070129670 -0.002759936 0.018127844 0.997369409
1403636715.563555 1.946884394 6.375529766 8.202869415 -0.067021474 0.000357395 0.025765926 0.997418761
1403636715.613555 1.940740943 6.366665840 8.193932533 -0.065838583 0.001159099 0.028763250 0.997415006
1403636715.663556 1.936287284 6.358819962 8.185673714 -0.066667669 0.005440699 0.027917834 0.997369766
1403636715.713556 1.931627989 6.352409840 8.177445412 -0.069044724 0.011607191 0.023311727 0.997273624
1403636715.763556 1.926715732 6.346906662 8.168897629 -0.071871087 0.016803110 0.018306235 0.997104347
1403636715.813555 1.922211051 6.342000484 8.159757614 -0.074591674 0.021414684 0.014068941 0.996884942
1403636715.863556 1.919373751 6.337348461 8.149936676 -0.076380558 0.025715886 0.011320814 0.996682823
1403636715.913555 1.913693547 6.332103252 8.139826775 -0.078675039 0.029361101 0.007724399 0.996437967
1403636715.963556 1.912934542 6.327370644 8.125923157 -0.080286585 0.032014873 0.006970336 0.996233284
1403636716.013556 1.912265420 6.322080612 8.109978676 -0.081425354 0.033289332 0.006832094 0.996100008
1403636716.063555 1.912182212 6.316927910 8.093371391 -0.082793541 0.032773875 0.007043963 0.996002853
1403636716.113555 1.914679170 6.311476231 8.073740959 -0.083371356 0.031628780 0.009502525 0.995971203
1403636716.163556 1.915979266 6.305765629 8.053160667 -0.084178589 0.026601229 0.011936002 0.996024072
1403636716.213556 1.917923808 6.299774647 8.030660629 -0.085045516 0.020148227 0.015023146 0.996060133
1403636716.263556 1.919337749 6.293903828 8.007369041 -0.086736217 0.016064290 0.016370455 0.995967329
1403636716.313555 1.919048548 6.288288593 7.983910561 -0.088228099 0.012253233 0.017662985 0.995868385
1403636716.363556 1.916929483 6.282928944 7.960703373 -0.089747623 0.009526315 0.018963559 0.995738506
1403636716.413555 1.903921247 6.279870510 7.942905426 -0.091116406 0.009684295 0.019590596 0.995600462
1403636716.463556 1.898155689 6.275227547 7.921474457 -0.092532463 0.008563156 0.019700859 0.995477974
1403636716.513556 1.890794039 6.271108627 7.900921822 -0.093900412 0.008920513 0.020036604 0.995340049
1403636716.563555 1.882198572 6.267048359 7.880934715 -0.094479144 0.009435283 0.017868204 0.995321810
1403636716.613555 1.874671340 6.261797905 7.858869553 -0.093501359 0.009196652 0.015998228 0.995448172
1403636716.663556 1.863723755 6.256990910 7.839081764 -0.090616301 0.009584436 0.014283281 0.995737433
1403636716.713556 1.851337075 6.252035618 7.819624424 -0.086403601 0.009364840 0.012147525 0.996142209
1403636716.763556 1.837604284 6.246997833 7.800377369 -0.081118196 0.009813691 0.010613200 0.996599734
1403636716.813555 1.823047280 6.242021561 7.780920506 -0.074228093 0.009632580 0.008472675 0.997158825
1403636716.863556 1.808718920 6.236802578 7.761370659 -0.066240147 0.009069424 0.006277205 0.997742832
1403636716.913555 1.793226123 6.235638618 7.743664265 -0.056717671 0.008867645 0.003426504 0.998345077
1403636716.963556 1.781475782 6.230082512 7.722712040 -0.046247177 0.007270569 -0.001003213 0.998903155
1403636717.013556 1.771511436 6.224713802 7.701397896 -0.035282511 0.007297411 -0.005098969 0.999337852
1403636717.063555 1.762856483 6.219345093 7.679359436 -0.024103547 0.006146626 -0.009738376 0.999643207
1403636717.113555 1.755511999 6.212377071 7.655721188 -0.013285041 0.005782529 -0.014251903 0.999793530
1403636717.163556 1.750066400 6.206799984 7.632558346 -0.004854789 0.005315651 -0.018878149 0.999795973
1403636717.213556 1.745395899 6.201467037 7.609421253 0.002639282 0.004780950 -0.022896312 0.999723017
1403636717.263556 1.740819693 6.196501732 7.585907936 0.008058393 0.004496641 -0.028347058 0.999555588
1403636717.313555 1.736221075 6.191653728 7.562217712 0.011640615 0.003794680 -0.035030454 0.999311328
1403636717.363556 1.731913328 6.186506271 7.538278580 0.013607333 0.004278641 -0.042962831 0.998974919
1403636717.413555 1.732026219 6.182768345 7.514863491 0.015412528 0.004792855 -0.049766798 0.998630524
1403636717.463556 1.726438165 6.176196098 7.491168499 0.016920932 0.005154551 -0.053801987 0.998394966
1403636717.513556 1.719106674 6.168358326 7.467969894 0.018377088 0.004840501 -0.055041976 0.998303235
1403636717.563555 1.710481167 6.159247398 7.445174217 0.020400129 0.005329842 -0.053366289 0.998352408
1403636717.613555 1.697551847 6.151265621 7.421826363 0.022441054 0.004830733 -0.050050832 0.998482943
1403636717.663556 1.684698820 6.140977859 7.399899483 0.023199212 0.005648181 -0.048470207 0.998539269
1403636717.713556 1.670276284 6.129739761 7.378464699 0.023730418 0.006384470 -0.046761837 0.998603821
1403636717.763556 1.654748797 6.117542267 7.357276917 0.023478478 0.005897280 -0.049978498 0.998456955
1403636717.813555 1.639169574 6.104204655 7.335931301 0.025118090 0.005507819 -0.051727075 0.998330235
1403636717.863556 1.624551177 6.089111328 7.314144135 0.028034627 0.004896909 -0.054911964 0.998085678
1403636717.913555 1.623286963 6.071783543 7.291700363 0.032438692 0.004120614 -0.058170255 0.997771025
1403636717.963556 1.612352133 6.053606510 7.268522739 0.037677184 0.004298166 -0.061896294 0.997361958
1403636718.013556 1.602901936 6.033297062 7.244411945 0.044987116 0.004316692 -0.064742349 0.996878147
1403636718.063555 1.595453024 6.011598587 7.219558239 0.053305436 0.003786500 -0.066992767 0.996321321
1403636718.113555 1.586346745 5.989006996 7.193598270 0.063980207 0.003706295 -0.066602774 0.995719314
1403636718.163556 1.579348445 5.964710236 7.168151855 0.074744679 0.002802062 -0.066072389 0.995007515
1403636718.213556 1.571539283 5.940016270 7.143002033 0.084478676 0.002180570 -0.065513104 0.994266927
1403636718.263556 1.561608315 5.915314198 7.117991447 0.092928477 0.001141795 -0.065226376 0.993533373
1403636718.313555 1.549578547 5.890181541 7.093428135 0.100816563 -0.000035920 -0.064391539 0.992819130
1403636718.363556 1.532820463 5.864443302 7.064689636 0.108630955 -0.000670561 -0.065177634 0.991942883
1403636718.413555 1.517716527 5.838554859 7.041614056 0.116748527 -0.002170767 -0.065493353 0.990997314
1403636718.463556 1.501504660 5.812378407 7.019180298 0.125567466 -0.002915989 -0.064765528 0.989964485
1403636718.513556 1.484228730 5.786314964 6.997501373 0.134267792 -0.003172064 -0.065656319 0.988762498
1403636718.563555 1.465756536 5.760231495 6.976065636 0.142341286 -0.003914724 -0.064783886 0.987687469
1403636718.613555 1.446858406 5.734553337 6.955672264 0.149643317 -0.005229622 -0.063562363 0.986680925
1403636718.663556 1.427447915 5.709509373 6.936128616 0.156928763 -0.006771663 -0.060095135 0.985756576
1403636718.713556 1.407302260 5.685490131 6.917802334 0.163062960 -0.008728688 -0.058040228 0.984868348
1403636718.763556 1.386917233 5.662755013 6.900555134 0.167789608 -0.008738448 -0.058080342 0.984071612
1403636718.813555 1.355927825 5.645877361 6.882175446 0.170585647 -0.008519230 -0.062444285 0.983325243
1403636718.863556 1.335934401 5.625329494 6.866351604 0.171496809 -0.007736417 -0.068923034 0.982740283
1403636718.913555 1.317505717 5.605464935 6.850565910 0.172072679 -0.006356852 -0.074431129 0.982247651
1403636718.963556 1.300774932 5.586188316 6.834384918 0.172131285 -0.004553576 -0.079568274 0.981844604
1403636719.013556 1.287870407 5.568927765 6.818072319 0.172514096 -0.003278301 -0.083344698 0.981469095
1403636719.063555 1.276048899 5.550159931 6.800796986 0.173117727 -0.001133736 -0.085057408 0.981220663
1403636719.113555 1.266152143 5.531294346 6.782872200 0.173341557 0.001536990 -0.086406484 0.981062770
1403636719.163556 1.258205533 5.511935234 6.764720440 0.173917785 0.004820808 -0.085940361 0.980991006
1403636719.213556 1.251315951 5.492545605 6.745863438 0.174192652 0.007969202 -0.084947817 0.981008172
1403636719.263556 1.243605137 5.473451138 6.726786613 0.174181119 0.011137052 -0.083960421 0.981064379
1403636719.313555 1.224647641 5.454852104 6.704788685 0.174628332 0.013754325 -0.080877557 0.981210649
1403636719.363556 1.213212848 5.436705589 6.685483456 0.174411654 0.016161183 -0.079706267 0.981308341
1403636719.413555 1.199614644 5.418719769 6.666427612 0.174251765 0.017382689 -0.078163281 0.981439948
1403636719.463556 1.184292316 5.401380539 6.647643089 0.173933312 0.018012950 -0.076451674 0.981619895
1403636719.513556 1.169430971 5.385909557 6.627531528 0.173501253 0.017856292 -0.075177476 0.981797636
1403636719.563555 1.151401877 5.370308876 6.608146667 0.172522828 0.014926371 -0.074856415 0.982043445
1403636719.613555 1.133460045 5.355234146 6.587923527 0.172096878 0.012016359 -0.072986148 0.982298791
1403636719.663556 1.117350101 5.340560913 6.567109585 0.170443028 0.008465545 -0.073443517 0.982590079
1403636719.713556 1.103081703 5.326300621 6.545008183 0.168876588 0.004894956 -0.073041119 0.982914746
1403636719.763556 1.090543151 5.312547207 6.521649837 0.167249605 0.002436150 -0.072455384 0.983245432
1403636719.813555 1.077319503 5.297107220 6.496613026 0.165512830 0.000466695 -0.071912326 0.983582079
1403636719.863556 1.068967581 5.284000397 6.472344398 0.164127082 -0.000126145 -0.071010061 0.983879924
1403636719.913555 1.061744452 5.271450520 6.447808266 0.162826374 -0.000804019 -0.070047580 0.984164655
1403636719.963556 1.054100513 5.259210587 6.423562050 0.161709338 -0.002573736 -0.069386341 0.984392643
1403636720.013556 1.046464443 5.248168945 6.398688793 0.160140425 -0.002867894 -0.069690891 0.984626710
1403636720.063555 1.037090540 5.236925602 6.375920296 0.159721747 -0.003561869 -0.069109388 0.984733462
1403636720.113555 1.026512623 5.225897312 6.354253769 0.158972904 -0.003894061 -0.069420032 0.984831572
1403636720.163556 1.014035940 5.215455055 6.333518505 0.158486560 -0.005030387 -0.069482841 0.984900355
1403636720.213556 1.000587344 5.205276012 6.313766956 0.158739060 -0.005310828 -0.068673596 0.984914958
1403636720.263556 0.986585259 5.195360184 6.294743061 0.158825651 -0.005132232 -0.068443477 0.984917998
1403636720.313555 0.974496722 5.186161995 6.276408672 0.159184366 -0.005073687 -0.067807950 0.984904289
1403636720.363556 0.959258139 5.177233696 6.259339333 0.159451604 -0.004986028 -0.068143338 0.984838367
1403636720.413555 0.943093300 5.168830395 6.242403984 0.160163820 -0.005068602 -0.067917213 0.984737992
1403636720.463556 0.927289128 5.160982132 6.226138592 0.161048606 -0.005692994 -0.067383163 0.984626949
1403636720.513556 0.911827266 5.152414799 6.208463192 0.161655545 -0.006310158 -0.067175820 0.984537899
1403636720.563555 0.898888350 5.145200253 6.191336155 0.162699372 -0.006436556 -0.066602260 0.984404087
1403636720.613555 0.887642741 5.138483524 6.174154282 0.162788004 -0.006966157 -0.068049386 0.984286845
1403636720.663556 0.878566563 5.132104874 6.156675339 0.163969815 -0.007088028 -0.067465246 0.984130025
1403636720.713556 0.871497035 5.126642704 6.138226032 0.163831547 -0.005550360 -0.067439422 0.984164655
1403636720.763556 0.866490424 5.121620178 6.120054722 0.162697256 -0.005985274 -0.066290259 0.984428346
1403636720.813555 0.867669523 5.119887829 6.104523182 0.159477547 -0.006373736 -0.065698408 0.984992325
1403636720.863556 0.864239037 5.116269588 6.087824345 0.154615641 -0.006282666 -0.065557525 0.985777140
1403636720.913555 0.859949827 5.113191605 6.071720600 0.148704335 -0.006150295 -0.063671701 0.986810505
1403636720.963556 0.854523778 5.110650063 6.056717873 0.142451555 -0.004926247 -0.061250284 0.987892449
1403636721.013556 0.846187592 5.107305050 6.042570591 0.137043446 -0.003535294 -0.057628442 0.988880873
1403636721.063555 0.837636948 5.105368614 6.029300213 0.130882293 -0.001567904 -0.054216232 0.989913046
1403636721.113555 0.827806413 5.104210854 6.016781807 0.123928010 -0.000445297 -0.050707459 0.990994573
1403636721.163556 0.817496240 5.103891850 6.004713535 0.115440167 0.002107097 -0.047994599 0.992151916
1403636721.213556 0.807522535 5.104165077 5.992509365 0.107491128 0.003543227 -0.044561051 0.993200541
1403636721.263556 0.799092710 5.104996204 5.979382992 0.100499451 0.006495470 -0.040957056 0.994072497
1403636721.313555 0.797590613 5.109379292 5.962775230 0.094232939 0.006437693 -0.038840279 0.994771302
1403636721.363556 0.792400539 5.111061096 5.948212147 0.087962158 0.006913013 -0.037230894 0.995403707
1403636721.413555 0.789216816 5.113039494 5.932656765 0.082714513 0.008022752 -0.036435239 0.995874584
1403636721.463556 0.786813200 5.115039349 5.916381359 0.078333810 0.007803132 -0.035178620 0.996275663
1403636721.513556 0.785016537 5.119162083 5.898299694 0.072946630 0.007235312 -0.034896001 0.996698797
1403636721.563555 0.782029688 5.122668266 5.881233692 0.067249693 0.006530314 -0.033741582 0.997143984
1403636721.613555 0.777719200 5.126411438 5.864585876 0.061184455 0.005824592 -0.033488009 0.997547448
1403636721.663556 0.771873713 5.130194187 5.848522663 0.056183916 0.004748428 -0.033083916 0.997860789
1403636721.713556 0.764887154 5.133859634 5.832793236 0.052282788 0.005685834 -0.033103768 0.998067200
1403636721.763556 0.756446838 5.137505531 5.817663670 0.048679344 0.005286623 -0.034221862 0.998213947
1403636721.813555 0.748516142 5.139922619 5.809025764 0.046624266 0.005572327 -0.033773486 0.998325646
1403636721.863556 0.737520814 5.143583775 5.794524193 0.045601752 0.006183300 -0.032824520 0.998400867
1403636721.913555 0.726034164 5.146863937 5.780909061 0.044771191 0.006359698 -0.032925319 0.998434067
1403636721.963556 0.714312792 5.150227547 5.767089844 0.043735549 0.006714420 -0.035742838 0.998380780
1403636722.013556 0.700480580 5.153856277 5.751293659 0.042563774 0.007022161 -0.039150525 0.998301446
1403636722.063555 0.690509260 5.156609058 5.736150742 0.041925922 0.007226603 -0.042321082 0.998197615
1403636722.113555 0.682301760 5.158726215 5.720200539 0.042584393 0.006992777 -0.043251980 0.998131514
1403636722.163556 0.675625205 5.160202503 5.703422546 0.043815408 0.006461465 -0.042027127 0.998134136
1403636722.213556 0.671047330 5.161277294 5.685818195 0.045112941 0.006146527 -0.041087408 0.998117447
1403636722.263556 0.667690456 5.161828041 5.667870998 0.046512902 0.005410190 -0.039825823 0.998108566
1403636722.313555 0.671723723 5.160698414 5.652113438 0.048115514 0.005160864 -0.038319979 0.998093009
1403636722.363556 0.667475939 5.160917759 5.634361267 0.048526336 0.004679782 -0.037710320 0.998098671
1403636722.413555 0.662263393 5.161369324 5.617002010 0.047181398 0.004449646 -0.037501249 0.998172104
1403636722.463556 0.655600429 5.162080765 5.599992275 0.044850793 0.005074556 -0.036867399 0.998300135
1403636722.513556 0.644837439 5.162537575 5.582418442 0.042684808 0.005302193 -0.035486724 0.998443961
1403636722.563555 0.635413945 5.163073063 5.565717697 0.040422693 0.005233309 -0.034809943 0.998562276
1403636722.613555 0.625472605 5.163340092 5.549232960 0.038190018 0.005286622 -0.035697885 0.998618543
1403636722.663556 0.614946365 5.163426876 5.532998562 0.036308818 0.004998128 -0.035773028 0.998687506
1403636722.713556 0.604272068 5.163293362 5.516941547 0.034702178 0.005540631 -0.036086481 0.998730481
1403636722.763556 0.593159258 5.162827015 5.501053333 0.033064254 0.005196134 -0.037066266 0.998751998
1403636722.813555 0.593958318 5.159709454 5.484833241 0.031986315 0.003962706 -0.037755173 0.998766899
1403636722.863556 0.585859179 5.157984734 5.467569351 0.030998420 0.004102473 -0.038533691 0.998767734
1403636722.913555 0.578897715 5.155666351 5.449760914 0.030919785 0.003791795 -0.037424415 0.998813570
1403636722.963556 0.573651612 5.152789593 5.431061268 0.031259499 0.003241239 -0.036272470 0.998847425
1403636723.013556 0.567798018 5.151393890 5.409554958 0.032109890 0.003721955 -0.034365665 0.998886228
1403636723.063555 0.564570844 5.148226738 5.389608860 0.033072647 0.004650464 -0.032083705 0.998926818
1403636723.113555 0.561965048 5.144888878 5.369897366 0.033525672 0.005053021 -0.031089788 0.998941183
1403636723.163556 0.559774518 5.141392231 5.350831032 0.033471797 0.005475353 -0.030790972 0.998950064
1403636723.213556 0.557017982 5.138147831 5.332329273 0.033429828 0.005514223 -0.030225255 0.998968482
1403636723.263556 0.552032530 5.134981155 5.314047813 0.032789636 0.004805139 -0.031422447 0.998956442
1403636723.313555 0.560082257 5.129827976 5.290859699 0.031460278 0.004172912 -0.033633891 0.998930097
1403636723.363556 0.554471970 5.126226902 5.273926735 0.029372951 0.004353403 -0.034040309 0.998979092
1403636723.413555 0.547419250 5.123121738 5.256835461 0.025273535 0.005188783 -0.035117336 0.999049962
1403636723.463556 0.540701091 5.119869709 5.239688873 0.019872738 0.007456029 -0.036198050 0.999119043
1403636723.513556 0.528513193 5.117689610 5.221024036 0.014487658 0.011677813 -0.034219135 0.999240935
1403636723.563555 0.522616982 5.113513947 5.204162121 0.010153024 0.018291509 -0.029925456 0.999333024
1403636723.613555 0.518052101 5.108876228 5.186072826 0.006223152 0.024905369 -0.026019586 0.999331653
1403636723.663556 0.514427066 5.103967190 5.166925430 0.002206277 0.026226038 -0.023108497 0.999386311
1403636723.713556 0.511817038 5.098340034 5.147017002 -0.001703111 0.022769788 -0.021675332 0.999504149
1403636723.763556 0.509694517 5.092362404 5.125300407 -0.005594877 0.018378090 -0.019871421 0.999617815
1403636723.813555 0.511024892 5.085131645 5.098509789 -0.008418753 0.012901129 -0.017069694 0.999735475
1403636723.863556 0.507742286 5.078386784 5.076438904 -0.010934423 0.009408785 -0.015162408 0.999780834
1403636723.913555 0.503161252 5.071664333 5.054737091 -0.013044891 0.005877631 -0.013202657 0.999810338
1403636723.963556 0.496911228 5.065022945 5.033289909 -0.015017555 0.001574717 -0.011242837 0.999822617
1403636724.013556 0.489147902 5.059027672 5.013411522 -0.018300502 -0.002643178 -0.010264273 0.999776185
1403636724.063555 0.481056750 5.053220749 4.993863583 -0.022702083 -0.006015099 -0.008500249 0.999687910
1403636724.113555 0.471660912 5.047962666 4.975021362 -0.028565444 -0.009633272 -0.006732001 0.999522746
1403636724.163556 0.462089866 5.043098450 4.956853867 -0.035593927 -0.009626138 -0.005351875 0.999305487
1403636724.213556 0.451367557 5.038633347 4.939745426 -0.042883344 -0.010712048 -0.001869665 0.999020755
1403636724.263556 0.419794887 5.039839268 4.935270786 -0.051385432 -0.008803719 0.000950997 0.998639524
1403636724.313555 0.408408433 5.035937309 4.919901848 -0.060740121 -0.007382136 0.003022682 0.998121679
1403636724.363556 0.397028297 5.032320976 4.905354977 -0.070064649 -0.005041200 0.005825874 0.997512579
1403636724.413555 0.386563301 5.028639317 4.889935970 -0.079516321 -0.001746852 0.008291165 0.996797502
1403636724.463556 0.381688088 5.023941040 4.875321865 -0.087273903 0.000437881 0.010986285 0.996123612
1403636724.513556 0.375974804 5.019283295 4.859732628 -0.094393112 0.003348758 0.011939852 0.995457649
1403636724.563555 0.370970726 5.014186382 4.843517780 -0.099966049 0.005811415 0.013493658 0.994882345
1403636724.613555 0.367596507 5.008843899 4.827442169 -0.104856327 0.006358592 0.014729103 0.994357944
1403636724.663556 0.366675526 5.003010750 4.810789585 -0.108441755 0.007188976 0.015649818 0.993953526
1403636724.713556 0.367361486 4.996556759 4.793811321 -0.111158766 0.007216522 0.016846037 0.993633568
1403636724.763556 0.366402894 4.992495060 4.786223888 -0.113094330 0.007289089 0.017862728 0.993396819
1403636724.813555 0.370876700 4.984966755 4.768426895 -0.114252768 0.006453313 0.018557141 0.993257284
1403636724.863556 0.376935214 4.977005482 4.750316143 -0.114489041 0.005510889 0.019673927 0.993214250
1403636724.913555 0.384815067 4.969027519 4.731967449 -0.113717481 0.004875317 0.021580961 0.993266642
1403636724.963556 0.395714670 4.960348606 4.711605549 -0.112430617 0.004143735 0.023945143 0.993362248
1403636725.013556 0.407573014 4.951719284 4.692296028 -0.110572696 0.004159509 0.026528684 0.993505061
1403636725.063555 0.421577573 4.943211555 4.672407150 -0.108980022 0.004754501 0.028524829 0.993623078
1403636725.113555 0.436963201 4.935078621 4.652265072 -0.107479222 0.004479485 0.030069167 0.993742287
1403636725.163556 0.453290135 4.927474499 4.632371902 -0.106144696 0.003598423 0.031645525 0.993840337
1403636725.213556 0.469406515 4.920778751 4.612827301 -0.105830252 0.003670543 0.030776128 0.993900955
1403636725.263556 0.485592663 4.913417816 4.600354671 -0.105053172 0.003244596 0.030889658 0.993981361
1403636725.313555 0.499519318 4.907614231 4.582284927 -0.105717123 0.002551207 0.028723806 0.993977964
1403636725.363556 0.512116969 4.902630329 4.565030098 -0.105850145 0.002323718 0.027526919 0.993998230
1403636725.413555 0.523428619 4.898056507 4.548718452 -0.106358200 0.002527676 0.025621828 0.993994415
1403636725.463556 0.533828855 4.893732071 4.531518459 -0.106547810 0.002495563 0.024779659 0.993995547
1403636725.513556 0.542487562 4.889780998 4.516131401 -0.107039981 0.002292629 0.023190310 0.993981481
1403636725.563555 0.549529791 4.886077404 4.501462460 -0.107596412 0.001499190 0.022480689 0.993939221
1403636725.613555 0.555441856 4.882555962 4.487576008 -0.108195119 0.001577151 0.021076279 0.993904889
1403636725.663556 0.560230196 4.879080296 4.474757671 -0.108342610 0.003282180 0.020883340 0.993888736
1403636725.713556 0.563625574 4.875494957 4.462915897 -0.108335510 0.003653107 0.021401199 0.993877172
1403636725.763556 0.562899351 4.866953373 4.451058865 -0.108572461 0.003325111 0.021372864 0.993853033
1403636725.813555 0.563760519 4.863259315 4.440955162 -0.108461976 0.003702898 0.021068266 0.993870258
1403636725.863556 0.563270092 4.859730721 4.431700230 -0.107909225 0.002194612 0.021773165 0.993919730
1403636725.913555 0.562067986 4.856133938 4.423246861 -0.106844589 0.002483043 0.023621196 0.993991852
1403636725.963556 0.560711622 4.853785992 4.414532661 -0.106128432 0.001860457 0.024081733 0.994058847
1403636726.013556 0.558071077 4.850914478 4.407217979 -0.105410181 0.002798272 0.024661554 0.994118869
1403636726.063555 0.554579854 4.848293304 4.400762558 -0.105102323 0.003059607 0.023652006 0.994175255
1403636726.113555 0.550092638 4.845871925 4.394956589 -0.105057761 0.003294609 0.022369094 0.994208872
1403636726.163556 0.544734657 4.843472004 4.389812946 -0.104826286 0.005090809 0.021222018 0.994250894
1403636726.213556 0.537893951 4.840989590 4.385309219 -0.104328826 0.005781530 0.020727972 0.994309902
1403636726.263556 0.517911196 4.834886074 4.365275860 -0.104222849 0.006527221 0.019467698 0.994341910
1403636726.313555 0.511250436 4.832139492 4.360764503 -0.103476852 0.006914694 0.019207416 0.994422257
1403636726.363556 0.506118000 4.829084873 4.355847359 -0.103183739 0.008060196 0.018128894 0.994464338
1403636726.413555 0.503531694 4.826086998 4.350961208 -0.102393501 0.008564265 0.017692277 0.994549632
1403636726.463556 0.507024825 4.823960304 4.347062588 -0.101282500 0.009320201 0.018024584 0.994650602
1403636726.513556 0.509430885 4.820843697 4.342522621 -0.099766165 0.009849142 0.020195318 0.994757116
1403636726.563555 0.513676882 4.817650795 4.337535858 -0.096616507 0.011540085 0.026496813 0.994901896
1403636726.613555 0.518834412 4.814718723 4.331855297 -0.092955932 0.013048220 0.034661174 0.994981110
1403636726.663556 0.525188208 4.812642574 4.325664997 -0.089745641 0.016013380 0.041543704 0.994968951
1403636726.713556 0.531509399 4.811593056 4.316936016 -0.089243673 0.016054442 0.042287800 0.994982064
1403636726.763556 0.545007348 4.806160927 4.284181595 -0.090528697 0.015803810 0.038565967 0.995021224
1403636726.813555 0.552599967 4.806577206 4.269744873 -0.092030227 0.015672136 0.032848433 0.995090783
1403636726.863556 0.562159538 4.807460785 4.254558563 -0.092183977 0.015763907 0.026408121 0.995266795
1403636726.913555 0.573553562 4.808720112 4.239752293 -0.091759235 0.015288942 0.021351691 0.995434761
1403636726.963556 0.596158385 4.815147877 4.235892773 -0.090820074 0.014630607 0.017784620 0.995600879
1403636727.013556 0.611478388 4.817719936 4.221857071 -0.089737542 0.014600338 0.015903480 0.995731294
1403636727.063555 0.626794398 4.820219517 4.207252502 -0.089344762 0.014590954 0.013228172 0.995805919
1403636727.113555 0.640914559 4.822494507 4.192452908 -0.088882402 0.013855916 0.010819309 0.995886862
1403636727.163556 0.653102815 4.824491024 4.177082539 -0.089071557 0.012701047 0.007714637 0.995914280
1403636727.213556 0.662618101 4.824361801 4.159380913 -0.089392990 0.011809503 0.004771287 0.995914876
1403636727.263556 0.673072755 4.822167873 4.124021053 -0.089814566 0.011271355 0.002058926 0.995892286
1403636727.313555 0.679909408 4.821301460 4.107197762 -0.090614058 0.010445641 -0.000820352 0.995830715
1403636727.363556 0.685511589 4.819466114 4.090047359 -0.090775497 0.008634016 -0.001731896 0.995832145
1403636727.413555 0.691074908 4.817069054 4.073196411 -0.091020532 0.008388985 -0.002783758 0.995809495
1403636727.463556 0.697021663 4.817599297 4.063510895 -0.091281235 0.008339383 -0.003901806 0.995782316
1403636727.513556 0.702031732 4.814281464 4.048241138 -0.090572394 0.010052947 -0.002073284 0.995836675
1403636727.563555 0.707740664 4.810039520 4.032467842 -0.089318238 0.011748002 0.001439246 0.995932460
1403636727.613555 0.714525521 4.805037975 4.015592098 -0.088945679 0.013369448 0.002505532 0.995943308
1403636727.663556 0.722145677 4.799213409 3.998064995 -0.088159859 0.013837999 0.004643819 0.995999098
1403636727.713556 0.731774986 4.793138981 3.980046034 -0.088478282 0.012261650 0.004403708 0.995992601
1403636727.763556 0.748499632 4.786796093 3.959969521 -0.088750906 0.011252397 0.003372186 0.995984316
1403636727.813555 0.761479318 4.779394150 3.940169811 -0.089104936 0.010547495 0.001890010 0.995964348
1403636727.863556 0.776309550 4.771442890 3.919092894 -0.091246173 0.009304725 -0.002938898 0.995780289
1403636727.913555 0.790851295 4.762645245 3.897773981 -0.093068726 0.009027918 -0.007455227 0.995590568
1403636727.963556 0.803327024 4.753177166 3.878355742 -0.093553752 0.008887680 -0.008634618 0.995536864
1403636728.013556 0.814669907 4.742545128 3.858195543 -0.093274660 0.008648209 -0.007236991 0.995576322
1403636728.063555 0.824523032 4.731025696 3.838513613 -0.092763059 0.008573304 -0.005391476 0.995636404
1403636728.113555 0.832999706 4.718778133 3.819116592 -0.091576323 0.010394200 -0.001932687 0.995741665
1403636728.163556 0.840168476 4.706104755 3.799943924 -0.091392256 0.011654223 -0.000212236 0.995746493
1403636728.213556 0.846589267 4.692228794 3.793087721 -0.090822436 0.012642776 0.001556462 0.995785356
1403636728.263556 0.850911140 4.678680420 3.774618149 -0.090534538 0.013353126 0.002746286 0.995799720
1403636728.313555 0.853667378 4.664690971 3.756409407 -0.090127356 0.013242143 0.004342237 0.995832443
1403636728.363556 0.854965925 4.650443554 3.738615513 -0.090459533 0.012840522 0.004133443 0.995808482
1403636728.413555 0.855174363 4.635382652 3.719562531 -0.088945240 0.012550284 0.008098858 0.995924234
1403636728.463556 0.853525758 4.620450974 3.701881647 -0.086894937 0.013397383 0.014301250 0.996024489
1403636728.513556 0.848305404 4.605185986 3.700332642 -0.084578134 0.013538666 0.021588378 0.996090770
1403636728.563555 0.843955100 4.591131687 3.682535648 -0.082644582 0.013221368 0.025007129 0.996177316
1403636728.613555 0.838965714 4.577811718 3.664861202 -0.080216058 0.013752982 0.026625780 0.996326685
1403636728.663556 0.833828330 4.565291882 3.646765471 -0.078499474 0.012699481 0.021906994 0.996592283
1403636728.713556 0.829210460 4.553245068 3.627488613 -0.075679675 0.012499394 0.015276939 0.996936619
1403636728.763556 0.826725245 4.541259289 3.607771635 -0.071012840 0.011783203 0.008759448 0.997367144
1403636728.813555 0.825865626 4.529230595 3.587280512 -0.065278925 0.010922828 0.001825548 0.997805417
1403636728.863556 0.826513767 4.516841888 3.565692186 -0.059127983 0.010624684 -0.003403432 0.998187840
1403636728.913555 0.827789187 4.504281521 3.543631077 -0.053162705 0.011652633 -0.008288440 0.998483300
1403636728.963556 0.824172318 4.486939907 3.548676729 -0.048152525 0.012643112 -0.011239411 0.998696506
1403636729.013556 0.823943615 4.473761559 3.527032852 -0.043004032 0.013825834 -0.013794150 0.998883784
1403636729.063555 0.822500587 4.460515022 3.505897522 -0.038745336 0.015319344 -0.016480096 0.998995602
1403636729.113555 0.819529593 4.446949005 3.485250473 -0.034689732 0.016208194 -0.017912654 0.999105871
1403636729.163556 0.812952638 4.433953285 3.464042425 -0.031903651 0.016031463 -0.019606227 0.999169827
1403636729.213556 0.806182921 4.420108318 3.442962646 -0.029306537 0.013791656 -0.019917021 0.999276638
1403636729.263556 0.798392594 4.405755520 3.422055721 -0.026413649 0.012678746 -0.018500924 0.999399245
1403636729.313555 0.789604604 4.391278744 3.401054859 -0.024977392 0.012294506 -0.019016229 0.999431312
1403636729.363556 0.780059814 4.376564980 3.379963398 -0.023549832 0.012296183 -0.018412072 0.999477267
1403636729.413555 0.765566528 4.356234550 3.360563517 -0.023488929 0.013283717 -0.019040737 0.999454498
1403636729.463556 0.756948352 4.341276646 3.338249683 -0.022982575 0.013459019 -0.019227488 0.999460340
1403636729.513556 0.749387681 4.325798035 3.314684391 -0.022378676 0.013392212 -0.019076139 0.999477863
1403636729.563555 0.742921233 4.310194969 3.290506124 -0.021872001 0.012800530 -0.018579816 0.999506176
1403636729.613555 0.738310277 4.293120861 3.264384270 -0.021646636 0.012026803 -0.018605815 0.999520183
1403636729.663556 0.735177279 4.276996136 3.237959623 -0.021538289 0.011424517 -0.018272270 0.999535739
1403636729.713556 0.732637763 4.260835171 3.211298943 -0.020968216 0.011676351 -0.016947011 0.999568284
1403636729.763556 0.730427921 4.244629383 3.184847832 -0.021484252 0.009738345 -0.017288530 0.999572217
1403636729.813555 0.727494240 4.228405476 3.158538818 -0.021769397 0.007627850 -0.016589856 0.999596238
1403636729.863556 0.723295808 4.212323189 3.132509708 -0.022298133 0.004931742 -0.016954402 0.999595404
1403636729.913555 0.724810243 4.195010662 3.116710663 -0.022126196 0.003200859 -0.014843931 0.999639750
1403636729.963556 0.718494594 4.179126263 3.092118502 -0.022597658 0.001446029 -0.015771797 0.999619126
1403636730.013556 0.711318493 4.162746906 3.068326712 -0.022451270 -0.000124053 -0.014738301 0.999639213
1403636730.063555 0.703616560 4.146176815 3.045372963 -0.022163808 -0.000980134 -0.014612473 0.999647021
1403636730.113555 0.691670299 4.128110886 3.021227598 -0.021758649 -0.001609005 -0.014742018 0.999653220
1403636730.163556 0.681352198 4.111214161 2.998882055 -0.021376643 -0.001331394 -0.013650602 0.999677360
1403636730.213556 0.670060813 4.094525814 2.977140427 -0.021584095 -0.002479067 -0.014456281 0.999659359
1403636730.263556 0.658207357 4.077919960 2.956122398 -0.021251803 -0.002492086 -0.014701198 0.999662876
1403636730.313555 0.645640135 4.061618328 2.935754776 -0.020352000 -0.001908412 -0.012817265 0.999708831
1403636730.363556 0.632378936 4.045648098 2.916105986 -0.019912129 -0.002360404 -0.012732298 0.999717772
1403636730.413555 0.619681776 4.031056881 2.897737265 -0.019910285 -0.003830442 -0.013588616 0.999702156
1403636730.463556 0.607562363 4.015504837 2.879495382 -0.019415781 -0.007438845 -0.013116148 0.999697804
1403636730.513556 0.597681344 4.000107765 2.860903978 -0.019749915 -0.011271607 -0.014285223 0.999639392
1403636730.563555 0.590122700 3.984372616 2.842349768 -0.019298069 -0.015474725 -0.013347208 0.999604940
1403636730.613555 0.584061265 3.966779709 2.824499130 -0.019037627 -0.018436348 -0.012888677 0.999565721
1403636730.663556 0.581766069 3.950824976 2.808338404 -0.018869722 -0.020028891 -0.012303591 0.999545574
1403636730.713556 0.583510935 3.934711933 2.792967319 -0.018461432 -0.021103181 -0.012120409 0.999533355
1403636730.763556 0.588259995 3.918399572 2.778599977 -0.018869797 -0.022376137 -0.012683994 0.999491096
1403636730.813555 0.594344258 3.902138710 2.764200449 -0.018685456 -0.022844035 -0.013057424 0.999479175
1403636730.863556 0.601293504 3.886025429 2.750289202 -0.018138025 -0.023619303 -0.010898336 0.999497116
1403636730.913555 0.596648574 3.876581907 2.730238199 -0.016990416 -0.023917228 -0.007328464 0.999542773
1403636730.963556 0.602952003 3.861094475 2.718659163 -0.015388304 -0.022597479 -0.002229871 0.999623775
1403636731.013556 0.608099222 3.846213579 2.708449125 -0.014002780 -0.021183059 0.003080618 0.999672830
1403636731.063555 0.612473726 3.832350731 2.699561119 -0.011913119 -0.015593337 0.009791380 0.999759555
1403636731.113555 0.618571341 3.818523884 2.692712545 -0.011034753 -0.008909596 0.013567495 0.999807417
1403636731.163556 0.622019410 3.807096004 2.686293602 -0.010770479 -0.003695182 0.015580701 0.999813855
1403636731.213556 0.624433637 3.797302961 2.680621862 -0.011919395 0.000133577 0.013901226 0.999832332
1403636731.263556 0.625865161 3.789157152 2.675302029 -0.013777467 0.003498238 0.009946150 0.999849558
1403636731.313555 0.625906467 3.782298803 2.670308590 -0.016200963 0.005275254 0.004863524 0.999843061
1403636731.363556 0.631537914 3.770419598 2.670880556 -0.018087860 0.005743489 0.000912635 0.999819577
1403636731.413555 0.616067052 3.775144577 2.656456947 -0.019615039 0.005112394 -0.004077640 0.999786198
1403636731.463556 0.612185419 3.770490408 2.652360916 -0.020280469 0.005683288 -0.005597418 0.999762535
1403636731.513556 0.606891155 3.766098261 2.648207664 -0.019967480 0.004801199 -0.004447304 0.999779224
1403636731.563555 0.600741386 3.761996508 2.643894434 -0.018255701 0.004311942 -0.000357838 0.999823987
1403636731.613555 0.594713867 3.758791447 2.639842033 -0.017264439 0.004602507 0.002658873 0.999836802
1403636731.663556 0.587228775 3.756194115 2.636044979 -0.016288705 0.004473106 0.005150791 0.999844015
1403636731.713556 0.579039693 3.754740477 2.632552147 -0.016672151 0.004667387 0.004657385 0.999839246
1403636731.763556 0.569916129 3.754121065 2.629099131 -0.017812427 0.004278489 0.001624521 0.999830842
1403636731.813555 0.559734046 3.754176855 2.625512362 -0.018439867 0.004298115 -0.000313619 0.999820650
1403636731.863556 0.548684657 3.754704475 2.622044802 -0.019133830 0.004047259 -0.002801087 0.999804795
1403636731.913555 0.533493876 3.756215334 2.627606630 -0.019104365 0.005153070 -0.004541728 0.999793828
1403636731.963556 0.520987332 3.757346869 2.624532938 -0.018963687 0.005936199 -0.004915934 0.999790370
1403636732.013556 0.507538855 3.758803129 2.621756315 -0.018803783 0.006178156 -0.005600540 0.999788284
1403636732.063555 0.493177682 3.760705233 2.619034290 -0.018787162 0.007713236 -0.006583626 0.999771953
1403636732.113555 0.477420956 3.763764143 2.616826057 -0.018351680 0.007879143 -0.006074626 0.999781966
1403636732.163556 0.460840136 3.766330481 2.614600420 -0.018233256 0.008003261 -0.007198759 0.999775708
1403636732.213556 0.444947809 3.768999338 2.611707926 -0.018083325 0.009586236 -0.007778265 0.999760151
1403636732.263556 0.430097878 3.771826267 2.607862473 -0.018294275 0.010402217 -0.009717844 0.999731183
1403636732.313555 0.416254580 3.774651766 2.602639914 -0.017450800 0.011362108 -0.008745066 0.999744773
1403636732.363556 0.403697729 3.777431250 2.596081495 -0.018260069 0.010836279 -0.011343976 0.999710083
1403636732.413555 0.403336078 3.775804043 2.605564117 -0.020075651 0.012221214 -0.015880233 0.999597490
1403636732.463556 0.395966202 3.778241873 2.596360207 -0.022423925 0.014626074 -0.023001440 0.999376714
1403636732.513556 0.390057474 3.779825687 2.585088968 -0.025160940 0.017479384 -0.031514954 0.999033511
1403636732.563555 0.384960592 3.780476570 2.573160887 -0.027007580 0.020442273 -0.037697580 0.998714805
1403636732.613555 0.378874451 3.777782202 2.557383537 -0.028526101 0.023555780 -0.042785175 0.998398960
1403636732.663556 0.374619931 3.774620056 2.541929007 -0.027814496 0.026121529 -0.042550497 0.998365223
1403636732.713556 0.371096820 3.770055056 2.525056601 -0.026026951 0.028111478 -0.038823612 0.998511255
1403636732.763556 0.368447334 3.764072418 2.506752729 -0.023894744 0.028431544 -0.034191813 0.998724818
1403636732.813555 0.367378622 3.757314444 2.487435102 -0.021645829 0.029422872 -0.029306667 0.998902678
1403636732.863556 0.366272330 3.750792742 2.468101263 -0.020740716 0.029661885 -0.027363170 0.998969972
1403636732.913555 0.373534858 3.739424706 2.462645292 -0.020195015 0.028095441 -0.026376495 0.999053001
1403636732.963556 0.368823111 3.731387377 2.442291975 -0.019474875 0.025954219 -0.025322113 0.999152482
1403636733.013556 0.362530768 3.722801685 2.421658278 -0.018929759 0.023075989 -0.024923490 0.999243557
1403636733.063555 0.356044352 3.713613987 2.401014090 -0.018733922 0.020296048 -0.024936393 0.999307275
1403636733.113555 0.347536772 3.700637102 2.376417398 -0.018464161 0.016430134 -0.024568167 0.999392509
1403636733.163556 0.338361323 3.691742182 2.346678734 -0.019297272 0.016456898 -0.027339915 0.999304235
1403636733.213556 0.345151395 3.675840855 2.330875397 -0.019192474 0.014723826 -0.027652813 0.999324679
1403636733.263556 0.344043374 3.663348913 2.305397511 -0.018955929 0.013963181 -0.028712772 0.999310195
1403636733.313555 0.343398482 3.650232553 2.278347492 -0.017921006 0.013349816 -0.027056459 0.999383926
1403636733.363556 0.343149304 3.636593342 2.250739574 -0.016807459 0.011188337 -0.025225099 0.999477684
1403636733.413555 0.344034553 3.621789932 2.223604202 -0.015656944 0.008675451 -0.023714745 0.999558330
1403636733.463556 0.346400350 3.607039452 2.195598125 -0.014740770 0.006941626 -0.021067835 0.999645114
1403636733.513556 0.349736601 3.591919661 2.167886257 -0.014391911 0.004860857 -0.020680012 0.999670565
1403636733.563555 0.352338552 3.576664925 2.140301466 -0.014036624 0.003361775 -0.019732399 0.999700904
1403636733.613555 0.361937940 3.558985472 2.112077236 -0.014130576 0.001753802 -0.020857928 0.999680877
1403636733.663556 0.362166852 3.543340445 2.085374832 -0.013560873 0.000561248 -0.019082308 0.999725640
1403636733.713556 0.361088425 3.527516127 2.059348822 -0.013407009 -0.000605813 -0.019323945 0.999722958
1403636733.763556 0.358957142 3.511590004 2.034363747 -0.013471229 -0.000907566 -0.020191139 0.999704838
1403636733.813555 0.355103374 3.496248245 2.010497570 -0.013209558 -0.002996916 -0.019684413 0.999714255
1403636733.863556 0.350158572 3.480378866 1.986882448 -0.013033064 -0.003873195 -0.019705785 0.999713123
1403636733.913555 0.344536841 3.464394569 1.963985920 -0.013487006 -0.002704127 -0.021290684 0.999678493
1403636733.963556 0.338217974 3.448300123 1.941658974 -0.014617724 -0.000511016 -0.024416221 0.999594629
1403636734.013556 0.331416875 3.431946993 1.920043111 -0.014988815 0.002785751 -0.025681136 0.999553740
1403636734.063555 0.323647946 3.415396214 1.898766160 -0.015427594 0.005310458 -0.025730878 0.999535561
1403636734.113555 0.319828451 3.401594639 1.876987457 -0.015493033 0.007395458 -0.024245987 0.999558389
1403636734.163556 0.312533259 3.384661436 1.855516315 -0.015664045 0.008111716 -0.023812994 0.999560654
1403636734.213556 0.306472689 3.366719961 1.833553672 -0.014903553 0.008372645 -0.022271231 0.999605596
1403636734.263556 0.302596301 3.348524332 1.810233116 -0.013802777 0.009056666 -0.021143988 0.999639869
1403636734.313555 0.298656315 3.330214739 1.788930535 -0.012885601 0.007885548 -0.019576268 0.999693990
1403636734.363556 0.296979576 3.311846018 1.765375257 -0.012204195 0.006495791 -0.018602680 0.999731183
1403636734.413555 0.297248334 3.293333054 1.741084218 -0.011228914 0.004970136 -0.017177248 0.999776781
1403636734.463556 0.298504353 3.274852037 1.716510892 -0.010679513 0.003086282 -0.017062828 0.999792397
1403636734.513556 0.299725503 3.256500244 1.692177892 -0.010015110 0.001533097 -0.016648605 0.999809861
1403636734.563555 0.300009459 3.238403082 1.668455720 -0.009551192 -0.000719312 -0.016495347 0.999817848
1403636734.613555 0.307572305 3.221378565 1.628470659 -0.008829032 -0.004369086 -0.016889675 0.999808908
1403636734.663556 0.305781633 3.203636646 1.605945587 -0.008806247 -0.006226833 -0.017840015 0.999782741
1403636734.713556 0.302664548 3.185962915 1.584217787 -0.008478375 -0.007026106 -0.018747365 0.999763727
1403636734.763556 0.298386306 3.168662786 1.563165903 -0.008200857 -0.006686374 -0.020131614 0.999741375
1403636734.813555 0.294156551 3.152070522 1.544097662 -0.007501566 -0.007862719 -0.020047583 0.999740064
1403636734.863556 0.287932426 3.135051489 1.525515914 -0.006795091 -0.008070554 -0.020148013 0.999741435
1403636734.913555 0.280752450 3.118133068 1.508096099 -0.006025119 -0.008402814 -0.019795489 0.999750614
1403636734.963556 0.272864163 3.101404428 1.491539836 -0.005575329 -0.008697434 -0.019209405 0.999762237
1403636735.013556 0.264398962 3.084831953 1.475857973 -0.005731363 -0.008588114 -0.020338682 0.999739885
1403636735.063555 0.255342305 3.068175077 1.460922718 -0.005348499 -0.008082360 -0.019663952 0.999759734
1403636735.113555 0.219937608 3.054710388 1.428501010 -0.005004378 -0.007246301 -0.018772019 0.999785125
1403636735.163556 0.211311713 3.038589954 1.413776755 -0.004619526 -0.007467071 -0.017520262 0.999808073
1403636735.213556 0.204314545 3.022437334 1.399226189 -0.004738112 -0.008479062 -0.016553998 0.999815881
1403636735.263556 0.199793592 3.006396532 1.384870648 -0.004741509 -0.009746229 -0.014949260 0.999829590
1403636735.313555 0.199972793 2.992365837 1.371896982 -0.004992879 -0.011158439 -0.013372086 0.999835968
1403636735.363556 0.202706352 2.976979017 1.358632922 -0.005602200 -0.012343378 -0.012103793 0.999834955
1403636735.413555 0.209349155 2.961711884 1.345099330 -0.006830803 -0.010952451 -0.011982354 0.999844968
1403636735.463556 0.217591181 2.946505547 1.330499291 -0.008016037 -0.010155977 -0.010489121 0.999861419
1403636735.513556 0.226999685 2.931511402 1.316019058 -0.010107887 -0.009307327 -0.010858642 0.999846756
1403636735.563555 0.238190949 2.916707516 1.301450133 -0.011995939 -0.007898526 -0.010880589 0.999837756
1403636735.613555 0.227222830 2.907067776 1.275875807 -0.013546901 -0.005465391 -0.010954977 0.999833465
1403636735.663556 0.237552509 2.892926693 1.261120915 -0.015515990 -0.005089209 -0.011152539 0.999804616
1403636735.713556 0.246267051 2.879247665 1.246592283 -0.016668897 -0.005936644 -0.010207294 0.999791443
1403636735.763556 0.254537046 2.865941763 1.234091878 -0.018259929 -0.006363998 -0.010908463 0.999753654
1403636735.813555 0.267301530 2.856623650 1.226297021 -0.018745424 -0.006091153 -0.009526935 0.999760509
1403636735.863556 0.274225146 2.844738722 1.216019511 -0.019384414 -0.005693115 -0.009711200 0.999748945
1403636735.913555 0.279993445 2.833206415 1.206583500 -0.019505396 -0.005374707 -0.009560598 0.999749780
1403636735.963556 0.284589410 2.821896553 1.197791457 -0.019983266 -0.005251951 -0.010195371 0.999734700
1403636736.013556 0.289015681 2.810350657 1.189135313 -0.018736791 -0.004518185 -0.011752694 0.999745309
1403636736.063555 0.293957204 2.798446894 1.180332065 -0.015952585 -0.004007471 -0.013628197 0.999772012
1403636736.113555 0.294812083 2.788759708 1.172021508 -0.011212864 -0.001219468 -0.014332330 0.999833703
1403636736.163556 0.302866876 2.776278257 1.162001967 -0.005445374 0.000607828 -0.016598163 0.999847293
1403636736.213556 0.311987281 2.763829231 1.151141644 0.000946266 0.002293317 -0.018495062 0.999825895
1403636736.263556 0.321644217 2.751556635 1.140047312 0.006819656 0.002929178 -0.020797668 0.999756217
1403636736.313555 0.330816448 2.740436554 1.127165318 0.011961692 0.003424988 -0.023340093 0.999650180
1403636736.363556 0.338467389 2.728921652 1.115959048 0.016235679 0.003578336 -0.026068671 0.999521971
1403636736.413555 0.344443351 2.717674732 1.105233788 0.020010209 0.003406248 -0.028178325 0.999396861
1403636736.463556 0.349179268 2.706817627 1.095180988 0.022108456 0.003734495 -0.033006508 0.999203622
1403636736.513556 0.352023095 2.695907354 1.085962415 0.023465056 0.004663912 -0.038397986 0.998976111
1403636736.563555 0.352986217 2.685088634 1.077397823 0.024581974 0.005320531 -0.043126177 0.998753071
1403636736.613555 0.372204393 2.676844120 1.080244184 0.025396679 0.005347081 -0.047027659 0.998556376
1403636736.663556 0.370928019 2.665543079 1.072033286 0.026543126 0.006192968 -0.048529390 0.998449802
1403636736.713556 0.368605554 2.653580666 1.064125061 0.027347350 0.006918238 -0.050067034 0.998347402
1403636736.763556 0.365460783 2.641101837 1.056601167 0.028043469 0.006165172 -0.050990455 0.998286307
1403636736.813555 0.356314361 2.625622511 1.045642257 0.028670775 0.007224387 -0.052093722 0.998204410
1403636736.863556 0.349710196 2.611281633 1.036781430 0.030081389 0.007702834 -0.050844338 0.998223722
1403636736.913555 0.342431068 2.596473932 1.027783394 0.030771278 0.006936710 -0.051869970 0.998155534
1403636736.963556 0.335371375 2.581352949 1.019231558 0.032568224 0.007089603 -0.049924292 0.998196661
1403636737.013556 0.327940047 2.565432549 1.010840297 0.035049047 0.006788923 -0.046594597 0.998275757
1403636737.063555 0.318904102 2.548996449 1.002087116 0.037582297 0.007101405 -0.043841764 0.998306036
1403636737.113555 0.339798123 2.525524855 1.007354498 0.040291365 0.005819947 -0.040433981 0.998352587
1403636737.163556 0.329849362 2.509038210 0.998869181 0.042109359 0.005483600 -0.039639566 0.998311341
1403636737.213556 0.320652962 2.492590189 0.990924835 0.043981854 0.005267912 -0.038733792 0.998267293
1403636737.263556 0.309091896 2.476159096 0.982084095 0.046186745 0.004380867 -0.036589425 0.998252988
1403636737.313555 0.292840242 2.456455231 0.971807301 0.046930172 0.002281733 -0.037643895 0.998186052
1403636737.363556 0.280878335 2.439601421 0.962505877 0.048467286 0.000465467 -0.036823329 0.998145759
1403636737.413555 0.270342261 2.423150301 0.951658010 0.049576677 -0.001612091 -0.037446845 0.998066843
1403636737.463556 0.261960506 2.407013178 0.940302551 0.050694194 -0.003845158 -0.037679557 0.997995853
1403636737.513556 0.256030202 2.391045809 0.928841352 0.051237814 -0.005537643 -0.039003760 0.997909248
1403636737.563555 0.249108076 2.375133991 0.921461821 0.052867752 -0.005984125 -0.038060695 0.997857928
1403636737.613555 0.247494072 2.359582186 0.910268545 0.054177400 -0.007076662 -0.035960689 0.997858465
1403636737.663556 0.246666610 2.344639540 0.898555517 0.055963289 -0.008581795 -0.032505207 0.997866631
1403636737.713556 0.249848589 2.330009937 0.887685597 0.057197206 -0.010183840 -0.029336238 0.997879803
1403636737.763556 0.244743779 2.314566851 0.873296916 0.058001500 -0.011025266 -0.027244410 0.997883737
1403636737.813555 0.248861417 2.300954819 0.861155033 0.058821216 -0.011071930 -0.024409596 0.997908652
1403636737.863556 0.255035192 2.288350582 0.848308325 0.059069496 -0.011066535 -0.022760393 0.997933030
1403636737.913555 0.263473660 2.276642084 0.835458457 0.059110913 -0.010993072 -0.022156777 0.997944951
1403636737.963556 0.274954975 2.265936136 0.822999477 0.059043605 -0.010497563 -0.021370079 0.997971416
1403636738.013556 0.288552314 2.256499052 0.810319424 0.058292985 -0.009909282 -0.021356599 0.998021841
1403636738.063555 0.315824360 2.237421751 0.821888149 0.056906343 -0.011669318 -0.022514215 0.998057365
1403636738.113555 0.332535595 2.229753733 0.811415195 0.055320591 -0.010034428 -0.025381254 0.998095512
1403636738.163556 0.348045766 2.222291708 0.801656425 0.054299429 -0.008683492 -0.026197771 0.998143196
1403636738.213556 0.362333626 2.215554953 0.794156969 0.053035602 -0.007419712 -0.027619958 0.998182952
1403636738.263556 0.375669807 2.208374500 0.780632794 0.051835876 -0.007235277 -0.027484596 0.998251081
1403636738.313555 0.387329519 2.202467680 0.772686243 0.050922111 -0.007292840 -0.028019985 0.998282790
1403636738.363556 0.397801280 2.197034121 0.766043186 0.049972616 -0.007606716 -0.027557204 0.998341322
1403636738.413555 0.407116711 2.191998720 0.760846257 0.049260154 -0.007960582 -0.027318517 0.998380482
1403636738.463556 0.415011585 2.187666655 0.757039905 0.047331799 -0.008345481 -0.027229361 0.998473048
1403636738.513556 0.421554208 2.184041977 0.754878461 0.044067901 -0.009401833 -0.025630314 0.998655438
1403636738.563555 0.417318404 2.175611496 0.756730735 0.038813870 -0.010503182 -0.023574926 0.998913169
1403636738.613555 0.420592278 2.173474789 0.757540107 0.033042226 -0.012134448 -0.020219475 0.999175727
1403636738.663556 0.422663629 2.172010422 0.759683967 0.025550351 -0.012281849 -0.016907040 0.999455094
1403636738.713556 0.423538685 2.171161652 0.762826681 0.017179156 -0.011454857 -0.012334022 0.999710739
1403636738.763556 0.425931096 2.170851231 0.764635563 0.007658115 -0.008352197 -0.007378886 0.999908566
1403636738.813555 0.424963713 2.171684265 0.768639684 -0.002418754 -0.005450435 -0.001388904 0.999981284
1403636738.863556 0.422793508 2.173677683 0.773352683 -0.012837763 -0.001832164 0.005345178 0.999901652
1403636738.913555 0.418913335 2.176589012 0.778421104 -0.024222951 0.000277144 0.011617451 0.999639094
1403636738.963556 0.413718373 2.180515766 0.784030497 -0.035608757 0.002097377 0.019326536 0.999176741
1403636739.013556 0.395504743 2.186443806 0.775237501 -0.047455832 0.004725773 0.027696120 0.998478055
1403636739.063555 0.387537688 2.193002701 0.781544626 -0.060104493 0.005683288 0.035310499 0.997551084
1403636739.113555 0.378826201 2.200985432 0.787979662 -0.074334964 0.006676983 0.039442431 0.996430576
1403636739.163556 0.368570566 2.210283518 0.794321716 -0.089457385 0.006361638 0.041060328 0.995123506
1403636739.213556 0.358978868 2.222885847 0.801771760 -0.104725286 0.007296429 0.043061119 0.993541598
1403636739.263556 0.347663224 2.235087156 0.808321774 -0.120588608 0.007205113 0.043580864 0.991719246
1403636739.313555 0.335638762 2.247853279 0.814818442 -0.136411175 0.007541788 0.043416139 0.989671707
1403636739.363556 0.314332873 2.258330345 0.801496685 -0.152146339 0.007755104 0.042599153 0.987409055
1403636739.413555 0.303384036 2.271349430 0.806593239 -0.166573450 0.007311481 0.043492034 0.985042274
1403636739.463556 0.294061393 2.284029007 0.810800672 -0.180445850 0.007269590 0.045123916 0.982522368
1403636739.513556 0.286396652 2.296241283 0.814383209 -0.192821354 0.006979179 0.049263746 0.979971528
1403636739.563555 0.280896902 2.308645010 0.814702094 -0.202948764 0.008707521 0.054853231 0.977612972
1403636739.613555 0.277382970 2.320082426 0.816732585 -0.211105138 0.009445406 0.060018208 0.975573301
1403636739.663556 0.275549889 2.331345797 0.818415344 -0.218515828 0.008507247 0.062611476 0.973785520
1403636739.713556 0.274661273 2.342259645 0.820084691 -0.224016964 0.009363800 0.064915292 0.972375870
1403636739.763556 0.273307264 2.353038311 0.822645545 -0.227361813 0.009944888 0.069419466 0.971281946
1403636739.813555 0.270602167 2.363756895 0.825797737 -0.229988754 0.010484881 0.071947865 0.970473468
1403636739.863556 0.256148070 2.369189978 0.811022341 -0.231950894 0.010705831 0.073998846 0.969849527
1403636739.913555 0.251416624 2.380459309 0.815398157 -0.233314663 0.010666218 0.074496292 0.969484746
1403636739.963556 0.245029986 2.391764879 0.819918394 -0.234330818 0.010743354 0.074152075 0.969265163
1403636740.013556 0.237743303 2.402645588 0.824240983 -0.234859094 0.009858615 0.073265441 0.969214141
1403636740.063555 0.231497094 2.417126894 0.831811428 -0.234988019 0.009022017 0.071649075 0.969311833
1403636740.113555 0.223031789 2.429389238 0.837773800 -0.235406741 0.008887000 0.068355799 0.969449341
1403636740.163556 0.213472158 2.441821098 0.843686342 -0.235937238 0.007951787 0.064267702 0.969608128
1403636740.213556 0.203091890 2.453930855 0.849747121 -0.236270607 0.007865678 0.059673041 0.969821274
1403636740.263556 0.191638425 2.465384245 0.855940700 -0.236299992 0.007205415 0.056040276 0.970035970
1403636740.313555 0.179469436 2.476006508 0.862021804 -0.234962240 0.008974143 0.056171194 0.970338523
1403636740.363556 0.166192994 2.485701323 0.856402755 -0.232366994 0.009876331 0.057787593 0.970859945
1403636740.413555 0.150783792 2.494203329 0.861643493 -0.230117589 0.011303095 0.060687535 0.971203089
1403636740.463556 0.134154409 2.502587557 0.867394686 -0.228203908 0.011210193 0.062730543 0.971525848
1403636740.513556 0.117463276 2.510579348 0.872400999 -0.226150453 0.013791504 0.064373627 0.971865296
1403636740.563555 0.104659945 2.521605492 0.881666541 -0.225042820 0.014358563 0.064136215 0.972129822
1403636740.613555 0.091178939 2.530102015 0.886401653 -0.223833472 0.014735221 0.063878953 0.972420275
1403636740.663556 0.079005711 2.538470507 0.890291154 -0.222297832 0.013863114 0.065486737 0.972678363
1403636740.713556 0.068086974 2.546753883 0.892938673 -0.221025527 0.011833999 0.066726193 0.972910881
1403636740.763556 0.058060531 2.555243731 0.894471705 -0.220260128 0.009063141 0.066007853 0.973163188
1403636740.813555 0.048043709 2.563750267 0.895424843 -0.219241515 0.008601343 0.066347167 0.973374248
1403636740.863556 0.031344831 2.570213795 0.898218930 -0.218445078 0.009667147 0.066228494 0.973551452
1403636740.913555 0.018454840 2.579065800 0.898869574 -0.218828380 0.010438024 0.062827013 0.973682880
1403636740.963556 0.004029918 2.587805510 0.899701357 -0.220108539 0.011581629 0.057836886 0.973690569
1403636741.013556 -0.012284039 2.596194744 0.900776565 -0.222302184 0.011236318 0.050437797 0.973607659
1403636741.063555 -0.027891800 2.605768919 0.903988540 -0.225534171 0.011754496 0.043962516 0.973172009
1403636741.113555 -0.047421977 2.613618135 0.906181991 -0.228275836 0.013016659 0.042242073 0.972592771
1403636741.163556 -0.069023065 2.620578766 0.908325374 -0.231632993 0.014907959 0.043709833 0.971706629
1403636741.213556 -0.092446499 2.626523733 0.910824358 -0.234360158 0.017103087 0.048573155 0.970785141
1403636741.263556 -0.117416248 2.631263733 0.913756371 -0.236052096 0.018726811 0.055213388 0.969989955
1403636741.313555 -0.143583730 2.634971619 0.916633248 -0.237077519 0.018828420 0.061004959 0.969390750
1403636741.363556 -0.166552335 2.639228582 0.926377237 -0.238346517 0.015801216 0.067465365 0.968705356
1403636741.413555 -0.191884488 2.641929865 0.927827716 -0.239827618 0.012462503 0.071732305 0.968081713
1403636741.463556 -0.215702027 2.644306660 0.928856075 -0.241310909 0.008372607 0.074705169 0.967532158
1403636741.513556 -0.238135010 2.647118092 0.929702640 -0.242540509 0.001280887 0.077435106 0.967045307
1403636741.563555 -0.260516673 2.648181200 0.929117799 -0.242128730 -0.001896358 0.082997985 0.966685951
1403636741.613555 -0.279728115 2.650948763 0.928236783 -0.243915915 -0.006126982 0.081391610 0.966355681
1403636741.663556 -0.296893179 2.654129267 0.927377880 -0.244420990 -0.007875578 0.081620991 0.966196001
1403636741.713556 -0.303797752 2.664177418 0.932062209 -0.244912833 -0.007872215 0.080775648 0.966142595
1403636741.763556 -0.315906495 2.668783188 0.931566417 -0.245362014 -0.005707517 0.078669511 0.966217637
1403636741.813555 -0.327000886 2.674189329 0.931645334 -0.245644718 -0.003597944 0.075927094 0.966375351
1403636741.863556 -0.338412434 2.680032253 0.932365060 -0.245987013 -0.001238887 0.072075903 0.966589093
1403636741.913555 -0.351286858 2.684970617 0.934496880 -0.246217206 -0.000468389 0.068058714 0.966822326
1403636741.963556 -0.365764260 2.690512180 0.937147558 -0.246633083 -0.000008535 0.062412508 0.967097402
1403636742.013556 -0.381759524 2.695901632 0.941045165 -0.246752590 -0.001968462 0.058048606 0.967336655
1403636742.063555 -0.398027420 2.700811625 0.945829511 -0.245506972 -0.004954110 0.056553066 0.967731416
1403636742.113555 -0.413519293 2.705152512 0.951283753 -0.243267313 -0.009628271 0.058124892 0.968168616
1403636742.163556 -0.427221656 2.709126472 0.957190692 -0.240716651 -0.012366758 0.061183803 0.968586445
1403636742.213556 -0.426262200 2.723776340 0.959670365 -0.238065585 -0.013790550 0.063532427 0.969070852
1403636742.263556 -0.435805798 2.728119612 0.966586292 -0.235167041 -0.013625966 0.067287162 0.969527304
1403636742.313555 -0.443460822 2.732575417 0.973056436 -0.233039737 -0.011081393 0.067858480 0.970033467
1403636742.363556 -0.449408412 2.736993551 0.979494393 -0.231714427 -0.006835515 0.068620540 0.970336497
1403636742.413555 -0.456314206 2.738969088 0.985078633 -0.230328068 -0.002407486 0.067737974 0.970749557
1403636742.463556 -0.459424347 2.743261814 0.991342366 -0.229361340 0.000606168 0.067573354 0.970992744
1403636742.513556 -0.461951733 2.747687817 0.997628868 -0.228590488 0.002755688 0.066726044 0.971229315
1403636742.563555 -0.475849867 2.747273684 1.009678841 -0.227990553 0.004250919 0.066286363 0.971395373
1403636742.613555 -0.476490140 2.752492189 1.016887665 -0.227604836 0.006421498 0.065130465 0.971552074
1403636742.663556 -0.465478331 2.763232708 1.019544482 -0.226959556 0.008894397 0.064472519 0.971727133
1403636742.713556 -0.453631222 2.773810148 1.019753933 -0.225814432 0.010803889 0.064054459 0.972002268
1403636742.763556 -0.458990008 2.779749632 1.028894305 -0.225165531 0.012900416 0.063309722 0.972176015
1403636742.813555 -0.465799421 2.785464525 1.038128495 -0.224746734 0.014326639 0.062931873 0.972277462
1403636742.863556 -0.472467422 2.791461468 1.046984673 -0.223637998 0.015704582 0.063352324 0.972484529
1403636742.913555 -0.487616003 2.796323061 1.057734251 -0.222829327 0.016368048 0.063786052 0.972630858
1403636742.963556 -0.500963032 2.801724434 1.067194939 -0.223447040 0.016598957 0.064645246 0.972428441
1403636743.013556 -0.516196966 2.807297230 1.077133298 -0.225435495 0.014630175 0.065582179 0.971938252
1403636743.063555 -0.533285022 2.813018084 1.087120771 -0.227898672 0.009428008 0.068661220 0.971215308
1403636743.113555 -0.552281559 2.818497181 1.089916110 -0.230213553 0.000903078 0.073057085 0.970393419
1403636743.163556 -0.568646789 2.824594498 1.099621534 -0.232305020 -0.009952195 0.077545822 0.969495654
1403636743.213556 -0.583100796 2.831330299 1.109292269 -0.234288663 -0.017952578 0.080486588 0.968663156
1403636743.263556 -0.595968485 2.838763952 1.118956208 -0.236745819 -0.026662709 0.081895344 0.967746615
1403636743.313555 -0.604147136 2.847252846 1.130287647 -0.238047078 -0.030093765 0.084565371 0.967096984
1403636743.363556 -0.610483706 2.856421709 1.141399980 -0.238816455 -0.031727437 0.087124228 0.966627836
1403636743.413555 -0.613497019 2.866916180 1.153454900 -0.239712015 -0.031467915 0.088507921 0.966288865
1403636743.463556 -0.614027917 2.878670216 1.166829944 -0.240750432 -0.027788458 0.088133521 0.966177762
1403636743.513556 -0.614634752 2.891428471 1.181043148 -0.241908699 -0.024287891 0.087147288 0.966072261
1403636743.563555 -0.616131306 2.905169249 1.196449518 -0.242951855 -0.019333595 0.085690849 0.966052592
1403636743.613555 -0.634127676 2.921322584 1.210837007 -0.243936956 -0.014504399 0.081936829 0.966214597
1403636743.663556 -0.638433695 2.936605215 1.229405522 -0.244957209 -0.011442544 0.079070903 0.966236293
1403636743.713556 -0.643921852 2.952758074 1.249379396 -0.246306479 -0.006896351 0.075896822 0.966190994
1403636743.763556 -0.650593758 2.969308138 1.270066500 -0.249018759 -0.001906325 0.073363207 0.965714097
1403636743.813555 -0.656507075 2.984624386 1.291341186 -0.252073228 0.001243122 0.073977582 0.964875460
1403636743.863556 -0.665337384 3.000684500 1.313658834 -0.254425704 0.005138077 0.077101029 0.964000225
1403636743.913555 -0.675036848 3.016862392 1.336524010 -0.258052140 0.007956425 0.075875841 0.963113904
1403636743.963556 -0.686332226 3.033086777 1.360143304 -0.260874331 0.010570387 0.075123191 0.962387204
1403636744.013556 -0.699176967 3.049420595 1.384820700 -0.262864321 0.012017688 0.075877175 0.961769462
1403636744.063555 -0.723673463 3.067565918 1.407573223 -0.266751498 0.013606477 0.074690349 0.960770369
1403636744.113555 -0.739532411 3.083833218 1.433100104 -0.270890474 0.014275849 0.075712375 0.959521711
1403636744.163556 -0.756474972 3.099513292 1.458534360 -0.274971068 0.015452577 0.076970272 0.958241880
1403636744.213556 -0.775729775 3.114390612 1.483569026 -0.277829975 0.017302832 0.079576805 0.957172155
1403636744.263556 -0.795471311 3.128093481 1.509883761 -0.279956490 0.020000128 0.082835235 0.956223011
1403636744.313555 -0.817287505 3.141790390 1.535384774 -0.281949133 0.020741338 0.084911771 0.955439329
1403636744.363556 -0.840613306 3.155319214 1.561250210 -0.282885760 0.021698462 0.088506736 0.954814732
1403636744.413555 -0.868182838 3.169089794 1.585333586 -0.282747447 0.022969566 0.092173666 0.954479039
1403636744.463556 -0.894176006 3.182214737 1.610858917 -0.282226741 0.024233829 0.096075594 0.954217076
1403636744.513556 -0.921530843 3.195444584 1.635942698 -0.280183524 0.026200030 0.101410016 0.954215229
1403636744.563555 -0.950152397 3.209408998 1.660380840 -0.279585272 0.028336985 0.102326103 0.954231799
1403636744.613555 -0.979392767 3.222991705 1.684424996 -0.278233141 0.030524930 0.104857706 0.954284728
1403636744.663556 -1.010047436 3.237825871 1.707833886 -0.277780473 0.032344390 0.104983382 0.954342842
1403636744.713556 -1.042018771 3.253234625 1.730184793 -0.278641552 0.033669282 0.101909496 0.954379201
1403636744.763556 -1.077586055 3.272456646 1.753747344 -0.280353308 0.032970045 0.096645743 0.954449832
1403636744.813555 -1.109309912 3.287735701 1.772952199 -0.281832933 0.031455606 0.092868879 0.954440117
1403636744.863556 -1.140035629 3.302239656 1.790040970 -0.282942683 0.028615499 0.089716740 0.954502702
1403636744.913555 -1.169717312 3.316283464 1.805317044 -0.283760995 0.023771435 0.087251522 0.954621255
1403636744.963556 -1.197094321 3.329649210 1.817098856 -0.283287376 0.020643171 0.086486705 0.954904199
1403636745.013556 -1.222975254 3.346494436 1.836319327 -0.282113105 0.016137544 0.087086476 0.955284119
1403636745.063555 -1.246037841 3.359623432 1.848092079 -0.280815840 0.012211172 0.086810365 0.955749571
1403636745.113555 -1.267951012 3.372349262 1.859347701 -0.278773040 0.007460259 0.087611571 0.956323266
1403636745.163556 -1.287899256 3.385080576 1.870139241 -0.276095152 0.006160500 0.089774907 0.956908524
1403636745.213556 -1.306995630 3.397983551 1.881398797 -0.274493188 0.005135479 0.087778352 0.957560480
1403636745.263556 -1.325148344 3.411202431 1.892504811 -0.272318870 0.004007837 0.086789794 0.958276510
1403636745.313555 -1.342017889 3.424639225 1.903595924 -0.270542026 0.004486415 0.084662676 0.958967745
1403636745.363556 -1.356108427 3.438257217 1.914194942 -0.268910587 0.008428660 0.081433572 0.959679425
1403636745.413555 -1.367216229 3.451812267 1.923419952 -0.267967552 0.013148980 0.078616977 0.960124910
1403636745.463556 -1.376073241 3.464937449 1.931489229 -0.267909110 0.016763084 0.075527824 0.960332870
1403636745.513556 -1.373886466 3.486950636 1.953494191 -0.267696857 0.019732542 0.075290687 0.960354090
1403636745.563555 -1.379757881 3.499346018 1.960419416 -0.268341243 0.021348286 0.075356722 0.960134506
1403636745.613555 -1.384265304 3.511146545 1.966608882 -0.269965053 0.022611583 0.075720243 0.959621668
1403636745.663556 -1.387112498 3.522187710 1.972046256 -0.272179395 0.023287259 0.076093994 0.958950222
1403636745.713556 -1.390736222 3.530901909 1.973770380 -0.275004089 0.023801260 0.075911850 0.958145797
1403636745.763556 -1.390848279 3.540220976 1.976718307 -0.278538853 0.023327213 0.075133398 0.957197309
1403636745.813555 -1.389637709 3.548732996 1.979079485 -0.281746686 0.021941241 0.075172663 0.956287682
1403636745.863556 -1.386192322 3.556667089 1.980960488 -0.285695732 0.021000564 0.074101835 0.955220163
1403636745.913555 -1.381499767 3.563648939 1.982373476 -0.289666772 0.020828079 0.073619843 0.954064548
1403636745.963556 -1.375038505 3.569511414 1.983305335 -0.294160396 0.019608159 0.071350813 0.952887177
1403636746.013556 -1.367943525 3.576687574 1.986185074 -0.298021734 0.018635273 0.070190594 0.951792538
1403636746.063555 -1.357885957 3.580051661 1.986293435 -0.301597297 0.017439270 0.068857804 0.950785756
1403636746.113555 -1.346378565 3.581854343 1.986122727 -0.305006385 0.015277088 0.067348972 0.949843049
1403636746.163556 -1.333100796 3.582230330 1.985989928 -0.307389379 0.015686043 0.066852033 0.949102998
1403636746.213556 -1.318230867 3.578519344 1.982715487 -0.309432864 0.017359372 0.066196106 0.948455632
1403636746.263556 -1.301721692 3.574894667 1.981007695 -0.310982853 0.021791551 0.065881230 0.947878957
1403636746.313555 -1.284911394 3.570031404 1.979769468 -0.312494487 0.029909018 0.063617215 0.947314918
1403636746.363556 -1.270180345 3.563407660 1.979000211 -0.312916100 0.036058847 0.063664794 0.946958363
1403636746.413555 -1.257789969 3.555281639 1.978914499 -0.313262045 0.038953807 0.063329764 0.946751714
1403636746.463556 -1.248631239 3.545591116 1.979833603 -0.311928958 0.037360042 0.066798717 0.947017729
1403636746.513556 -1.247468710 3.535751820 1.982105136 -0.310299188 0.033409059 0.070641570 0.947421789
1403636746.563555 -1.243540645 3.524103642 1.984453321 -0.307420015 0.025485063 0.076329663 0.948165178
1403636746.613555 -1.242139935 3.511964321 1.987743139 -0.304277122 0.015231222 0.082118198 0.948915184
1403636746.663556 -1.241965413 3.499784470 1.992078304 -0.300177038 0.005063850 0.089124151 0.949697316
1403636746.713556 -1.241384983 3.483507395 1.995090485 -0.295702100 -0.003669133 0.097321056 0.950302839
1403636746.763556 -1.241861582 3.470919132 2.000699282 -0.291614264 -0.008707656 0.104105204 0.950814068
1403636746.813555 -1.241715431 3.459902048 2.007439375 -0.288119912 -0.009555750 0.109272681 0.951291263
1403636746.863556 -1.241485596 3.450425863 2.014999151 -0.285340637 -0.008871863 0.112977676 0.951702714
1403636746.913555 -1.240637302 3.442536354 2.022990942 -0.283366174 -0.007086535 0.114326276 0.952146471
1403636746.963556 -1.239024401 3.436188221 2.030873537 -0.282375872 -0.005816164 0.113231421 0.952580035
1403636747.013556 -1.249834657 3.419872046 2.026919842 -0.281568944 -0.003124735 0.111937083 0.952984393
1403636747.063555 -1.242342472 3.416957855 2.033899307 -0.282970607 -0.000634421 0.105439231 0.953315139
1403636747.113555 -1.232257605 3.414991140 2.040164232 -0.285176963 0.001896620 0.098507389 0.953397512
1403636747.163556 -1.220460296 3.413626909 2.046950817 -0.286651164 0.005417349 0.093994237 0.953397512
1403636747.213556 -1.203324318 3.416638851 2.055313110 -0.289003551 0.007220346 0.087506473 0.953292966
1403636747.263556 -1.185667753 3.417296886 2.063080311 -0.290629923 0.008849323 0.083480313 0.953145862
1403636747.313555 -1.166268229 3.416998148 2.069959641 -0.291997075 0.008906771 0.080820024 0.952956736
1403636747.363556 -1.147142768 3.414884806 2.075692892 -0.292852193 0.009307642 0.079847269 0.952772439
1403636747.413555 -1.148318172 3.398815632 2.072592020 -0.294610083 0.010963465 0.078935228 0.952288747
1403636747.463556 -1.131973982 3.394956112 2.078975916 -0.296072751 0.010927876 0.078504927 0.951870978
1403636747.513556 -1.119146466 3.389485359 2.085038900 -0.296983600 0.009973979 0.080365799 0.951442361
1403636747.563555 -1.106420159 3.384216785 2.092397690 -0.297711730 0.008871581 0.081397623 0.951137960
1403636747.613555 -1.081863761 3.387201786 2.110574961 -0.298217028 0.008047303 0.083190165 0.950831831
1403636747.663556 -1.066187143 3.382685423 2.120663881 -0.299197704 0.006850599 0.083928682 0.950468242
1403636747.713556 -1.049407244 3.377245188 2.130089760 -0.300289214 0.006508605 0.084899269 0.950040042
1403636747.763556 -1.032833099 3.370406151 2.137495518 -0.301608682 0.005406917 0.085459299 0.949578643
1403636747.813555 -1.012752533 3.363714457 2.145682812 -0.302529901 0.005249867 0.086406335 0.949200749
1403636747.863556 -0.994129360 3.354794025 2.149835110 -0.303265840 0.006491619 0.088041946 0.948807836
1403636747.913555 -0.981223047 3.348952055 2.152657986 -0.301990330 0.010379183 0.094670705 0.948541820
1403636747.963556 -0.957058728 3.341560125 2.159598112 -0.300494939 0.015648501 0.102225460 0.948160291
1403636748.013556 -0.935573816 3.334538460 2.164784193 -0.298973173 0.018969346 0.109777488 0.947736323
1403636748.063555 -0.915431738 3.327968359 2.170141459 -0.298291922 0.021207614 0.115253553 0.947253346
1403636748.113555 -0.889082074 3.322859764 2.185412407 -0.298394859 0.021104129 0.117789999 0.946911156
1403636748.163556 -0.870616198 3.318331242 2.193279028 -0.298283398 0.021164188 0.121355124 0.946494639
1403636748.213556 -0.854079783 3.314873219 2.200721025 -0.299694449 0.019830931 0.120261997 0.946217239
1403636748.263556 -0.839580178 3.312672853 2.207828760 -0.302022189 0.017029082 0.115007199 0.946184993
1403636748.313555 -0.826933503 3.311701059 2.214918137 -0.304965436 0.014158187 0.108126402 0.946099520
1403636748.363556 -0.815324485 3.311524391 2.221995592 -0.307851315 0.011304417 0.100364894 0.946058571
1403636748.413555 -0.801818550 3.321821451 2.231854200 -0.309307188 0.009546390 0.093572594 0.946299076
1403636748.463556 -0.790137708 3.321784258 2.239255428 -0.310195357 0.009575798 0.090619810 0.946295500
1403636748.513556 -0.777395546 3.321490049 2.246029854 -0.311024249 0.009699972 0.087228760 0.946340799
1403636748.563555 -0.763679206 3.320542574 2.252070665 -0.311211109 0.010016462 0.087026343 0.946294665
1403636748.613555 -0.747564614 3.318039417 2.259021521 -0.310224384 0.012236833 0.090577364 0.946259320
1403636748.663556 -0.731250167 3.316026211 2.264595270 -0.309218824 0.014365981 0.094019480 0.946222782
1403636748.713556 -0.714601815 3.314112902 2.269932985 -0.307890415 0.016915178 0.098914072 0.946114838
1403636748.763556 -0.698991656 3.312436104 2.274977684 -0.306770056 0.018809853 0.103369698 0.945966661
1403636748.813555 -0.684703469 3.311294079 2.280108452 -0.306197613 0.020133363 0.107118495 0.945707738
1403636748.863556 -0.671432555 3.310739279 2.285420895 -0.306383103 0.021540150 0.109388001 0.945356846
1403636748.913555 -0.631097674 3.320301294 2.302421808 -0.306969881 0.021855010 0.112497471 0.944794178
1403636748.963556 -0.620202780 3.321424007 2.307256460 -0.308227926 0.022649869 0.113859251 0.944202602
1403636749.013556 -0.609826267 3.323650599 2.311825752 -0.309471726 0.023474511 0.115123548 0.943622112
1403636749.063555 -0.599845469 3.326857805 2.316697598 -0.309605896 0.024961429 0.118550807 0.943115473
1403636749.113555 -0.595190704 3.327636957 2.318154097 -0.309415638 0.027021319 0.122600526 0.942603230
1403636749.163556 -0.588454723 3.331353426 2.320397377 -0.309940547 0.028317096 0.124142155 0.942190886
1403636749.213556 -0.581472576 3.336099148 2.321379662 -0.311606735 0.028156083 0.122956917 0.941801429
1403636749.263556 -0.573088109 3.341660976 2.320408821 -0.315084130 0.026862461 0.117136121 0.941424131
1403636749.313555 -0.563314140 3.347805738 2.318295956 -0.318013608 0.025907340 0.111739583 0.941121876
1403636749.363556 -0.551417232 3.354351759 2.315415621 -0.320454836 0.024022717 0.107125282 0.940880299
1403636749.413555 -0.514519393 3.371572018 2.325189352 -0.322533965 0.021639027 0.103136152 0.940673470
1403636749.463556 -0.500577807 3.377627134 2.320499659 -0.324483484 0.020466944 0.098546930 0.940521181
1403636749.513556 -0.483195096 3.385729551 2.317401409 -0.325953305 0.018633723 0.094631359 0.940453172
1403636749.563555 -0.467793912 3.391838074 2.312283039 -0.327378899 0.016301194 0.090018310 0.940454125
1403636749.613555 -0.458754241 3.392861128 2.303443670 -0.328695893 0.015907558 0.085516453 0.940421641
1403636749.663556 -0.446641654 3.397006273 2.299009800 -0.328649700 0.015525957 0.084063105 0.940575182
1403636749.713556 -0.435858935 3.400276661 2.295630217 -0.327826828 0.016843135 0.084130146 0.940833747
1403636749.763556 -0.426120669 3.402958155 2.293098450 -0.326894373 0.020036558 0.084047250 0.941102862
1403636749.813555 -0.417643011 3.405169249 2.291155100 -0.325871766 0.024617950 0.083656691 0.941383600
1403636749.863556 -0.410497487 3.406815767 2.289797068 -0.324557960 0.029754549 0.083906040 0.941666901
1403636749.913555 -0.391975880 3.413435936 2.290363550 -0.323196828 0.032469895 0.083650492 0.942067921
1403636749.963556 -0.387185067 3.414165497 2.289825439 -0.321674824 0.035606693 0.082962468 0.942536235
1403636750.013556 -0.383758336 3.414109468 2.289309502 -0.319965810 0.037204500 0.082593173 0.943088472
1403636750.063555 -0.381434172 3.412828207 2.288354635 -0.318353981 0.037868280 0.082610473 0.943605900
1403636750.113555 -0.383558720 3.407941580 2.284177780 -0.316554844 0.036472820 0.083124802 0.944220722
1403636750.163556 -0.382508516 3.404011726 2.280773401 -0.315151244 0.034503214 0.083436236 0.944736719
1403636750.213556 -0.380255312 3.399073124 2.276002645 -0.313403845 0.033108685 0.084304087 0.945290685
1403636750.263556 -0.376600236 3.393677235 2.270601034 -0.312131941 0.029674981 0.084264584 0.945828915
1403636750.313555 -0.370262861 3.388185740 2.264644146 -0.310218126 0.027607154 0.085321464 0.946426272
1403636750.363556 -0.361238241 3.382125139 2.257190704 -0.308961749 0.024394264 0.084561907 0.946993470
1403636750.413555 -0.353603333 3.368228912 2.242009640 -0.306889772 0.022862613 0.086705521 0.947511554
1403636750.463556 -0.339540094 3.361250877 2.232544661 -0.305377424 0.021326708 0.085695662 0.948127627
1403636750.513556 -0.322961926 3.353643179 2.221513510 -0.303555220 0.021501115 0.085017979 0.948769689
1403636750.563555 -0.303995311 3.345997572 2.209687948 -0.301914215 0.020489873 0.084107406 0.949396610
1403636750.613555 -0.282228798 3.338817596 2.199295759 -0.300107807 0.019689230 0.083890729 0.950005233
1403636750.663556 -0.259873003 3.331489325 2.186952114 -0.299452245 0.018941488 0.081817679 0.950407982
1403636750.713556 -0.236144587 3.323843479 2.173860788 -0.298174739 0.017743759 0.081552193 0.950855494
1403636750.763556 -0.212056875 3.315505266 2.159974337 -0.296948552 0.016312156 0.081415601 0.951276481
1403636750.813555 -0.187673137 3.305855989 2.144482374 -0.296346784 0.015037428 0.080569208 0.951557219
1403636750.863556 -0.163361877 3.293378353 2.125458479 -0.295509458 0.014157536 0.080324151 0.951851785
1403636750.913555 -0.147776708 3.272067308 2.106721401 -0.295841962 0.012451655 0.078707919 0.951907277
1403636750.963556 -0.120942660 3.260085106 2.088909388 -0.296061307 0.010916686 0.077105291 0.951989114
1403636751.013556 -0.095110625 3.247795343 2.071650505 -0.296482414 0.009262749 0.076367475 0.951935053
1403636751.063555 -0.070335500 3.235136747 2.055197477 -0.296747059 0.008878791 0.076155588 0.951873183
1403636751.113555 -0.043691561 3.226014137 2.044937372 -0.296750128 0.008639939 0.076856881 0.951818109
1403636751.163556 -0.021425230 3.213633776 2.031978130 -0.296671063 0.006407013 0.079073228 0.951678872
1403636751.213556 -0.000215840 3.201072454 2.019891024 -0.297212720 0.001559326 0.079611413 0.951485217
1403636751.263556 0.020191431 3.188137531 2.008515358 -0.296864241 -0.002824748 0.082642116 0.951332688
1403636751.313555 0.040475726 3.175013542 1.997488379 -0.296521455 -0.004658847 0.085542403 0.951175928
1403636751.363556 0.060764242 3.162088633 1.987039328 -0.295784801 -0.003848488 0.089742124 0.951022029
1403636751.413555 0.078630328 3.147199869 1.982776523 -0.295574576 -0.000267528 0.093153603 0.950767100
1403636751.463556 0.099134482 3.135262966 1.973369360 -0.294526696 0.004166662 0.097870275 0.950609326
1403636751.513556 0.119567975 3.123892069 1.964086771 -0.293070078 0.008563955 0.100868210 0.950716674
1403636751.563555 0.139688224 3.112914085 1.955038428 -0.290582776 0.013098612 0.102174491 0.951288879
1403636751.613555 0.158250958 3.101157188 1.948161840 -0.287158132 0.015002608 0.103995457 0.952102959
1403636751.663556 0.176338777 3.091316462 1.939455867 -0.283892900 0.015385422 0.105214767 0.952941775
1403636751.713556 0.193072498 3.082337856 1.930724144 -0.280628473 0.012644774 0.106519118 0.953803658
1403636751.763556 0.208839446 3.074423075 1.921649694 -0.277678609 0.008627346 0.107751399 0.954573095
1403636751.813555 0.223980993 3.067834139 1.912605882 -0.274876893 0.004178024 0.109003060 0.955271482
1403636751.863556 0.239125013 3.063204765 1.903577566 -0.273991853 -0.001601374 0.106798887 0.955782354
1403636751.913555 0.258466244 3.070691824 1.903473020 -0.273498297 -0.005634882 0.102521271 0.956376612
1403636751.963556 0.274225652 3.068813562 1.895134926 -0.273712099 -0.008725954 0.097719893 0.956794798
1403636752.013556 0.290082604 3.068195581 1.887683153 -0.274243712 -0.010931402 0.093355857 0.957055628
1403636752.063555 0.305923939 3.068539381 1.881263733 -0.274519235 -0.010795681 0.090457395 0.957256496
1403636752.113555 0.321598828 3.068153620 1.872581124 -0.274572909 -0.009099951 0.088170618 0.957472086
1403636752.163556 0.337743431 3.069147110 1.867201447 -0.273716867 -0.004766424 0.085394368 0.958000004
1403636752.213556 0.353467613 3.070504904 1.862890124 -0.271728754 0.000111654 0.082371771 0.958842099
1403636752.263556 0.369431973 3.071821451 1.858887553 -0.267972469 0.004582985 0.079785615 0.960106194
1403636752.313555 0.386746138 3.073361874 1.855057478 -0.263132811 0.010006486 0.076743260 0.961650312
1403636752.363556 0.405177951 3.074781895 1.851230621 -0.256968081 0.014466978 0.073449507 0.963516057
1403636752.413555 0.430230558 3.081218243 1.853929520 -0.249584392 0.016748404 0.070405476 0.965644836
1403636752.463556 0.450575352 3.082538843 1.849176407 -0.240934402 0.016930871 0.067534871 0.968040705
1403636752.513556 0.471751839 3.083755016 1.844014764 -0.231942534 0.016639581 0.063373916 0.970520139
1403636752.563555 0.491715133 3.084904909 1.839015961 -0.222352743 0.014837283 0.059581030 0.973030806
1403636752.613555 0.509542704 3.083214998 1.832149267 -0.212275982 0.013282982 0.055339534 0.975551009
1403636752.663556 0.525680244 3.083581209 1.827123046 -0.202065676 0.010311076 0.051426809 0.977966368
1403636752.713556 0.540489495 3.084042549 1.822566867 -0.191492006 0.009778545 0.047846142 0.980278373
1403636752.763556 0.553600907 3.084632635 1.818593979 -0.180614859 0.008610226 0.044056885 0.982528806
1403636752.813555 0.575267613 3.084921598 1.816728711 -0.170393690 0.007049839 0.038302317 0.984606087
1403636752.863556 0.584675074 3.085110903 1.813450217 -0.159385547 0.005181747 0.033486344 0.986634672
1403636752.913555 0.593135059 3.085350275 1.810489535 -0.149188742 0.005475348 0.026024876 0.988450944
1403636752.963556 0.599534929 3.085235357 1.808395982 -0.138647601 0.004578937 0.018674491 0.990155041
1403636753.013556 0.603812933 3.085317135 1.806528091 -0.127697915 0.003237735 0.011577815 0.991740167
1403636753.063555 0.606679797 3.084522963 1.805521131 -0.116443522 0.002170621 0.004816761 0.993183196
1403636753.113555 0.608064055 3.082987309 1.805356383 -0.104644321 0.001503383 -0.001326120 0.994507611
1403636753.163556 0.608137310 3.080591917 1.805947065 -0.092525393 0.000859193 -0.007022516 0.995685101
1403636753.213556 0.606899083 3.077335119 1.807306409 -0.080314487 0.000286100 -0.012861080 0.996686459
1403636753.263556 0.604397893 3.073338747 1.809645772 -0.068561360 -0.000246507 -0.019840779 0.997449458
1403636753.313555 0.610386968 3.063469410 1.812842727 -0.057267394 -0.000901371 -0.028408764 0.997954130
1403636753.363556 0.605916977 3.057503700 1.816360712 -0.046039462 0.000347152 -0.033060987 0.998392284
1403636753.413555 0.601965129 3.050209522 1.819972992 -0.035840023 0.001433096 -0.035116058 0.998739302
1403636753.463556 0.599078178 3.041759729 1.823860288 -0.026535843 0.002173063 -0.034140240 0.999062300
1403636753.513556 0.596733272 3.033648491 1.828657985 -0.019038159 0.002492990 -0.033017389 0.999270320
1403636753.563555 0.596699417 3.024070024 1.830998540 -0.012698486 0.002922280 -0.030994227 0.999434590
1403636753.613555 0.598144472 3.013946533 1.831987381 -0.008219594 0.004619079 -0.029880621 0.999508977
1403636753.663556 0.600684106 3.003458023 1.831411839 -0.005213199 0.005084640 -0.028654058 0.999562800
1403636753.713556 0.602984905 2.992750883 1.830842495 -0.003307568 0.005175678 -0.027414918 0.999605238
1403636753.763556 0.605319202 2.981770754 1.830321193 -0.002721490 0.006348894 -0.027890041 0.999587059
1403636753.813555 0.609951913 2.966527700 1.823794723 -0.002845060 0.006606009 -0.028865971 0.999557436
1403636753.863556 0.609218717 2.954944372 1.822803378 -0.003509412 0.007271770 -0.028935362 0.999548733
1403636753.913555 0.607002199 2.942929029 1.822243452 -0.004006620 0.006977414 -0.027558584 0.999587834
1403636753.963556 0.603538096 2.930691957 1.821497321 -0.005129524 0.007498303 -0.027584551 0.999578238
1403636754.013556 0.600957811 2.920927763 1.820755124 -0.006605308 0.008121727 -0.027865294 0.999556839
1403636754.063555 0.599696815 2.908675432 1.819097042 -0.007731309 0.011375279 -0.026984144 0.999541283
1403636754.113555 0.600121796 2.896046638 1.816724658 -0.008740586 0.014935040 -0.026282072 0.999504805
1403636754.163556 0.601660252 2.882851362 1.813120246 -0.010243242 0.017598443 -0.026313901 0.999446332
1403636754.213556 0.603555083 2.869081974 1.808342695 -0.012279119 0.020114362 -0.027550327 0.999342620
1403636754.263556 0.606352329 2.854702950 1.801644921 -0.014108517 0.021214230 -0.028302740 0.999274671
1403636754.313555 0.607282758 2.837456703 1.791130662 -0.015868185 0.021449745 -0.028698448 0.999232054
1403636754.363556 0.612200618 2.821627855 1.782994628 -0.017064357 0.021480460 -0.030127149 0.999169588
1403636754.413555 0.617926478 2.804534197 1.773107648 -0.016402958 0.021265645 -0.030061355 0.999187291
1403636754.463556 0.623382449 2.786581755 1.762156606 -0.014406169 0.020769244 -0.030392036 0.999218464
1403636754.513556 0.627328515 2.769816399 1.753650188 -0.011792126 0.019902771 -0.031709347 0.999229431
1403636754.563555 0.629659414 2.750611782 1.742801309 -0.008182192 0.017987061 -0.034564294 0.999207199
1403636754.613555 0.630125284 2.730462313 1.731829643 -0.003200216 0.016149886 -0.037327174 0.999167562
1403636754.663556 0.629116714 2.709336996 1.720478535 0.003356204 0.015634455 -0.039623816 0.999086797
1403636754.713556 0.626667559 2.687336683 1.708768487 0.010965964 0.014428498 -0.041378208 0.998979270
1403636754.763556 0.623253822 2.664720535 1.696629286 0.019385833 0.014650820 -0.043706961 0.998748899
1403636754.813555 0.624679029 2.643170357 1.675523162 0.027078841 0.013990763 -0.046699587 0.998443961
1403636754.863556 0.618419707 2.619988918 1.662658334 0.034617487 0.013700686 -0.047881171 0.998159111
1403636754.913555 0.611132443 2.596499681 1.649237633 0.040392522 0.014149895 -0.050632622 0.997799933
1403636754.963556 0.602478623 2.572747231 1.635251403 0.046236418 0.013595523 -0.051517051 0.997508705
1403636755.013556 0.592052698 2.550765991 1.624866247 0.050398123 0.013106038 -0.054898128 0.997133255
1403636755.063555 0.581712246 2.526834965 1.611254096 0.054340944 0.013257013 -0.054840114 0.996927321
1403636755.113555 0.571945608 2.502547741 1.596165538 0.057409123 0.012858585 -0.056070447 0.996692121
1403636755.163556 0.562502086 2.477884054 1.579175949 0.060236141 0.012033060 -0.055700649 0.996556342
1403636755.213556 0.554335296 2.452844381 1.560555696 0.062462486 0.011842491 -0.055668030 0.996423364
1403636755.263556 0.547959268 2.427495241 1.540915012 0.063562363 0.009170731 -0.055904463 0.996368706
1403636755.313555 0.549184263 2.403316736 1.515082002 0.064492822 0.003684204 -0.056013416 0.996338248
1403636755.363556 0.546065629 2.377205610 1.493133307 0.064981833 -0.002561686 -0.055796903 0.996322155
1403636755.413555 0.544732273 2.350687027 1.471215010 0.064683788 -0.007783991 -0.056738321 0.996261299
1403636755.463556 0.545156002 2.323812246 1.450017571 0.064546287 -0.011269960 -0.056333136 0.996259868
1403636755.513556 0.542615771 2.297800779 1.430420876 0.063761212 -0.012194167 -0.057113279 0.996255100
1403636755.563555 0.541707456 2.270522594 1.411048055 0.062558316 -0.012147055 -0.058471594 0.996253133
1403636755.613555 0.539889753 2.242792130 1.392702579 0.061645102 -0.010263195 -0.059241999 0.996285737
1403636755.663556 0.536743522 2.214482069 1.375447750 0.061468955 -0.008817059 -0.057386369 0.996419072
1403636755.713556 0.532345474 2.185897350 1.358881712 0.061040405 -0.007936462 -0.056630835 0.996496022
1403636755.763556 0.527046978 2.157266617 1.343052149 0.060950074 -0.006300329 -0.054882266 0.996611118
1403636755.813555 0.520659566 2.129213333 1.323670149 0.060745072 -0.003649189 -0.053692933 0.996701479
1403636755.863556 0.513497174 2.100200415 1.309077024 0.060823161 -0.001885131 -0.052616831 0.996759057
1403636755.913555 0.506203294 2.071056604 1.295041203 0.060764387 0.000837259 -0.052333523 0.996778965
1403636755.963556 0.498990715 2.041751146 1.280960679 0.061132871 0.001654237 -0.051003739 0.996824384
1403636756.013556 0.493216425 2.010325193 1.267434359 0.061255727 0.002880727 -0.050274447 0.996851027
1403636756.063555 0.489018351 1.979981184 1.253161430 0.061474774 0.003790422 -0.049675845 0.996864557
1403636756.113555 0.486828923 1.949431777 1.238808990 0.061010215 0.004641062 -0.050960857 0.996824563
1403636756.163556 0.486517102 1.918306947 1.224049926 0.061012376 0.005769127 -0.051471766 0.996792316
1403636756.213556 0.487086594 1.887255311 1.208125830 0.061211493 0.006917516 -0.051096458 0.996792138
1403636756.263556 0.487727463 1.855884194 1.191328287 0.061591335 0.007079479 -0.050716955 0.996786952
1403636756.313555 0.477085471 1.831013799 1.165396810 0.062036380 0.007438996 -0.050529849 0.996766269
1403636756.363556 0.475748569 1.799369574 1.148248076 0.062384166 0.008024088 -0.051100180 0.996710956
1403636756.413555 0.471900642 1.768441677 1.130175233 0.062359460 0.008563383 -0.052010130 0.996660948
1403636756.463556 0.467067927 1.737667322 1.113074303 0.062943697 0.008831784 -0.051749129 0.996635437
1403636756.513556 0.465887338 1.706614137 1.101068497 0.063779131 0.008902215 -0.051411208 0.996599257
1403636756.563555 0.459036767 1.675618887 1.085564137 0.064057916 0.008922571 -0.051941697 0.996553659
1403636756.613555 0.450800747 1.644314289 1.069971204 0.064502962 0.009373145 -0.051733915 0.996531606
1403636756.663556 0.442127347 1.613004446 1.053900123 0.065171503 0.009428078 -0.051435571 0.996503055
1403636756.713556 0.433997303 1.581955194 1.036561251 0.065717772 0.010611250 -0.051534362 0.996450186
1403636756.763556 0.426180929 1.554923892 1.014698386 0.066566296 0.011828523 -0.051440865 0.996385038
1403636756.813555 0.419365704 1.524074078 0.994470775 0.067335635 0.012341707 -0.050955098 0.996352077
1403636756.863556 0.413453490 1.493400812 0.972557306 0.067954220 0.012124657 -0.050734337 0.996324062
1403636756.913555 0.409154743 1.462746263 0.949446499 0.068071790 0.011890659 -0.051162146 0.996296942
1403636756.963556 0.404722929 1.434244633 0.925788224 0.069020100 0.011535122 -0.050463069 0.996271551
1403636757.013556 0.401515603 1.404441833 0.900580883 0.069271185 0.011817751 -0.051047731 0.996221006
1403636757.063555 0.397587597 1.374500036 0.875104666 0.070414223 0.011287966 -0.049017955 0.996248901
1403636757.113555 0.393010288 1.344718456 0.849509776 0.070591807 0.011817814 -0.049262166 0.996218204
1403636757.163556 0.386888534 1.314945579 0.823867440 0.070753023 0.010975033 -0.049120441 0.996223330
1403636757.213556 0.382989138 1.284659147 0.808452904 0.070892967 0.011234131 -0.048743151 0.996228993
1403636757.263556 0.374380589 1.255376577 0.782683492 0.070932046 0.010976866 -0.049592532 0.996187150
1403636757.313555 0.364184439 1.226728439 0.757139444 0.070158072 0.010307208 -0.052193180 0.996116221
1403636757.363556 0.352599829 1.197839975 0.731556058 0.070538908 0.009181671 -0.051965289 0.996112227
1403636757.413555 0.339652568 1.169177294 0.707702100 0.070118114 0.007472872 -0.053739205 0.996062160
1403636757.463556 0.326605141 1.140184879 0.682426929 0.069593437 0.005426235 -0.055824243 0.995997488
1403636757.513556 0.310623109 1.112353086 0.662510037 0.070593432 0.003054103 -0.058270279 0.995797038
1403636757.563555 0.299832195 1.082322717 0.635854363 0.072935678 -0.001122172 -0.060113844 0.995522678
1403636757.613555 0.290208191 1.051548958 0.608848155 0.076208927 -0.007112918 -0.062183786 0.995125532
1403636757.663556 0.282697022 1.020361662 0.581407249 0.079283617 -0.013558479 -0.064033329 0.994700909
1403636757.713556 0.277372092 0.987959146 0.556729257 0.082795560 -0.019843969 -0.065229960 0.994231403
1403636757.763556 0.268192858 0.956930578 0.533091366 0.086241305 -0.024914339 -0.065872505 0.993781984
1403636757.813555 0.267964840 0.923620641 0.508032262 0.089469738 -0.029050957 -0.066743053 0.993326008
1403636757.863556 0.271241754 0.889520824 0.484067202 0.092701346 -0.031526353 -0.066210106 0.992989838
1403636757.913555 0.277503014 0.854923010 0.460276186 0.095495582 -0.031797644 -0.066050239 0.992727041
1403636757.963556 0.286984056 0.819352210 0.437820375 0.098628789 -0.029166440 -0.064424559 0.992608309
1403636758.013556 0.289189190 0.785733163 0.417315990 0.100744791 -0.021004409 -0.064273968 0.992611766
1403636758.063555 0.297848791 0.750520110 0.397720158 0.103082657 -0.014170791 -0.063396946 0.992549181
1403636758.113555 0.305134028 0.715579569 0.379298747 0.105092973 -0.007882470 -0.061732065 0.992513239
1403636758.163556 0.309565127 0.681367099 0.361557096 0.106409177 -0.002694449 -0.060925186 0.992450476
1403636758.213556 0.313431948 0.647625148 0.343994439 0.107803538 0.002333022 -0.060189147 0.992345810
1403636758.263556 0.315064132 0.614286482 0.326837420 0.108773194 0.004283869 -0.058929212 0.992309093
1403636758.313555 0.314722061 0.581354380 0.310203910 0.109668233 0.006003207 -0.057332058 0.992295206
1403636758.363556 0.311558813 0.549177766 0.294112235 0.110178582 0.004212359 -0.056324691 0.992305577
1403636758.413555 0.305462480 0.517472565 0.278388083 0.110855974 -0.002513606 -0.054174464 0.992355645
1403636758.463556 0.291146398 0.484545887 0.262897164 0.111622468 -0.011331243 -0.050999455 0.992376506
1403636758.513556 0.281699151 0.453529954 0.248829499 0.113043971 -0.022992726 -0.045972776 0.992259502
1403636758.563555 0.272115260 0.423503935 0.236337125 0.114778437 -0.034399215 -0.039912988 0.991992772
1403636758.613555 0.262451142 0.394376844 0.225462854 0.116253525 -0.043470126 -0.034754459 0.991659045
1403636758.663556 0.256167620 0.366722733 0.216405183 0.116200671 -0.045346022 -0.033421472 0.991627038
1403636758.713556 0.250807285 0.340247691 0.210154489 0.115729682 -0.038920876 -0.033570144 0.991950035
1403636758.763556 0.245210752 0.312252820 0.203342408 0.113957301 -0.029723929 -0.036558807 0.992367804
1403636758.813555 0.240064666 0.288109481 0.200855061 0.113879293 -0.021392675 -0.036825243 0.992581427
1403636758.863556 0.234756529 0.265360564 0.199599743 0.113008969 -0.012571084 -0.039657753 0.992722690
1403636758.913555 0.228253797 0.243877485 0.198787585 0.110978626 -0.006600157 -0.045000385 0.992781579
1403636758.963556 0.222572610 0.223948941 0.199215189 0.110215649 -0.001824439 -0.047143813 0.992787361
1403636759.013556 0.214380577 0.204247162 0.199022457 0.109728403 0.000479504 -0.049100041 0.992748082
1403636759.063555 0.205298707 0.184818387 0.198805511 0.110881858 0.002770878 -0.046801381 0.992727220
1403636759.113555 0.195226446 0.165827766 0.198737904 0.113588713 0.003432210 -0.039689001 0.992728949
1403636759.163556 0.184423298 0.147504702 0.198788449 0.117713548 0.003065237 -0.029009622 0.992619097
1403636759.213556 0.173344880 0.130616084 0.199145839 0.121643916 0.002399467 -0.018771417 0.992393434
1403636759.263556 0.166239411 0.109367929 0.192493096 0.124375656 0.001646614 -0.009981911 0.992183506
1403636759.313555 0.154127851 0.097145230 0.193223640 0.125411168 0.001522960 -0.007905479 0.992072165
1403636759.363556 0.141381338 0.087798059 0.194232419 0.123364098 0.003220286 -0.014559435 0.992249370
1403636759.413555 0.127646431 0.081058733 0.195512116 0.120640524 0.003808978 -0.022816645 0.992426634
1403636759.463556 0.111197047 0.078448929 0.197923020 0.118302315 0.005553597 -0.030615734 0.992489934
1403636759.513556 0.099100031 0.072159983 0.197464243 0.115511477 0.006242053 -0.038518362 0.992539465
1403636759.563555 0.082997493 0.069827452 0.198873580 0.114458784 0.007389447 -0.043929692 0.992428780
1403636759.613555 0.068321675 0.068225063 0.199448645 0.112902328 0.008308196 -0.050164111 0.992304265
1403636759.663556 0.055748910 0.067314722 0.198023468 0.112168387 0.008420494 -0.053823899 0.992194772
1403636759.713556 0.044542115 0.066097423 0.194077745 0.111641981 0.007894766 -0.056150630 0.992129505
1403636759.763556 0.038217939 0.063944422 0.190543979 0.112571009 0.008571985 -0.055605844 0.992049575
1403636759.813555 0.033668485 0.062374767 0.186074585 0.112110659 0.009791697 -0.057271618 0.991995633
1403636759.863556 0.029941741 0.060957216 0.180913895 0.112173937 0.008732014 -0.056716971 0.992030263
1403636759.913555 0.025078718 0.059765264 0.175270572 0.111962885 0.003549093 -0.057260711 0.992054939
1403636759.963556 0.019253017 0.061399013 0.168136239 0.111422680 -0.002239845 -0.057973947 0.992078125
1403636760.013556 0.012776049 0.060722306 0.162270531 0.111168295 -0.006939223 -0.057706576 0.992100477
1403636760.063555 0.005634572 0.060039531 0.156872213 0.111309171 -0.011306792 -0.056121808 0.992135465
1403636760.113555 -0.001742109 0.059549782 0.151999772 0.110483825 -0.015917422 -0.057114843 0.992107749
1403636760.163556 -0.011071877 0.056907389 0.147543266 0.109995961 -0.019427542 -0.057597369 0.992071569
1403636760.213556 -0.016440311 0.057529226 0.144293055 0.110408381 -0.015219005 -0.056352675 0.992170751
1403636760.263556 -0.022257201 0.057295069 0.141583636 0.110609926 -0.007837830 -0.055406317 0.992287338
1403636760.313555 -0.028511578 0.057168726 0.139136106 0.111582406 -0.000852533 -0.053321887 0.992323220
1403636760.363556 -0.035839040 0.057557762 0.136858344 0.111259654 0.003407119 -0.054316901 0.992300034
1403636760.413555 -0.043913092 0.058204625 0.134542704 0.111023240 0.007456659 -0.055803496 0.992221832
1403636760.463556 -0.054919824 0.058410447 0.134840026 0.110608250 0.008719276 -0.057174731 0.992179871
1403636760.513556 -0.064630181 0.059138265 0.131697565 0.109940164 0.007178175 -0.059077255 0.992154956
1403636760.563555 -0.074890614 0.059719261 0.128433689 0.109669037 0.002058032 -0.060445901 0.992126405
1403636760.613555 -0.085110739 0.060281392 0.124860458 0.109208412 -0.003423280 -0.061940677 0.992081225
1403636760.663556 -0.095007956 0.060570080 0.121252060 0.108414412 -0.007304914 -0.064551733 0.991980910
1403636760.713556 -0.103102289 0.060252197 0.116569921 0.107817136 -0.010555418 -0.066685125 0.991875589
1403636760.763556 -0.113206141 0.060390316 0.115872391 0.107394211 -0.010103405 -0.068752393 0.991785049
1403636760.813555 -0.121213526 0.059199613 0.113054194 0.107500806 -0.007488394 -0.069545172 0.991741419
1403636760.863556 -0.128920257 0.057495918 0.110140651 0.107283339 -0.003643369 -0.071206197 0.991668642
1403636760.913555 -0.136543825 0.055286486 0.107104443 0.107494935 -0.000402045 -0.072425641 0.991564035
1403636760.963556 -0.143657252 0.051511820 0.101186782 0.107510909 -0.000755171 -0.072501466 0.991556585
1403636761.013556 -0.152658358 0.048544120 0.097769082 0.108270571 -0.004584253 -0.071042009 0.991569281
1403636761.063555 -0.162700593 0.044741418 0.096208088 0.108924694 -0.009429387 -0.069195047 0.991593897
1403636761.113555 -0.171814531 0.039968353 0.093437672 0.109658934 -0.016161770 -0.067452453 0.991546214
1403636761.163556 -0.180981919 0.034800649 0.091099098 0.109789610 -0.023959260 -0.066920541 0.991410017
1403636761.213556 -0.189402550 0.029117063 0.089449681 0.109510116 -0.030747451 -0.068387993 0.991153479
1403636761.263556 -0.195028409 0.022207426 0.086407758 0.109693192 -0.035512928 -0.067400828 0.991041541
1403636761.313555 -0.201755121 0.015821030 0.087809652 0.109430663 -0.036609519 -0.068174452 0.990977764
1403636761.363556 -0.205705002 0.008303651 0.088851124 0.109935030 -0.033817388 -0.067501165 0.991067231
1403636761.413555 -0.207718611 0.000361236 0.090719558 0.110297590 -0.026687682 -0.066943370 0.991282403
1403636761.463556 -0.208411247 -0.007856555 0.093210265 0.110350631 -0.018652096 -0.066889107 0.991463900
1403636761.513556 -0.207315937 -0.016590143 0.094702668 0.110760331 -0.011361240 -0.065653950 0.991611123
1403636761.563555 -0.206364855 -0.025512008 0.098474659 0.110786654 -0.005066273 -0.064806841 0.991716146
1403636761.613555 -0.205329448 -0.034361999 0.101142749 0.110998958 -0.000326859 -0.063417614 0.991795063
1403636761.663556 -0.204333410 -0.042996671 0.103584439 0.112200364 0.001556491 -0.059066538 0.991927385
1403636761.713556 -0.203004345 -0.051548988 0.105541758 0.114148222 0.002645920 -0.052303847 0.992082477
1403636761.763556 -0.201954022 -0.059462942 0.106087036 0.116027057 0.002511898 -0.046291180 0.992163658
1403636761.813555 -0.198779851 -0.067994185 0.106649794 0.117401220 0.002260088 -0.041240446 0.992225289
1403636761.863556 -0.195889473 -0.074371867 0.107376367 0.118286945 0.001911695 -0.038250748 0.992240608
1403636761.913555 -0.192625940 -0.079286598 0.107845165 0.117562413 0.001201336 -0.039419863 0.992282093
1403636761.963556 -0.189044118 -0.083093882 0.108217314 0.115934320 0.000997675 -0.042943262 0.992327631
1403636762.013556 -0.185856253 -0.084983796 0.108896680 0.112589128 0.002623679 -0.051720243 0.992291212
1403636762.063555 -0.181747362 -0.088536456 0.106920302 0.108766265 0.004306546 -0.060617249 0.992208064
1403636762.113555 -0.177069828 -0.091161214 0.105881296 0.104205608 0.005861481 -0.072609939 0.991884291
1403636762.163556 -0.172849730 -0.094494469 0.104303800 0.100791626 0.005300476 -0.081083544 0.991583765
1403636762.213556 -0.169427693 -0.098878242 0.102374285 0.098949477 0.000538361 -0.084465235 0.991501033
1403636762.263556 -0.166896135 -0.103976935 0.102689758 0.098544136 -0.007252821 -0.083872855 0.991565287
1403636762.313555 -0.166846871 -0.110724367 0.099733874 0.098737530 -0.015345514 -0.081524625 0.991649687
1403636762.363556 -0.168154076 -0.118549727 0.099470586 0.099380180 -0.022747008 -0.078599557 0.991679549
1403636762.413555 -0.170795754 -0.127305984 0.101333238 0.100550205 -0.026840478 -0.074442439 0.991779983
1403636762.463556 -0.175053999 -0.137127787 0.104702212 0.103257589 -0.028921135 -0.066476405 0.992009223
1403636762.513556 -0.179425374 -0.148091957 0.112849019 0.108459741 -0.026016098 -0.052068114 0.992395341
1403636762.563555 -0.187196702 -0.157395869 0.116386726 0.113310806 -0.021161156 -0.038214501 0.992598832
1403636762.613555 -0.195712134 -0.166743353 0.124218240 0.118058428 -0.016243551 -0.024925265 0.992560863
1403636762.663556 -0.205635399 -0.174422726 0.133686155 0.120943986 -0.010425556 -0.017229259 0.992455006
1403636762.713556 -0.217215478 -0.179886743 0.144192815 0.120073147 -0.005244663 -0.020627141 0.992536783
1403636762.763556 -0.229277164 -0.184528366 0.155423373 0.118115723 -0.002005929 -0.027078137 0.992628515
1403636762.813555 -0.242666274 -0.186034963 0.166754588 0.115176216 0.000324108 -0.036439318 0.992676377
1403636762.863556 -0.244096935 -0.184068397 0.168089390 0.119864613 0.031696238 -0.026981456 0.991917193
1403636762.913555 -0.243928388 -0.178443670 0.162480459 0.116403677 0.043183684 -0.031730723 0.991755247
1403636762.963556 -0.252467662 -0.171181247 0.157607496 0.106446974 0.015272008 -0.045115985 0.993176877
1403636763.013556 -0.260532230 -0.164613441 0.152271912 0.096163377 0.005555376 -0.038344927 0.994611204
1403636763.063555 -0.263781011 -0.153540000 0.146463603 0.088439591 0.005275616 -0.025342183 0.995745182
1403636763.113555 -0.268727362 -0.147489145 0.141865894 0.082163006 0.016635401 -0.018117230 0.996315360
1403636763.163556 -0.269007742 -0.145028383 0.137839019 0.076308638 0.030578418 -0.013254197 0.996527135
1403636763.213556 -0.282249063 -0.145502150 0.138532147 0.074059114 0.021629507 -0.010066845 0.996968329
1403636763.263556 -0.282708228 -0.144379750 0.139005944 0.074537314 0.012799759 -0.008736444 0.997097850
1403636763.313555 -0.283824474 -0.143153846 0.139760152 0.074713610 0.016943749 -0.007837199 0.997030318
1403636763.363556 -0.284091055 -0.141666457 0.136234611 0.074922450 0.016816394 -0.008165269 0.997014105
1403636763.413555 -0.286006004 -0.141595706 0.135142475 0.074946374 0.015832949 -0.007122652 0.997036397
1403636763.463556 -0.289559901 -0.141037926 0.133133247 0.074632622 0.016243778 -0.007734509 0.997048795
1403636763.513556 -0.293443799 -0.140949309 0.130908623 0.074822016 0.016323362 -0.007117666 0.997037888
1403636763.563555 -0.301494330 -0.140470251 0.129802659 0.074792430 0.015706347 -0.007512728 0.997047126
1403636763.613555 -0.302881032 -0.139489412 0.125143409 0.074839048 0.015735352 -0.007228339 0.997045338
1403636763.663556 -0.304919839 -0.138881326 0.123043656 0.074817330 0.016456150 -0.007372101 0.997034252
1403636763.713556 -0.311370999 -0.138530612 0.119655147 0.074885920 0.015761415 -0.006996428 0.997043014
1403636763.763556 -0.315572381 -0.137794927 0.116646454 0.074651070 0.015822323 -0.007444724 0.997056425
1403636763.813555 -0.318641782 -0.136965215 0.112926908 0.074943222 0.015854100 -0.006772129 0.997038782
